timestamp,x_axis,y_axis,z_axis,fall,pitch,roll,tilt
2025-07-30T11:32:10.018600,0.09375,0.023438,1.011719,-1,1.3214467241062564,5.292729694872776,
2025-07-30T11:32:10.101601,0.097656,0.027344,1.011719,-1,1.5410127456422753,5.511384454141645,
2025-07-30T11:32:10.562972,0.097656,0.019531,1.015625,-1,1.096635444566442,5.49130150680882,
2025-07-30T11:32:11.075973,0.101562,0.023438,1.019531,-1,1.3104570312405632,5.687338012400963,
2025-07-30T11:32:11.567973,0.101562,0.019531,1.019531,-1,1.0920684431053218,5.687794094563548,
2025-07-30T11:32:12.067710,0.101562,0.019531,1.019531,-1,1.0920684431053218,5.687794094563548,
2025-07-30T11:32:12.563838,0.101562,0.019531,1.011719,-1,1.1004150083653357,5.731404990147706,
2025-07-30T11:32:13.063612,0.101562,0.019531,1.015625,-1,1.096225919859268,5.709516556822664,
2025-07-30T11:32:13.563799,0.097656,0.019531,1.011719,-1,1.1008292476542405,5.512363913338462,
2025-07-30T11:32:14.065094,0.101562,0.019531,1.03125,-1,1.079781126273517,5.6235985165999605,
2025-07-30T11:32:14.564150,0.101562,0.03125,1.011719,-1,1.760348960274538,5.729751307153566,
2025-07-30T11:32:15.068207,0.09375,0.019531,1.015625,-1,1.0970293430846303,5.272926545897011,
2025-07-30T11:32:15.567177,0.101562,0.023438,1.011719,-1,1.320471638188119,5.73093833714436,
2025-07-30T11:32:16.065738,0.101562,0.019531,1.011719,-1,1.1004150083653357,5.731404990147706,
2025-07-30T11:32:16.568005,0.101562,0.023438,1.011719,-1,1.320471638188119,5.73093833714436,
2025-07-30T11:32:17.065109,0.101562,0.019531,1.011719,-1,1.1004150083653357,5.731404990147706,
2025-07-30T11:32:17.566322,0.097656,0.027344,1.011719,-1,1.5410127456422753,5.511384454141645,
2025-07-30T11:32:18.067176,0.097656,0.023438,1.015625,-1,1.3159367403825732,5.490857590410248,
2025-07-30T11:32:18.567290,0.101562,0.023438,1.015625,-1,1.3154453731404354,5.709055229536082,
2025-07-30T11:32:19.070850,0.101562,0.027344,1.007812,-1,1.546342035635243,5.752437299101919,
2025-07-30T11:32:19.568873,0.097656,0.019531,1.011719,-1,1.1008292476542405,5.512363913338462,
2025-07-30T11:32:20.070506,0.101562,0.019531,1.015625,-1,1.096225919859268,5.709516556822664,
2025-07-30T11:32:20.566824,0.101562,0.023438,1.011719,-1,1.320471638188119,5.73093833714436,
2025-07-30T11:32:21.070597,0.097656,0.027344,1.019531,-1,1.5293183090240678,5.469441663586914,
2025-07-30T11:32:21.567213,0.097656,0.023438,1.015625,-1,1.3159367403825732,5.490857590410248,
2025-07-30T11:32:22.069169,0.101562,0.015625,1.007812,-1,0.8837604504292568,5.753853180920439,
2025-07-30T11:32:22.569191,0.097656,0.019531,1.023438,-1,1.0883414773947102,5.449649076031802,
2025-07-30T11:32:23.072345,0.105469,0.027344,1.007812,-1,1.5457331446156797,5.972158389671728,
2025-07-30T11:32:23.567598,0.101562,0.027344,1.019531,-1,1.528751660560781,5.68679928071572,
2025-07-30T11:32:24.070363,0.09375,0.027344,1.011719,-1,1.5415703713936395,5.292220126151441,
2025-07-30T11:32:24.570439,0.09375,0.023438,1.015625,-1,1.3164093585233636,5.272500078926647,
2025-07-30T11:32:25.070736,0.097656,0.019531,1.019531,-1,1.0924733243310982,5.470398926825157,
2025-07-30T11:32:25.569201,0.097656,0.019531,1.011719,-1,1.1008292476542405,5.512363913338462,
2025-07-30T11:32:26.070260,0.097656,0.019531,1.015625,-1,1.096635444566442,5.49130150680882,
2025-07-30T11:32:26.571351,0.101562,0.027344,1.011719,-1,1.540433003275586,5.730387121235732,
2025-07-30T11:32:27.070635,0.101562,0.03125,1.007812,-1,1.7671005791374312,5.751794117778727,
2025-07-30T11:32:27.569980,0.101562,0.027344,1.015625,-1,1.534570218789768,5.708510303318903,
2025-07-30T11:32:28.075285,0.097656,0.027344,1.011719,-1,1.5410127456422753,5.511384454141645,
2025-07-30T11:32:28.572858,0.09375,0.015625,1.019531,-1,0.8743395627361643,5.253190595534111,
2025-07-30T11:32:29.071885,0.101562,0.027344,1.007812,-1,1.546342035635243,5.752437299101919,
2025-07-30T11:32:29.571845,0.101562,0.027344,1.011719,-1,1.540433003275586,5.730387121235732,
2025-07-30T11:32:30.076603,0.105469,0.027344,1.003906,-1,1.551678854946124,5.995208899245587,
2025-07-30T11:32:30.572646,0.097656,0.019531,1.007812,-1,1.1050561809857185,5.533593435017922,
2025-07-30T11:32:31.073817,0.105469,0.015625,1.015625,-1,0.8766902678492122,5.928012997203151,
2025-07-30T11:32:31.575504,0.101562,0.023438,1.023438,-1,1.3055049243893393,5.665779316043311,
2025-07-30T11:32:32.076983,0.097656,0.015625,1.015625,-1,0.8773581510368312,5.491664693541132,
2025-07-30T11:32:32.578365,0.101562,0.023438,1.019531,-1,1.3104570312405632,5.687338012400963,
2025-07-30T11:32:33.077070,0.097656,0.03125,1.007812,-1,1.767770643174026,5.531983703641566,
2025-07-30T11:32:33.579710,0.101562,0.019531,1.007812,-1,1.1046371534171922,5.753466965599213,
2025-07-30T11:32:34.076803,0.097656,0.023438,1.019531,-1,1.310942827605342,5.469960060076996,
2025-07-30T11:32:34.582620,0.101562,0.027344,1.011719,-1,1.540433003275586,5.730387121235732,
2025-07-30T11:32:35.076617,0.097656,0.019531,1.019531,-1,1.0924733243310982,5.470398926825157,
2025-07-30T11:32:35.586021,0.097656,0.035156,1.019531,-1,1.965929648722189,5.468166257183099,
2025-07-30T11:32:36.099636,0.101562,0.019531,1.011719,-1,1.1004150083653357,5.731404990147706,
2025-07-30T11:32:36.590197,0.097656,0.023438,1.007812,-1,1.3260403277271895,5.533139183566787,
2025-07-30T11:32:37.088580,0.097656,0.023438,1.011719,-1,1.320968661596538,5.511914869651738,
2025-07-30T11:32:37.636635,0.101562,0.023438,1.015625,-1,1.3154453731404354,5.709055229536082,
2025-07-30T11:32:38.082634,0.09375,0.019531,1.011719,-1,1.1012276842157058,5.293161089962573,
2025-07-30T11:32:38.588170,0.09375,0.015625,1.015625,-1,0.8776733154570716,5.27327545655273,
2025-07-30T11:32:39.080886,0.101562,0.019531,1.011719,-1,1.1004150083653357,5.731404990147706,
2025-07-30T11:32:39.611884,0.097656,0.023438,1.007812,-1,1.3260403277271895,5.533139183566787,
2025-07-30T11:32:40.113881,0.101562,0.019531,1.019531,-1,1.0920684431053218,5.687794094563548,
2025-07-30T11:32:40.626884,0.101562,0.015625,1.023438,-1,0.8704017331759631,5.666599141999504,
2025-07-30T11:32:41.111885,0.097656,0.027344,1.011719,-1,1.5410127456422753,5.511384454141645,
2025-07-30T11:32:41.617885,0.097656,0.023438,1.015625,-1,1.3159367403825732,5.490857590410248,
2025-07-30T11:32:42.109882,0.097656,0.023438,1.015625,-1,1.3159367403825732,5.490857590410248,
2025-07-30T11:32:42.618894,0.097656,0.019531,1.007812,-1,1.1050561809857185,5.533593435017922,
2025-07-30T11:32:43.139885,0.097656,0.023438,1.019531,-1,1.310942827605342,5.469960060076996,
2025-07-30T11:32:43.619884,0.101562,0.023438,1.011719,-1,1.320471638188119,5.73093833714436,
2025-07-30T11:32:44.090822,0.089844,0.03125,1.011719,-1,1.7622602958186873,5.072336701546659,
2025-07-30T11:32:44.591432,0.097656,0.019531,1.007812,-1,1.1050561809857185,5.533593435017922,
2025-07-30T11:32:45.098431,0.101562,0.015625,1.011719,-1,0.8803822409076365,5.731786779260077,
2025-07-30T11:32:45.588623,0.101562,0.023438,1.011719,-1,1.320471638188119,5.73093833714436,
2025-07-30T11:32:46.086818,0.101562,0.019531,1.011719,-1,1.1004150083653357,5.731404990147706,
2025-07-30T11:32:46.600195,0.101562,0.023438,1.015625,-1,1.3154453731404354,5.709055229536082,
2025-07-30T11:32:47.091087,0.097656,0.023438,1.019531,-1,1.310942827605342,5.469960060076996,
2025-07-30T11:32:47.595841,0.097656,0.027344,1.007812,-1,1.5469284777696457,5.53260261768973,
2025-07-30T11:32:48.091410,0.097656,0.019531,1.011719,-1,1.1008292476542405,5.512363913338462,
2025-07-30T11:32:48.606460,0.097656,0.019531,1.007812,-1,1.1050561809857185,5.533593435017922,
2025-07-30T11:32:49.092969,0.101562,0.019531,1.011719,-1,1.1004150083653357,5.731404990147706,
2025-07-30T11:32:49.589486,0.09375,0.027344,1.019531,-1,1.5298633312685426,5.251926026122262,
2025-07-30T11:32:50.092649,0.09375,0.019531,1.011719,-1,1.1012276842157058,5.293161089962573,
2025-07-30T11:32:50.588846,0.097656,0.027344,1.019531,-1,1.5293183090240678,5.469441663586914,
2025-07-30T11:32:51.088279,0.097656,0.019531,1.011719,-1,1.1008292476542405,5.512363913338462,
2025-07-30T11:32:51.591174,0.097656,0.019531,1.007812,-1,1.1050561809857185,5.533593435017922,
2025-07-30T11:32:52.091992,0.101562,0.023438,1.015625,-1,1.3154453731404354,5.709055229536082,
2025-07-30T11:32:52.591814,0.101562,0.019531,1.015625,-1,1.096225919859268,5.709516556822664,
2025-07-30T11:32:53.091776,0.105469,0.019531,1.019531,-1,1.0916480521930036,5.905080672497397,
2025-07-30T11:32:53.591487,0.09375,0.019531,1.019531,-1,1.0928627533063535,5.252845656272157,
2025-07-30T11:32:54.091173,0.097656,0.023438,1.015625,-1,1.3159367403825732,5.490857590410248,
2025-07-30T11:32:54.594704,0.097656,0.023438,1.007812,-1,1.3260403277271895,5.533139183566787,
2025-07-30T11:32:55.097446,0.097656,0.023438,1.007812,-1,1.3260403277271895,5.533139183566787,
2025-07-30T11:32:55.593442,0.09375,0.023438,1.015625,-1,1.3164093585233636,5.272500078926647,
2025-07-30T11:32:56.092329,0.097656,0.019531,1.019531,-1,1.0924733243310982,5.470398926825157,
2025-07-30T11:32:56.593281,0.097656,0.023438,1.019531,-1,1.310942827605342,5.469960060076996,
2025-07-30T11:32:57.095997,0.105469,0.023438,1.011719,-1,1.3199555843366804,5.949849890947574,
2025-07-30T11:32:57.590893,0.097656,0.019531,1.011719,-1,1.1008292476542405,5.512363913338462,
2025-07-30T11:32:58.092677,0.101562,0.019531,1.023438,-1,1.0879411710441662,5.6662302308459545,
2025-07-30T11:32:58.597140,0.101562,0.019531,1.015625,-1,1.096225919859268,5.709516556822664,
2025-07-30T11:32:59.096658,0.097656,0.023438,1.015625,-1,1.3159367403825732,5.490857590410248,
2025-07-30T11:32:59.624579,0.097656,0.019531,1.011719,-1,1.1008292476542405,5.512363913338462,
2025-07-30T11:33:00.094221,0.101562,0.023438,1.015625,-1,1.3154453731404354,5.709055229536082,
2025-07-30T11:33:00.594101,0.101562,0.027344,1.011719,-1,1.540433003275586,5.730387121235732,
2025-07-30T11:33:01.093841,0.105469,0.027344,1.015625,-1,1.5339751227367884,5.926577197538903,
2025-07-30T11:33:01.602402,0.101562,0.023438,1.007812,-1,1.3255375597477208,5.752994903340108,
2025-07-30T11:33:02.098005,0.101562,0.019531,1.015625,-1,1.096225919859268,5.709516556822664,
2025-07-30T11:33:02.599363,0.097656,0.015625,1.011719,-1,0.8807136806021469,5.512731295544052,
2025-07-30T11:33:03.098706,0.097656,0.023438,1.007812,-1,1.3260403277271895,5.533139183566787,
2025-07-30T11:33:03.594350,0.097656,0.019531,1.011719,-1,1.1008292476542405,5.512363913338462,
2025-07-30T11:33:04.099207,0.097656,0.027344,1.007812,-1,1.5469284777696457,5.53260261768973,
2025-07-30T11:33:04.595832,0.097656,0.027344,1.023438,-1,1.523535606961191,5.448702662753686,
2025-07-30T11:33:05.096427,0.101562,0.011719,1.023438,-1,0.6528371959903725,5.666886127383932,
2025-07-30T11:33:05.595196,0.101562,0.023438,1.019531,-1,1.3104570312405632,5.687338012400963,
2025-07-30T11:33:06.145509,0.097656,0.023438,1.007812,-1,1.3260403277271895,5.533139183566787,
2025-07-30T11:33:06.596190,0.097656,0.027344,1.019531,-1,1.5293183090240678,5.469441663586914,
2025-07-30T11:33:07.099435,0.097656,0.023438,1.015625,-1,1.3159367403825732,5.490857590410248,
2025-07-30T11:33:07.598482,0.097656,0.019531,1.011719,-1,1.1008292476542405,5.512363913338462,
2025-07-30T11:33:08.100455,0.101562,0.03125,1.019531,-1,1.7470019064939295,5.686177863953862,
2025-07-30T11:33:08.598743,0.101562,0.023438,1.019531,-1,1.3104570312405632,5.687338012400963,
2025-07-30T11:33:09.100835,0.09375,0.023438,1.015625,-1,1.3164093585233636,5.272500078926647,
2025-07-30T11:33:09.604214,0.101562,0.015625,1.019531,-1,0.8737040232760529,5.688167233955295,
2025-07-30T11:33:10.103440,0.09375,0.023438,1.019531,-1,1.3114100835472695,5.252424042755148,
2025-07-30T11:33:10.602098,0.101562,0.019531,1.019531,-1,1.0920684431053218,5.687794094563548,
2025-07-30T11:33:11.103216,0.097656,0.019531,1.015625,-1,1.096635444566442,5.49130150680882,
2025-07-30T11:33:11.601813,0.097656,0.019531,1.011719,-1,1.1008292476542405,5.512363913338462,
2025-07-30T11:33:12.106837,0.101562,0.023438,1.007812,-1,1.3255375597477208,5.752994903340108,
2025-07-30T11:33:12.603814,0.097656,0.03125,1.019531,-1,1.7476493577078047,5.468843703176392,
2025-07-30T11:33:13.106079,0.101562,0.023438,1.015625,-1,1.3154453731404354,5.709055229536082,
2025-07-30T11:33:13.604871,0.09375,0.023438,1.015625,-1,1.3164093585233636,5.272500078926647,
2025-07-30T11:33:14.105625,0.09375,0.027344,1.011719,-1,1.5415703713936395,5.292220126151441,
2025-07-30T11:33:14.605951,0.09375,0.019531,1.011719,-1,1.1012276842157058,5.293161089962573,
2025-07-30T11:33:15.109153,0.097656,0.023438,1.003906,-1,1.3311495826804904,5.554521528374394,
2025-07-30T11:33:15.603821,0.09375,0.019531,1.015625,-1,1.0970293430846303,5.272926545897011,
2025-07-30T11:33:16.107235,0.101562,0.019531,1.007812,-1,1.1046371534171922,5.753466965599213,
2025-07-30T11:33:16.606475,0.097656,0.019531,1.007812,-1,1.1050561809857185,5.533593435017922,
2025-07-30T11:33:17.108822,0.101562,0.023438,1.015625,-1,1.3154453731404354,5.709055229536082,
2025-07-30T11:33:17.608218,0.09375,0.035156,1.027344,-1,1.9518092432865368,5.21103623427718,
2025-07-30T11:33:18.106827,0.105469,0.023438,1.023438,-1,1.3050062132472742,5.882236532889773,
2025-07-30T11:33:18.609025,0.105469,0.019531,1.011719,-1,1.0999849083937463,5.950334117011105,
2025-07-30T11:33:19.109363,0.105469,0.023438,1.011719,-1,1.3199555843366804,5.949849890947574,
2025-07-30T11:33:19.621189,0.101562,0.027344,1.023438,-1,1.5229753597555504,5.665246687070361,
2025-07-30T11:33:20.113552,0.097656,0.027344,1.011719,-1,1.5410127456422753,5.511384454141645,
2025-07-30T11:33:20.612827,0.097656,0.019531,1.011719,-1,1.1008292476542405,5.512363913338462,
2025-07-30T11:33:21.123391,0.101562,0.015625,1.015625,-1,0.8770304838878512,5.7098939880956445,
2025-07-30T11:33:21.613161,0.101562,0.015625,1.011719,-1,0.8803822409076365,5.731786779260077,
2025-07-30T11:33:22.113780,0.105469,0.019531,1.015625,-1,1.0958007112656931,5.927621350470954,
2025-07-30T11:33:22.620881,0.097656,0.023438,1.015625,-1,1.3159367403825732,5.490857590410248,
2025-07-30T11:33:23.116849,0.101562,0.023438,1.007812,-1,1.3255375597477208,5.752994903340108,
2025-07-30T11:33:23.615824,0.101562,0.023438,1.011719,-1,1.320471638188119,5.73093833714436,
2025-07-30T12:04:09.762025,0.101562,0.019531,1.015625,-1,1.096225919859268,5.709516556822664,
2025-07-30T12:04:10.093290,0.101562,0.023438,1.007812,-1,1.3255375597477208,5.752994903340108,
2025-07-30T12:04:10.600289,0.101562,0.023438,1.011719,-1,1.320471638188119,5.73093833714436,
2025-07-30T12:04:11.093549,0.097656,0.023438,1.011719,-1,1.320968661596538,5.511914869651738,
2025-07-30T12:04:11.598186,0.097656,0.019531,1.015625,-1,1.096635444566442,5.49130150680882,
2025-07-30T12:04:12.095262,0.097656,0.023438,1.011719,-1,1.320968661596538,5.511914869651738,
2025-07-30T12:04:12.599902,0.09375,0.023438,1.019531,-1,1.3114100835472695,5.252424042755148,
2025-07-30T12:04:13.092271,0.09375,0.019531,1.015625,-1,1.0970293430846303,5.272926545897011,
2025-07-30T12:04:13.596292,0.09375,0.023438,1.019531,-1,1.3114100835472695,5.252424042755148,
2025-07-30T12:04:14.094369,-0.003906,-0.242188,0.765625,-1,-17.55336443493957,-0.2786933356731403,
2025-07-30T12:04:14.593610,-0.40625,0.507812,1.335938,-1,19.984972105414776,-15.86783091680085,
2025-07-30T12:04:15.099178,0.035156,0.441406,0.96875,-1,24.481917437737085,1.891423641749712,
2025-07-30T12:04:15.598299,0.085938,0.445312,0.878906,-1,26.760048622090373,4.9848269541500105,
2025-07-30T12:04:16.106668,0.113281,0.421875,0.839844,-1,26.464917065312605,6.87276609189885,
2025-07-30T12:04:16.594764,0.25,0.125,0.882812,-1,7.7579679937116115,15.662925170689658,
2025-07-30T12:04:17.094714,-0.5625,0.0625,-0.972656,-1,3.183797888024409,-29.990240064745617,
2025-07-30T12:04:17.591622,0.324219,-0.367188,0.855469,-1,-21.868820848555423,19.20167224422244,
2025-07-30T12:04:18.098254,0.332031,-0.328125,0.890625,-1,-19.04527123268656,19.280890398976943,
2025-07-30T12:04:18.593183,0.320312,-0.359375,0.890625,-1,-20.791711206648472,18.444586812720186,
2025-07-30T12:04:19.098192,0.621094,-0.355469,1.675781,1,-11.249306068133386,19.928744902233685,
2025-07-30T12:04:19.605184,0.855469,-0.257812,2.144531,1,-6.371366865582906,21.60631681939704,
2025-07-30T12:04:20.097074,0.6875,-0.484375,1.828125,1,-13.92834193915369,19.97745309309113,
2025-07-30T12:04:20.600200,0.355469,-0.367188,0.910156,-1,-20.59572731072153,19.91007322924412,
2025-07-30T12:04:21.095484,0.371094,-0.371094,0.851562,-1,-21.776473205600887,21.776473205600887,
2025-07-30T12:04:21.604236,0.375,-0.382812,0.867188,-1,-22.056777703567057,21.5838160382786,
2025-07-30T12:04:22.093627,0.335938,-0.816406,1.0625,-1,-36.22778416969123,14.074643646374671,
2025-07-30T12:04:22.602340,0.183594,-0.285156,0.699219,-1,-21.526757431481546,13.665128716771758,
2025-07-30T12:04:23.095488,0.265625,0.003906,0.835938,-1,0.2551469077524542,17.627828958268854,
2025-07-30T12:04:24.094940,-0.003906,0.019531,1.019531,-1,1.09746422581127,-0.2194687229956665,
2025-07-30T12:04:24.607655,0.003906,0.015625,1.011719,-1,0.8847997491400248,0.2211775386640661,
2025-07-30T12:04:25.092899,0.003906,0.019531,1.019531,-1,1.09746422581127,0.2194687229956665,
2025-07-30T12:04:25.594091,0.007812,0.023438,1.011719,-1,1.3270664176621851,0.4422825712764741,
2025-07-30T12:04:26.093837,0.007812,0.019531,1.015625,-1,1.1016594360549303,0.4406184048097211,
2025-07-30T12:04:27.105190,0.003906,0.015625,1.019531,-1,0.8780212720239244,0.2194832158151633,
2025-07-30T12:04:27.599815,0.007812,0.011719,1.011719,-1,0.6636222110785278,0.4423715596291307,
2025-07-30T12:04:28.597497,0.007812,0.015625,1.015625,-1,0.8813779281484703,0.4406477247589351,
2025-07-30T12:04:29.597825,0.003906,0.015625,1.019531,-1,0.8780212720239244,0.2194832158151633,
2025-07-30T12:04:30.596470,0.003906,0.019531,1.019531,-1,1.09746422581127,0.2194687229956665,
2025-07-30T12:04:31.097609,0.003906,0.007812,1.011719,-1,0.4423979374283344,0.2211973202646514,
2025-07-30T12:04:32.097923,-0.003906,0.015625,1.015625,-1,0.8813974792568712,-0.2203271203396046,
2025-07-30T12:04:32.600668,0.003906,0.019531,1.023438,-1,1.0932757087945513,0.2186312094366695,
2025-07-30T12:04:33.104207,0.003906,0.015625,1.019531,-1,0.8780212720239244,0.2194832158151633,
2025-07-30T12:04:33.605372,0.003906,0.019531,1.015625,-1,1.101683871375512,0.2203124597146971,
2025-07-30T12:04:34.108177,0.003906,0.023438,1.019531,-1,1.3169311513994295,0.2194510086854365,
2025-07-30T12:04:34.602763,0.003906,0.011719,1.023438,-1,0.6560387701732742,0.2186566827176238,
2025-07-30T12:04:35.099202,0.003906,0.015625,1.011719,-1,0.8847997491400248,0.2211775386640661,
2025-07-30T12:04:36.098816,0.007812,0.015625,1.019531,-1,0.878001944723601,0.4389599902946896,
2025-07-30T12:04:37.602823,0.003906,0.015625,1.023438,-1,0.8746699746402803,0.218645536959768,
2025-07-30T12:04:38.119824,0.003906,0.015625,1.023438,-1,0.8746699746402803,0.218645536959768,
2025-07-30T12:04:38.605826,0.007812,0.015625,1.023438,-1,0.8746508678011791,0.4372847060532876,
2025-07-30T12:04:39.608977,0.003906,0.019531,1.015625,-1,1.101683871375512,0.2203124597146971,
2025-07-30T12:04:40.107767,0.003906,0.011719,1.019531,-1,0.6585525540811924,0.2194944901765701,
2025-07-30T12:04:40.606225,0.003906,0.015625,1.023438,-1,0.8746699746402803,0.218645536959768,
2025-07-30T12:04:41.609004,0.003906,0.019531,1.019531,-1,1.09746422581127,0.2194687229956665,
2025-07-30T12:04:42.600849,0.007812,0.011719,1.015625,-1,0.6610703595179453,0.4406705335816567,
2025-07-30T12:04:43.111651,0.003906,0.015625,1.023438,-1,0.8746699746402803,0.218645536959768,
2025-07-30T12:04:44.119666,0.003906,0.015625,1.003906,-1,0.8916845813426613,0.2228984426624887,
2025-07-30T12:04:45.107931,-0.003906,0.015625,1.015625,-1,0.8813974792568712,-0.2203271203396046,
2025-07-30T12:04:45.609568,0.003906,0.015625,1.015625,-1,0.8813974792568712,0.2203271203396046,
2025-07-30T12:04:46.108808,0.007812,0.015625,1.019531,-1,0.878001944723601,0.4389599902946896,
2025-07-30T12:04:47.099823,0.007812,0.015625,1.019531,-1,0.878001944723601,0.4389599902946896,
2025-07-30T12:04:48.103825,0.003906,0.015625,1.019531,-1,0.8780212720239244,0.2194832158151633,
2025-07-30T12:04:49.111689,0.003906,0.023438,1.019531,-1,1.3169311513994295,0.2194510086854365,
2025-07-30T12:04:49.611726,0.003906,0.015625,1.007812,-1,0.8882292657912181,0.222034766746131,
2025-07-30T12:04:50.107562,0.003906,0.015625,1.011719,-1,0.8847997491400248,0.2211775386640661,
2025-07-30T12:04:50.606196,0.003906,0.019531,1.027344,-1,1.0891200973080457,0.2178002743837658,
2025-07-30T12:04:51.605010,-0.003906,0.011719,1.015625,-1,0.6610850246801468,-0.2203385252569125,
2025-07-30T12:04:52.106923,0.003906,0.015625,1.007812,-1,0.8882292657912181,0.222034766746131,
2025-07-30T12:04:52.603941,0.003906,0.011719,1.015625,-1,0.6610850246801468,0.2203385252569125,
2025-07-30T12:04:53.603212,0.003906,0.015625,1.019531,-1,0.8780212720239244,0.2194832158151633,
2025-07-30T12:04:54.123287,0.003906,0.011719,1.019531,-1,0.6585525540811924,0.2194944901765701,
2025-07-30T12:04:55.105805,0.003906,0.019531,1.015625,-1,1.101683871375512,0.2203124597146971,
2025-07-30T12:04:56.105236,0.003906,0.019531,1.015625,-1,1.101683871375512,0.2203124597146971,
2025-07-30T12:04:56.607865,0.003906,0.015625,1.023438,-1,0.8746699746402803,0.218645536959768,
2025-07-30T12:04:58.617125,0.003906,0.019531,1.015625,-1,1.101683871375512,0.2203124597146971,
2025-07-30T12:04:59.111861,0.003906,0.019531,1.019531,-1,1.09746422581127,0.2194687229956665,
2025-07-30T12:04:59.607842,-0.003906,0.011719,1.019531,-1,0.6585525540811924,-0.2194944901765701,
2025-07-30T12:05:00.108828,0.003906,0.015625,1.015625,-1,0.8813974792568712,0.2203271203396046,
2025-07-30T12:05:01.105930,0.007812,0.019531,1.015625,-1,1.1016594360549303,0.4406184048097211,
2025-07-30T12:05:02.611872,0.003906,0.015625,1.015625,-1,0.8813974792568712,0.2203271203396046,
2025-07-30T12:05:03.108002,0.003906,0.011719,1.015625,-1,0.6610850246801468,0.2203385252569125,
2025-07-30T12:05:04.608253,0.011719,0.011719,1.019531,-1,0.6585138893897594,0.6585138893897594,
2025-07-30T12:05:05.611845,0.007812,0.015625,1.015625,-1,0.8813779281484703,0.4406477247589351,
2025-07-30T12:05:06.110780,0.003906,0.015625,1.019531,-1,0.8780212720239244,0.2194832158151633,
2025-07-30T12:05:06.611360,0.003906,0.019531,1.015625,-1,1.101683871375512,0.2203124597146971,
2025-07-30T12:05:07.115110,0.003906,0.011719,1.019531,-1,0.6585525540811924,0.2194944901765701,
2025-07-30T12:05:07.612865,0.003906,0.015625,1.015625,-1,0.8813974792568712,0.2203271203396046,
2025-07-30T12:05:08.117669,0.007812,0.019531,1.023438,-1,1.0932518286812662,0.4372560522588153,
2025-07-30T12:05:09.109915,0.003906,0.015625,1.011719,-1,0.8847997491400248,0.2211775386640661,
2025-07-30T12:05:10.112903,0.007812,0.015625,1.015625,-1,0.8813779281484703,0.4406477247589351,
2025-07-30T12:05:10.620855,0.003906,0.019531,1.023438,-1,1.0932757087945513,0.2186312094366695,
2025-07-30T12:05:11.619197,-0.003906,0.015625,1.015625,-1,0.8813974792568712,-0.2203271203396046,
2025-07-30T12:05:13.110078,0.003906,0.015625,1.019531,-1,0.8780212720239244,0.2194832158151633,
2025-07-30T12:05:14.126828,0.003906,0.015625,1.019531,-1,0.8780212720239244,0.2194832158151633,
2025-07-30T12:05:15.114068,0.007812,0.011719,1.011719,-1,0.6636222110785278,0.4423715596291307,
2025-07-30T12:05:15.611301,0.003906,0.015625,1.011719,-1,0.8847997491400248,0.2211775386640661,
2025-07-30T12:05:17.137197,0.003906,0.015625,1.015625,-1,0.8813974792568712,0.2203271203396046,
2025-07-30T12:05:18.112588,0.003906,0.015625,1.015625,-1,0.8813974792568712,0.2203271203396046,
2025-07-30T12:05:19.618186,0.003906,0.019531,1.015625,-1,1.101683871375512,0.2203124597146971,
2025-07-30T12:05:20.115678,0.003906,0.019531,1.015625,-1,1.101683871375512,0.2203124597146971,
2025-07-30T12:05:20.620081,0.003906,0.011719,1.019531,-1,0.6585525540811924,0.2194944901765701,
2025-07-30T12:05:22.126951,0.003906,0.011719,1.007812,-1,0.6662095084908791,0.2220464389197426,
2025-07-30T12:05:22.635822,0.003906,0.023438,1.03125,-1,1.3019711020950449,0.2169585128990087,
2025-07-30T12:05:23.622875,-0.003906,0.011719,1.019531,-1,0.6585525540811924,-0.2194944901765701,
2025-07-30T12:05:24.614870,0.007812,0.015625,1.011719,-1,0.8847799707547714,0.4423484856673467,
2025-07-30T12:05:25.623349,0.003906,0.015625,1.011719,-1,0.8847997491400248,0.2211775386640661,
2025-07-30T12:05:26.120135,0.003906,0.015625,1.019531,-1,0.8780212720239244,0.2194832158151633,
2025-07-30T12:07:22.261587,0.003906,0.015625,1.015625,-1,0.8813974792568712,0.2203271203396046,
2025-07-30T12:07:23.097110,0.011719,0.019531,1.019531,-1,1.0973998019859776,0.6584365903262696,
2025-07-30T12:07:23.603813,0.003906,0.011719,1.023438,-1,0.6560387701732742,0.2186566827176238,
2025-07-30T12:07:24.597168,0.003906,0.019531,1.011719,-1,1.105936086165227,0.2211627076333394,
2025-07-30T12:07:25.596584,0.003906,0.015625,1.015625,-1,0.8813974792568712,0.2203271203396046,
2025-07-30T12:07:26.102398,0.003906,0.015625,1.019531,-1,0.8780212720239244,0.2194832158151633,
2025-07-30T12:07:27.099173,0.003906,0.015625,1.023438,-1,0.8746699746402803,0.218645536959768,
2025-07-30T12:07:27.599171,0.003906,0.015625,1.023438,-1,0.8746699746402803,0.218645536959768,
2025-07-30T12:07:28.103110,0.007812,0.007812,1.011719,-1,0.4423880470997661,0.4423880470997661,
2025-07-30T12:07:28.598414,0.003906,0.023438,1.019531,-1,1.3169311513994295,0.2194510086854365,
2025-07-30T12:07:29.097519,0.003906,0.015625,1.015625,-1,0.8813974792568712,0.2203271203396046,
2025-07-30T12:07:29.598300,0.003906,0.015625,1.019531,-1,0.8780212720239244,0.2194832158151633,
2025-07-30T12:07:30.096401,-0.207031,-0.148438,0.945312,-1,-8.720620791043828,-12.208174757236742,
2025-07-30T12:07:30.613058,-0.671875,0.328125,0.644531,-1,19.41390080047294,-42.89117393058012,
2025-07-30T12:07:31.099826,-0.703125,0.292969,0.742188,-1,15.990206553904022,-41.38647239350764,
2025-07-30T12:07:31.604192,-0.582031,0.386719,0.785156,-1,21.5875986548058,-33.62414846019138,
2025-07-30T12:07:32.102219,-0.511719,0.359375,0.84375,-1,20.0107599531086,-29.16054630851876,
2025-07-30T12:07:32.604185,-0.316406,0.390625,0.925781,-1,21.765153558679703,-17.478641395196437,
2025-07-30T12:07:33.099830,-0.046875,0.347656,0.949219,-1,20.09297525111789,-2.6549275801141814,
2025-07-30T12:07:33.602467,0.058594,0.324219,0.992188,-1,18.06650290048824,3.212888552608392,
2025-07-30T12:07:34.102479,0.132812,0.214844,0.984375,-1,12.20475087895859,7.509270292734139,
2025-07-30T12:07:34.606073,0.085938,0.175781,1.019531,-1,9.74849186353008,4.748436183276624,
2025-07-30T12:07:35.105062,-0.042969,0.136719,1.019531,-1,7.631098085459778,-2.3919649896692863,
2025-07-30T12:07:35.601899,-0.644531,0.144531,0.871094,-1,7.59717777126865,-36.126859690072415,
2025-07-30T12:07:36.103016,-0.394531,0.316406,0.464844,0,27.427199651480223,-35.05446929631754,
2025-07-30T12:07:36.608623,-0.140625,0.082031,1.003906,-1,4.626395340078635,-7.947836566203503,
2025-07-30T12:07:37.104540,0.113281,0.074219,1.023438,-1,4.1226982086133015,6.299761481794532,
2025-07-30T12:07:37.602950,0.09375,0.046875,1.015625,-1,2.631374308470744,5.268319322103713,
2025-07-30T12:07:38.106059,0.09375,0.050781,1.011719,-1,2.861186447562272,5.2875232232131895,
2025-07-30T12:07:38.602610,0.09375,0.050781,1.019531,-1,2.83948328129797,5.247335500760699,
2025-07-30T12:07:39.107226,0.097656,0.046875,1.011719,-1,2.6404782560531115,5.507512829482354,
2025-07-30T12:07:39.602819,0.097656,0.050781,1.011719,-1,2.8601527029218023,5.506495394373184,
2025-07-30T12:07:40.105820,0.09375,0.050781,1.011719,-1,2.861186447562272,5.2875232232131895,
2025-07-30T12:07:40.608283,0.097656,0.050781,1.015625,-1,2.849271774300692,5.485499930761555,
2025-07-30T12:07:41.109435,0.09375,0.046875,1.011719,-1,2.641432838271924,5.288500669135201,
2025-07-30T12:07:41.610312,0.097656,0.050781,1.011719,-1,2.8601527029218023,5.506495394373184,
2025-07-30T12:07:42.105382,0.101562,0.050781,1.011719,-1,2.8590779563830044,5.725306331821215,
2025-07-30T12:07:42.604525,0.097656,0.050781,1.015625,-1,2.849271774300692,5.485499930761555,
2025-07-30T12:07:43.102793,0.089844,0.050781,1.007812,-1,2.873169178262204,5.087892433583326,
2025-07-30T12:07:43.606823,0.097656,0.046875,1.011719,-1,2.6404782560531115,5.507512829482354,
2025-07-30T12:07:44.106663,0.097656,0.050781,1.011719,-1,2.8601527029218023,5.506495394373184,
2025-07-30T12:07:44.605831,0.09375,0.050781,1.011719,-1,2.861186447562272,5.2875232232131895,
2025-07-30T12:07:45.111251,0.09375,0.050781,1.011719,-1,2.861186447562272,5.2875232232131895,
2025-07-30T12:07:45.610876,0.09375,0.054688,1.015625,-1,3.0691859693497854,5.266309741957542,
2025-07-30T12:07:46.104496,0.09375,0.046875,1.011719,-1,2.641432838271924,5.288500669135201,
2025-07-30T12:07:46.608100,0.097656,0.046875,1.019531,-1,2.620458690654871,5.4656576997885225,
2025-07-30T12:07:47.106967,0.09375,0.050781,1.011719,-1,2.861186447562272,5.2875232232131895,
2025-07-30T12:07:47.608824,0.097656,0.046875,1.019531,-1,2.620458690654871,5.4656576997885225,
2025-07-30T12:07:48.107178,0.09375,0.050781,1.007812,-1,2.8721650965900967,5.307853075136797,
2025-07-30T12:07:48.613819,0.101562,0.046875,1.007812,-1,2.649601262613884,5.748367252807512,
2025-07-30T12:07:49.107610,0.097656,0.046875,1.007812,-1,2.650605164940015,5.528686136281714,
2025-07-30T12:07:49.610900,0.089844,0.046875,1.011719,-1,2.642349433852812,5.069333414832764,
2025-07-30T12:07:50.106111,0.09375,0.054688,1.015625,-1,3.0691859693497854,5.266309741957542,
2025-07-30T12:07:50.614129,0.097656,0.046875,1.011719,-1,2.6404782560531115,5.507512829482354,
2025-07-30T12:07:51.109775,0.09375,0.046875,1.011719,-1,2.641432838271924,5.288500669135201,
2025-07-30T12:07:51.609501,0.097656,0.046875,1.011719,-1,2.6404782560531115,5.507512829482354,
2025-07-30T12:07:52.116818,0.09375,0.050781,1.011719,-1,2.861186447562272,5.2875232232131895,
2025-07-30T12:07:52.612768,0.097656,0.050781,1.007812,-1,2.871119410846558,5.527656923701502,
2025-07-30T12:07:53.112658,0.097656,0.050781,1.015625,-1,2.849271774300692,5.485499930761555,
2025-07-30T12:07:53.613241,0.089844,0.054688,1.015625,-1,3.0702423620911774,5.048052360876663,
2025-07-30T12:07:54.115058,0.097656,0.050781,1.007812,-1,2.871119410846558,5.527656923701502,
2025-07-30T12:07:54.614127,0.09375,0.050781,1.019531,-1,2.83948328129797,5.247335500760699,
2025-07-30T12:07:55.111241,0.097656,0.046875,1.007812,-1,2.650605164940015,5.528686136281714,
2025-07-30T12:07:55.612653,0.097656,0.050781,1.015625,-1,2.849271774300692,5.485499930761555,
2025-07-30T12:07:56.117266,0.089844,0.054688,1.007812,-1,3.093811571516909,5.086868670906764,
2025-07-30T12:07:56.617195,0.09375,0.054688,1.011719,-1,3.0809120683057003,5.286467914894233,
2025-07-30T12:07:57.113047,0.101562,0.054688,1.019531,-1,3.055329730283558,5.680717692554989,
2025-07-30T12:07:57.616711,0.097656,0.050781,1.015625,-1,2.849271774300692,5.485499930761555,
2025-07-30T12:07:58.115158,0.09375,0.054688,1.015625,-1,3.0691859693497854,5.266309741957542,
2025-07-30T12:07:58.612851,0.101562,0.050781,1.011719,-1,2.8590779563830044,5.725306331821215,
2025-07-30T12:07:59.117229,0.089844,0.054688,1.011719,-1,3.081980619727564,5.067384002525061,
2025-07-30T12:07:59.614472,-0.195312,0.179688,0.539062,0,17.40089177055626,-18.969134152840542,
2025-07-30T12:08:00.118072,0.160156,0.496094,1.382812,-1,19.614802348927327,6.221576873486698,
2025-07-30T12:08:00.613711,0.066406,0.222656,0.964844,-1,12.964968236913492,3.836687490107384,
2025-07-30T12:08:01.117607,-0.011719,0.09375,1.03125,-1,5.194095376242906,-0.6484006694809462,
2025-07-30T12:08:01.616698,-0.019531,0.125,1.042969,-1,6.833123181122447,-1.065194085443082,
2025-07-30T12:08:02.115529,-0.394531,0.382812,0.777344,-1,23.70815381275428,-24.48071087126136,
2025-07-30T12:08:02.616071,-0.363281,0.355469,0.871094,-1,20.637971565067897,-21.11296070138796,
2025-07-30T12:08:03.114827,-0.011719,0.03125,1.160156,-1,1.542869230023156,-0.5785282124094191,
2025-07-30T12:08:03.622784,0.097656,0.015625,1.007812,-1,0.8840957216478543,5.533965078559686,
2025-07-30T12:08:04.114820,0.101562,0.019531,1.015625,-1,1.096225919859268,5.709516556822664,
2025-07-30T12:08:04.619565,0.097656,0.023438,1.011719,-1,1.320968661596538,5.511914869651738,
2025-07-30T12:08:05.119829,0.097656,0.019531,1.011719,-1,1.1008292476542405,5.512363913338462,
2025-07-30T12:08:05.623131,0.101562,0.023438,1.011719,-1,1.320471638188119,5.73093833714436,
2025-07-30T12:08:06.117773,0.101562,0.015625,1.011719,-1,0.8803822409076365,5.731786779260077,
2025-07-30T12:08:06.616182,0.101562,0.023438,1.011719,-1,1.320471638188119,5.73093833714436,
2025-07-30T12:08:07.121639,0.101562,0.011719,1.039062,-1,0.6431151418194846,5.582228331076241,
2025-07-30T12:08:07.617416,0.101562,0.027344,1.007812,-1,1.546342035635243,5.752437299101919,
2025-07-30T12:08:08.115956,0.09375,0.03125,1.015625,-1,1.7549349320536547,5.271415267431581,
2025-07-30T12:08:08.616798,0.097656,0.023438,1.007812,-1,1.3260403277271895,5.533139183566787,
2025-07-30T12:08:09.117395,0.097656,0.03125,1.011719,-1,1.7610113703374064,5.510772632906019,
2025-07-30T12:08:09.619300,0.09375,0.023438,1.019531,-1,1.3114100835472695,5.252424042755148,
2025-07-30T12:08:10.129435,0.09375,0.027344,1.019531,-1,1.5298633312685426,5.251926026122262,
2025-07-30T12:08:10.621463,0.09375,0.019531,1.011719,-1,1.1012276842157058,5.293161089962573,
2025-07-30T12:08:11.126416,0.097656,0.023438,1.019531,-1,1.310942827605342,5.469960060076996,
2025-07-30T12:08:11.622245,0.097656,0.023438,1.015625,-1,1.3159367403825732,5.490857590410248,
2025-07-30T12:08:12.118171,0.097656,0.019531,1.011719,-1,1.1008292476542405,5.512363913338462,
2025-07-30T12:08:12.618505,0.101562,0.023438,1.015625,-1,1.3154453731404354,5.709055229536082,
2025-07-30T12:08:13.179181,0.097656,0.027344,1.019531,-1,1.5293183090240678,5.469441663586914,
2025-07-30T12:08:13.625790,0.089844,0.019531,1.011719,-1,1.1016102658716944,5.073802764590405,
2025-07-30T12:08:14.117840,0.101562,0.027344,1.011719,-1,1.540433003275586,5.730387121235732,
2025-07-30T12:08:14.619176,0.097656,0.019531,1.015625,-1,1.096635444566442,5.49130150680882,
2025-07-30T12:08:15.119938,0.097656,0.019531,1.007812,-1,1.1050561809857185,5.533593435017922,
2025-07-30T12:08:15.622877,0.105469,0.023438,1.023438,-1,1.3050062132472742,5.882236532889773,
2025-07-30T12:08:16.122279,0.09375,0.015625,1.007812,-1,0.8844182054550733,5.3139133326096974,
2025-07-30T12:08:16.621793,0.09375,0.027344,1.019531,-1,1.5298633312685426,5.251926026122262,
2025-07-30T12:08:17.122976,0.09375,0.023438,1.011719,-1,1.3214467241062564,5.292729694872776,
2025-07-30T12:08:17.622862,0.097656,0.027344,1.007812,-1,1.5469284777696457,5.53260261768973,
2025-07-30T12:08:18.124267,0.101562,0.027344,1.015625,-1,1.534570218789768,5.708510303318903,
2025-07-30T12:08:18.625168,0.097656,0.015625,1.015625,-1,0.8773581510368312,5.491664693541132,
2025-07-30T12:08:19.125856,0.097656,0.023438,1.007812,-1,1.3260403277271895,5.533139183566787,
2025-07-30T12:08:19.623310,0.097656,0.019531,1.007812,-1,1.1050561809857185,5.533593435017922,
2025-07-30T12:08:20.133259,0.097656,0.023438,1.011719,-1,1.320968661596538,5.511914869651738,
2025-07-30T12:08:20.624393,0.09375,0.023438,1.019531,-1,1.3114100835472695,5.252424042755148,
2025-07-30T12:08:21.127534,0.09375,0.019531,1.015625,-1,1.0970293430846303,5.272926545897011,
2025-07-30T12:08:21.622880,0.097656,0.023438,1.007812,-1,1.3260403277271895,5.533139183566787,
2025-07-30T12:08:22.126852,0.097656,0.027344,1.015625,-1,1.5351433644771766,5.490333230245335,
2025-07-30T12:08:22.622279,0.097656,0.023438,1.015625,-1,1.3159367403825732,5.490857590410248,
2025-07-30T12:08:23.126694,0.101562,0.019531,1.019531,-1,1.0920684431053218,5.687794094563548,
2025-07-30T12:08:23.625644,0.097656,0.019531,1.015625,-1,1.096635444566442,5.49130150680882,
2025-07-30T12:08:24.123527,0.101562,0.019531,1.011719,-1,1.1004150083653357,5.731404990147706,
2025-07-30T12:08:24.628874,0.101562,0.023438,1.015625,-1,1.3154453731404354,5.709055229536082,
2025-07-30T12:08:25.126513,0.101562,0.023438,1.011719,-1,1.320471638188119,5.73093833714436,
2025-07-30T12:08:25.621199,0.09375,0.03125,1.015625,-1,1.7549349320536547,5.271415267431581,
2025-07-30T12:08:26.122812,0.097656,0.027344,1.011719,-1,1.5410127456422753,5.511384454141645,
2025-07-30T12:08:26.622187,0.097656,0.019531,1.019531,-1,1.0924733243310982,5.470398926825157,
2025-07-30T12:08:27.122394,0.09375,0.023438,1.007812,-1,1.3265239197783,5.313119893003362,
2025-07-30T12:08:27.638199,0.101562,0.023438,1.015625,-1,1.3154453731404354,5.709055229536082,
2025-07-30T12:08:28.125865,0.097656,0.027344,1.015625,-1,1.5351433644771766,5.490333230245335,
2025-07-30T12:08:28.634844,0.101562,0.019531,1.007812,-1,1.1046371534171922,5.753466965599213,
2025-07-30T12:08:29.128243,0.097656,0.019531,1.015625,-1,1.096635444566442,5.49130150680882,
2025-07-30T12:08:29.627174,0.097656,0.023438,1.015625,-1,1.3159367403825732,5.490857590410248,
2025-07-30T12:08:30.123817,0.097656,0.027344,1.019531,-1,1.5293183090240678,5.469441663586914,
2025-07-30T12:08:30.629125,0.101562,0.019531,1.007812,-1,1.1046371534171922,5.753466965599213,
2025-07-30T12:08:31.124879,0.097656,0.023438,1.011719,-1,1.320968661596538,5.511914869651738,
2025-07-30T12:08:31.630211,0.097656,0.027344,1.019531,-1,1.5293183090240678,5.469441663586914,
2025-07-30T12:08:32.130728,0.097656,0.019531,1.011719,-1,1.1008292476542405,5.512363913338462,
2025-07-30T12:08:32.628605,0.101562,0.027344,1.015625,-1,1.534570218789768,5.708510303318903,
2025-07-30T12:08:33.133374,0.097656,0.027344,1.011719,-1,1.5410127456422753,5.511384454141645,
2025-07-30T12:08:33.635913,0.097656,0.019531,1.007812,-1,1.1050561809857185,5.533593435017922,
2025-07-30T12:08:34.135814,0.097656,0.023438,1.007812,-1,1.3260403277271895,5.533139183566787,
2025-07-30T12:08:34.629195,0.097656,0.023438,1.011719,-1,1.320968661596538,5.511914869651738,
2025-07-30T12:08:35.136233,0.097656,0.019531,1.011719,-1,1.1008292476542405,5.512363913338462,
2025-07-30T12:08:35.629168,0.097656,0.015625,1.011719,-1,0.8807136806021469,5.512731295544052,
2025-07-30T12:08:36.130760,0.101562,0.027344,1.003906,-1,1.5522948021877958,5.774651478060479,
2025-07-30T12:08:36.631857,0.097656,0.023438,1.007812,-1,1.3260403277271895,5.533139183566787,
2025-07-30T12:08:37.139803,0.101562,0.023438,1.015625,-1,1.3154453731404354,5.709055229536082,
2025-07-30T12:08:37.636187,0.09375,0.019531,1.019531,-1,1.0928627533063535,5.252845656272157,
2025-07-30T12:08:38.127641,0.09375,0.023438,1.015625,-1,1.3164093585233636,5.272500078926647,
2025-07-30T12:08:38.633803,0.097656,0.03125,1.015625,-1,1.7543050464272647,5.48972839226765,
2025-07-30T12:08:39.130859,0.097656,0.027344,1.011719,-1,1.5410127456422753,5.511384454141645,
2025-07-30T12:08:39.637824,0.097656,0.027344,1.011719,-1,1.5410127456422753,5.511384454141645,
2025-07-30T12:08:40.132372,0.101562,0.019531,1.015625,-1,1.096225919859268,5.709516556822664,
2025-07-30T12:08:40.635013,0.097656,0.023438,1.011719,-1,1.320968661596538,5.511914869651738,
2025-07-30T12:08:41.133055,0.097656,0.023438,1.019531,-1,1.310942827605342,5.469960060076996,
2025-07-30T12:08:41.636876,0.097656,0.027344,1.019531,-1,1.5293183090240678,5.469441663586914,
2025-07-30T12:08:42.133934,0.101562,0.023438,1.007812,-1,1.3255375597477208,5.752994903340108,
2025-07-30T12:08:42.634260,0.097656,0.023438,1.019531,-1,1.310942827605342,5.469960060076996,
2025-07-30T12:08:43.134219,0.097656,0.015625,1.007812,-1,0.8840957216478543,5.533965078559686,
2025-07-30T12:08:43.631859,0.101562,0.035156,1.007812,-1,1.987806652358858,5.751065445543517,
2025-07-30T12:08:44.140426,0.101562,0.023438,1.023438,-1,1.3055049243893393,5.665779316043311,
2025-07-30T12:08:44.636204,0.097656,0.03125,1.011719,-1,1.7610113703374064,5.510772632906019,
2025-07-30T12:08:45.137735,0.101562,0.023438,1.011719,-1,1.320471638188119,5.73093833714436,
2025-07-30T12:08:45.633882,0.097656,0.019531,1.003906,-1,1.109314447725214,5.554981066930625,
2025-07-30T12:08:46.141864,0.097656,0.023438,1.011719,-1,1.320968661596538,5.511914869651738,
2025-07-30T12:08:46.633822,0.105469,0.023438,1.015625,-1,1.3149351875620858,5.927142647836293,
2025-07-30T12:08:47.140859,0.09375,0.019531,1.015625,-1,1.0970293430846303,5.272926545897011,
2025-07-30T12:08:47.635325,0.09375,0.027344,1.011719,-1,1.5415703713936395,5.292220126151441,
2025-07-30T12:08:48.136852,0.097656,0.023438,1.019531,-1,1.310942827605342,5.469960060076996,
2025-07-30T12:08:48.638435,0.097656,0.023438,1.019531,-1,1.310942827605342,5.469960060076996,
2025-07-30T12:08:49.135829,0.097656,0.019531,1.019531,-1,1.0924733243310982,5.470398926825157,
2025-07-30T12:08:49.640506,0.101562,0.019531,1.015625,-1,1.096225919859268,5.709516556822664,
2025-07-30T12:08:50.139279,0.097656,0.023438,1.007812,-1,1.3260403277271895,5.533139183566787,
2025-07-30T12:08:50.639851,0.097656,0.023438,1.015625,-1,1.3159367403825732,5.490857590410248,
2025-07-30T12:08:51.137572,0.097656,0.03125,1.007812,-1,1.767770643174026,5.531983703641566,
2025-07-30T12:08:51.669791,0.101562,0.03125,1.011719,-1,1.760348960274538,5.729751307153566,
2025-07-30T12:08:52.137895,0.09375,0.023438,1.003906,-1,1.3316387882278131,5.333662026425789,
2025-07-30T12:08:52.643351,0.101562,0.019531,1.011719,-1,1.1004150083653357,5.731404990147706,
2025-07-30T12:08:53.137813,0.097656,0.019531,1.011719,-1,1.1008292476542405,5.512363913338462,
2025-07-30T12:08:53.638842,0.097656,0.023438,1.007812,-1,1.3260403277271895,5.533139183566787,
2025-07-30T12:08:54.135681,0.09375,0.023438,1.027344,-1,1.3015228417795306,5.212720744449159,
2025-07-30T12:08:54.668137,0.101562,0.035156,1.023438,-1,1.9577783364310704,5.663936259419807,
2025-07-30T12:08:55.139873,0.09375,0.023438,1.019531,-1,1.3114100835472695,5.252424042755148,
2025-07-30T12:08:55.638954,0.101562,0.023438,1.019531,-1,1.3104570312405632,5.687338012400963,
2025-07-30T12:08:56.144508,0.101562,0.027344,1.007812,-1,1.546342035635243,5.752437299101919,
2025-07-30T12:08:56.637176,0.09375,0.023438,1.019531,-1,1.3114100835472695,5.252424042755148,
2025-07-30T12:08:57.140113,0.097656,0.023438,1.007812,-1,1.3260403277271895,5.533139183566787,
2025-07-30T12:08:57.639550,0.097656,0.027344,1.011719,-1,1.5410127456422753,5.511384454141645,
2025-07-30T12:08:58.142269,0.097656,0.015625,1.015625,-1,0.8773581510368312,5.491664693541132,
2025-07-30T12:08:58.639275,0.09375,0.023438,1.011719,-1,1.3214467241062564,5.292729694872776,
2025-07-30T12:08:59.143722,0.09375,0.019531,1.015625,-1,1.0970293430846303,5.272926545897011,
2025-07-30T12:08:59.643913,0.101562,0.027344,1.015625,-1,1.534570218789768,5.708510303318903,
2025-07-30T12:09:00.144216,0.101562,0.019531,1.011719,-1,1.1004150083653357,5.731404990147706,
2025-07-30T12:09:00.639663,0.097656,0.023438,1.007812,-1,1.3260403277271895,5.533139183566787,
2025-07-30T12:09:01.142838,0.101562,0.023438,1.023438,-1,1.3055049243893393,5.665779316043311,
2025-07-30T12:09:01.639886,0.097656,0.019531,1.011719,-1,1.1008292476542405,5.512363913338462,
2025-07-30T12:09:02.140899,0.101562,0.023438,1.007812,-1,1.3255375597477208,5.752994903340108,
2025-07-30T12:09:02.645896,0.097656,0.019531,1.011719,-1,1.1008292476542405,5.512363913338462,
2025-07-30T12:09:03.147206,0.101562,0.023438,1.007812,-1,1.3255375597477208,5.752994903340108,
2025-07-30T12:09:03.644874,0.097656,0.027344,1.011719,-1,1.5410127456422753,5.511384454141645,
2025-07-30T12:09:04.148700,0.097656,0.019531,1.019531,-1,1.0924733243310982,5.470398926825157,
2025-07-30T12:09:04.646045,0.101562,0.019531,1.015625,-1,1.096225919859268,5.709516556822664,
2025-07-30T12:09:05.146177,0.101562,0.03125,1.011719,-1,1.760348960274538,5.729751307153566,
2025-07-30T12:09:05.646913,0.097656,0.023438,1.011719,-1,1.320968661596538,5.511914869651738,
2025-07-30T12:09:06.147196,0.097656,0.03125,1.011719,-1,1.7610113703374064,5.510772632906019,
2025-07-30T12:09:06.655143,0.101562,0.027344,1.011719,-1,1.540433003275586,5.730387121235732,
2025-07-30T12:09:07.146629,0.09375,0.023438,1.015625,-1,1.3164093585233636,5.272500078926647,
2025-07-30T12:09:07.648717,0.097656,0.023438,1.011719,-1,1.320968661596538,5.511914869651738,
2025-07-30T12:09:08.154068,0.09375,0.023438,1.015625,-1,1.3164093585233636,5.272500078926647,
2025-07-30T12:09:08.652071,0.097656,0.023438,1.003906,-1,1.3311495826804904,5.554521528374394,
2025-07-30T12:09:09.147819,0.101562,0.027344,1.019531,-1,1.528751660560781,5.68679928071572,
2025-07-30T12:09:09.646950,0.101562,0.023438,1.015625,-1,1.3154453731404354,5.709055229536082,
2025-07-30T12:09:10.150961,0.105469,0.027344,1.011719,-1,1.5398310631655217,5.9492779174585095,
2025-07-30T12:09:10.655141,0.097656,0.027344,1.019531,-1,1.5293183090240678,5.469441663586914,
2025-07-30T12:09:11.147011,0.101562,0.019531,1.011719,-1,1.1004150083653357,5.731404990147706,
2025-07-30T12:09:11.649058,0.097656,0.027344,1.023438,-1,1.523535606961191,5.448702662753686,
2025-07-30T12:09:12.150057,0.101562,0.023438,1.007812,-1,1.3255375597477208,5.752994903340108,
2025-07-30T12:09:12.649810,0.101562,0.03125,1.007812,-1,1.7671005791374312,5.751794117778727,
2025-07-30T12:09:13.157799,0.101562,0.023438,1.011719,-1,1.320471638188119,5.73093833714436,
2025-07-30T12:09:13.648529,0.101562,0.019531,1.011719,-1,1.1004150083653357,5.731404990147706,
2025-07-30T12:09:14.146526,0.097656,0.019531,1.023438,-1,1.0883414773947102,5.449649076031802,
2025-07-30T12:09:14.648175,0.097656,0.027344,1.011719,-1,1.5410127456422753,5.511384454141645,
2025-07-30T12:09:15.147896,0.097656,0.023438,1.007812,-1,1.3260403277271895,5.533139183566787,
2025-07-30T12:09:15.653595,0.101562,0.027344,1.019531,-1,1.528751660560781,5.68679928071572,
2025-07-30T12:09:16.147909,0.101562,0.03125,1.015625,-1,1.7536501725886833,5.707881742753702,
2025-07-30T12:09:16.651946,0.097656,0.027344,1.023438,-1,1.523535606961191,5.448702662753686,
2025-07-30T12:09:17.152860,0.097656,0.035156,1.003906,-1,1.9962187970276104,5.552643268352429,
2025-07-30T12:09:17.651473,0.097656,0.027344,1.011719,-1,1.5410127456422753,5.511384454141645,
2025-07-30T12:09:18.146905,0.097656,0.023438,1.019531,-1,1.310942827605342,5.469960060076996,
2025-07-30T12:09:18.650711,0.097656,0.023438,1.015625,-1,1.3159367403825732,5.490857590410248,
2025-07-30T12:09:19.148711,0.097656,0.019531,1.019531,-1,1.0924733243310982,5.470398926825157,
2025-07-30T12:09:19.649711,0.09375,0.03125,1.019531,-1,1.7482720987558045,5.251351573569522,
2025-07-30T12:09:20.162713,0.097656,0.015625,1.011719,-1,0.8807136806021469,5.512731295544052,
2025-07-30T12:09:20.650745,0.097656,0.019531,1.011719,-1,1.1008292476542405,5.512363913338462,
2025-07-30T12:09:21.153606,0.097656,0.007812,1.011719,-1,0.4403546701592543,5.513221308524798,
2025-07-30T12:09:21.650606,0.097656,0.03125,1.019531,-1,1.7476493577078047,5.468843703176392,
2025-07-30T12:09:22.152671,0.101562,0.023438,1.015625,-1,1.3154453731404354,5.709055229536082,
2025-07-30T12:09:22.657778,0.105469,0.027344,1.011719,-1,1.5398310631655217,5.9492779174585095,
2025-07-30T12:09:23.151913,0.097656,0.019531,1.015625,-1,1.096635444566442,5.49130150680882,
2025-07-30T12:09:23.653913,0.09375,0.03125,1.011719,-1,1.761648509987566,5.291632351261424,
2025-07-30T12:09:24.155913,0.101562,0.023438,1.011719,-1,1.320471638188119,5.73093833714436,
2025-07-30T12:09:24.655913,0.09375,0.035156,1.015625,-1,1.9741238288343583,5.270756966972741,
2025-07-30T12:09:25.163689,0.09375,0.015625,1.015625,-1,0.8776733154570716,5.27327545655273,
2025-07-30T12:09:25.654707,0.097656,0.019531,1.011719,-1,1.1008292476542405,5.512363913338462,
2025-07-30T12:09:26.151706,0.097656,0.019531,1.023438,-1,1.0883414773947102,5.449649076031802,
2025-07-30T12:09:26.652714,0.097656,0.023438,1.015625,-1,1.3159367403825732,5.490857590410248,
2025-07-30T12:09:27.153709,0.101562,0.023438,1.011719,-1,1.320471638188119,5.73093833714436,
2025-07-30T12:09:27.655339,0.101562,0.03125,1.019531,-1,1.7470019064939295,5.686177863953862,
2025-07-30T12:09:28.153224,0.101562,0.023438,1.007812,-1,1.3255375597477208,5.752994903340108,
2025-07-30T12:09:28.659189,0.097656,0.019531,1.015625,-1,1.096635444566442,5.49130150680882,
2025-07-30T12:09:29.158186,0.097656,0.023438,1.011719,-1,1.320968661596538,5.511914869651738,
2025-07-30T12:09:29.658195,0.097656,0.027344,1.015625,-1,1.5351433644771766,5.490333230245335,
2025-07-30T12:09:30.158196,0.101562,0.015625,1.011719,-1,0.8803822409076365,5.731786779260077,
2025-07-30T12:09:30.656195,0.101562,0.027344,1.015625,-1,1.534570218789768,5.708510303318903,
2025-07-30T12:09:31.156158,0.101562,0.019531,1.011719,-1,1.1004150083653357,5.731404990147706,
2025-07-30T12:09:31.656158,0.101562,0.027344,1.011719,-1,1.540433003275586,5.730387121235732,
2025-07-30T12:09:32.157160,0.097656,0.023438,1.023438,-1,1.305985232173848,5.449215184021569,
2025-07-30T12:09:32.653599,0.101562,0.027344,1.015625,-1,1.534570218789768,5.708510303318903,
2025-07-30T12:09:33.162611,0.09375,0.019531,1.015625,-1,1.0970293430846303,5.272926545897011,
2025-07-30T12:09:33.655611,0.09375,0.019531,1.019531,-1,1.0928627533063535,5.252845656272157,
2025-07-30T12:09:34.151171,0.09375,0.019531,1.007812,-1,1.10545922659379,5.31355629360884,
2025-07-30T12:09:34.656229,0.101562,0.019531,1.011719,-1,1.1004150083653357,5.731404990147706,
2025-07-30T12:09:35.153176,0.097656,0.03125,1.015625,-1,1.7543050464272647,5.48972839226765,
2025-07-30T12:09:35.653209,0.097656,0.023438,1.015625,-1,1.3159367403825732,5.490857590410248,
2025-07-30T12:09:36.155875,0.089844,0.035156,1.019531,-1,1.9673025776269344,5.033083453078329,
2025-07-30T12:09:36.656258,0.101562,0.03125,1.015625,-1,1.7536501725886833,5.707881742753702,
2025-07-30T12:09:37.160179,0.097656,0.019531,1.011719,-1,1.1008292476542405,5.512363913338462,
2025-07-30T12:09:37.655177,0.097656,0.027344,1.019531,-1,1.5293183090240678,5.469441663586914,
2025-07-30T12:09:38.158176,0.101562,0.027344,1.011719,-1,1.540433003275586,5.730387121235732,
2025-07-30T12:09:38.658180,0.097656,0.027344,1.011719,-1,1.5410127456422753,5.511384454141645,
2025-07-30T12:09:39.155713,0.101562,0.023438,1.015625,-1,1.3154453731404354,5.709055229536082,
2025-07-30T12:09:39.655831,0.101562,0.003906,1.023438,-1,0.2176022002375821,5.667214203073819,
2025-07-30T12:09:40.155829,0.105469,0.035156,1.003906,-1,1.9946648930896336,5.993768850215194,
2025-07-30T12:09:40.656450,0.097656,0.023438,1.019531,-1,1.310942827605342,5.469960060076996,
2025-07-30T12:09:41.158590,0.101562,0.019531,1.003906,-1,1.1088905592360274,5.775693121741988,
2025-07-30T12:09:41.660589,0.09375,0.027344,1.015625,-1,1.5356946405659777,5.271996330330313,
2025-07-30T12:09:42.156190,0.101562,0.027344,1.011719,-1,1.540433003275586,5.730387121235732,
2025-07-30T12:09:42.656650,0.097656,0.019531,1.003906,-1,1.109314447725214,5.554981066930625,
2025-07-30T12:09:43.162204,0.09375,0.03125,1.007812,-1,1.768415150292096,5.312009820529051,
2025-07-30T12:09:43.658823,0.097656,0.035156,1.019531,-1,1.965929648722189,5.468166257183099,
2025-07-30T12:09:44.154482,0.101562,0.023438,1.011719,-1,1.320471638188119,5.73093833714436,
2025-07-30T12:09:44.661123,0.097656,0.019531,1.007812,-1,1.1050561809857185,5.533593435017922,
2025-07-30T12:09:45.158860,0.097656,0.027344,1.015625,-1,1.5351433644771766,5.490333230245335,
2025-07-30T12:09:45.659863,0.101562,0.023438,1.015625,-1,1.3154453731404354,5.709055229536082,
2025-07-30T12:09:46.161817,0.097656,0.023438,1.015625,-1,1.3159367403825732,5.490857590410248,
2025-07-30T12:09:46.661353,0.097656,0.019531,1.007812,-1,1.1050561809857185,5.533593435017922,
2025-07-30T12:09:47.162267,0.101562,0.023438,1.011719,-1,1.320471638188119,5.73093833714436,
2025-07-30T12:09:47.665267,0.097656,0.027344,1.019531,-1,1.5293183090240678,5.469441663586914,
2025-07-30T12:09:48.156692,0.097656,0.019531,1.011719,-1,1.1008292476542405,5.512363913338462,
2025-07-30T12:09:48.659878,0.101562,0.027344,1.007812,-1,1.546342035635243,5.752437299101919,
2025-07-30T12:09:49.158643,0.097656,0.023438,1.015625,-1,1.3159367403825732,5.490857590410248,
2025-07-30T12:09:49.663176,0.09375,0.027344,1.007812,-1,1.5474925525027987,5.312604412771978,
2025-07-30T12:09:50.160960,0.101562,0.019531,1.011719,-1,1.1004150083653357,5.731404990147706,
2025-07-30T12:09:50.659867,0.097656,0.019531,1.015625,-1,1.096635444566442,5.49130150680882,
2025-07-30T12:09:51.167781,0.101562,0.027344,1.023438,-1,1.5229753597555504,5.665246687070361,
2025-07-30T12:09:51.663903,0.101562,0.023438,1.011719,-1,1.320471638188119,5.73093833714436,
2025-07-30T12:09:52.162092,0.097656,0.023438,1.023438,-1,1.305985232173848,5.449215184021569,
2025-07-30T12:09:52.776824,0.101562,0.023438,1.011719,-1,1.320471638188119,5.73093833714436,
2025-07-30T12:09:53.164843,0.097656,0.03125,1.011719,-1,1.7610113703374064,5.510772632906019,
2025-07-30T12:09:53.659845,0.097656,0.023438,1.011719,-1,1.320968661596538,5.511914869651738,
2025-07-30T12:09:54.159949,0.097656,0.027344,1.011719,-1,1.5410127456422753,5.511384454141645,
2025-07-30T12:09:54.661033,0.097656,0.03125,1.003906,-1,1.77457999082531,5.553352603584124,
2025-07-30T12:09:55.164447,0.097656,0.03125,1.015625,-1,1.7543050464272647,5.48972839226765,
2025-07-30T12:09:55.663606,0.097656,0.023438,1.011719,-1,1.320968661596538,5.511914869651738,
2025-07-30T12:09:56.158575,0.09375,0.015625,1.003906,-1,0.8878290645100142,5.334464706149364,
2025-07-30T12:09:56.667814,0.101562,0.023438,1.011719,-1,1.320471638188119,5.73093833714436,
2025-07-30T12:09:57.162676,0.101562,0.019531,1.011719,-1,1.1004150083653357,5.731404990147706,
2025-07-30T12:09:57.662181,0.097656,0.023438,1.019531,-1,1.310942827605342,5.469960060076996,
2025-07-30T12:09:58.164367,0.09375,0.019531,1.011719,-1,1.1012276842157058,5.293161089962573,
2025-07-30T12:09:58.665264,0.09375,0.019531,1.003906,-1,1.109722172368678,5.334103508853673,
2025-07-30T12:09:59.163576,0.101562,0.019531,1.015625,-1,1.096225919859268,5.709516556822664,
2025-07-30T12:09:59.664586,0.101562,0.027344,1.015625,-1,1.534570218789768,5.708510303318903,
2025-07-30T12:10:00.164614,0.101562,0.023438,1.007812,-1,1.3255375597477208,5.752994903340108,
2025-07-30T12:10:00.665203,0.097656,0.023438,1.023438,-1,1.305985232173848,5.449215184021569,
2025-07-30T12:10:01.164290,0.097656,0.03125,1.015625,-1,1.7543050464272647,5.48972839226765,
2025-07-30T12:10:01.660978,0.097656,0.027344,1.019531,-1,1.5293183090240678,5.469441663586914,
2025-07-30T12:10:02.167335,0.097656,0.023438,1.015625,-1,1.3159367403825732,5.490857590410248,
2025-07-30T12:10:02.669515,0.101562,0.023438,1.023438,-1,1.3055049243893393,5.665779316043311,
2025-07-30T12:10:03.167174,0.097656,0.027344,1.015625,-1,1.5351433644771766,5.490333230245335,
2025-07-30T12:10:03.664059,0.097656,0.027344,1.015625,-1,1.5351433644771766,5.490333230245335,
2025-07-30T12:10:04.188059,0.097656,0.023438,1.007812,-1,1.3260403277271895,5.533139183566787,
2025-07-30T12:10:04.673154,0.097656,0.023438,1.011719,-1,1.320968661596538,5.511914869651738,
2025-07-30T12:10:05.167972,0.097656,0.023438,1.011719,-1,1.320968661596538,5.511914869651738,
2025-07-30T12:10:05.672696,0.097656,0.023438,1.019531,-1,1.310942827605342,5.469960060076996,
2025-07-30T12:10:06.170817,0.097656,0.019531,1.019531,-1,1.0924733243310982,5.470398926825157,
2025-07-30T12:10:06.670848,0.09375,0.027344,1.011719,-1,1.5415703713936395,5.292220126151441,
2025-07-30T12:10:07.172501,0.101562,0.023438,1.011719,-1,1.320471638188119,5.73093833714436,
2025-07-30T12:10:07.670789,0.101562,0.027344,1.007812,-1,1.546342035635243,5.752437299101919,
2025-07-30T12:10:08.171090,0.097656,0.023438,1.015625,-1,1.3159367403825732,5.490857590410248,
2025-07-30T12:10:08.688033,0.097656,0.019531,1.015625,-1,1.096635444566442,5.49130150680882,
2025-07-30T12:10:09.170244,0.097656,0.035156,1.019531,-1,1.965929648722189,5.468166257183099,
2025-07-30T12:10:09.676178,0.101562,0.023438,1.007812,-1,1.3255375597477208,5.752994903340108,
2025-07-30T12:10:10.192910,0.097656,0.019531,1.015625,-1,1.096635444566442,5.49130150680882,
2025-07-30T12:10:10.669874,0.09375,0.019531,1.007812,-1,1.10545922659379,5.31355629360884,
2025-07-30T12:10:11.168102,0.101562,0.027344,1.007812,-1,1.546342035635243,5.752437299101919,
2025-07-30T12:10:11.746161,0.09375,0.03125,1.011719,-1,1.761648509987566,5.291632351261424,
2025-07-30T12:10:12.167857,0.097656,0.023438,1.011719,-1,1.320968661596538,5.511914869651738,
2025-07-30T12:10:12.668834,0.097656,0.023438,1.011719,-1,1.320968661596538,5.511914869651738,
2025-07-30T12:10:13.172166,0.097656,0.023438,1.007812,-1,1.3260403277271895,5.533139183566787,
2025-07-30T12:10:13.669235,0.101562,0.019531,1.015625,-1,1.096225919859268,5.709516556822664,
2025-07-30T12:10:14.169853,0.097656,0.023438,1.007812,-1,1.3260403277271895,5.533139183566787,
2025-07-30T12:10:14.672449,0.101562,0.027344,1.015625,-1,1.534570218789768,5.708510303318903,
2025-07-30T12:10:15.172477,0.097656,0.027344,1.011719,-1,1.5410127456422753,5.511384454141645,
2025-07-30T12:10:15.672716,0.097656,0.023438,1.007812,-1,1.3260403277271895,5.533139183566787,
2025-07-30T12:10:16.185254,0.101562,0.023438,1.007812,-1,1.3255375597477208,5.752994903340108,
2025-07-30T12:10:16.675711,0.097656,0.023438,1.015625,-1,1.3159367403825732,5.490857590410248,
2025-07-30T12:10:17.185395,0.09375,0.019531,1.007812,-1,1.10545922659379,5.31355629360884,
2025-07-30T12:10:17.675925,0.097656,0.023438,1.011719,-1,1.320968661596538,5.511914869651738,
2025-07-30T12:10:18.174595,0.097656,0.023438,1.011719,-1,1.320968661596538,5.511914869651738,
2025-07-30T12:10:18.674797,0.09375,0.023438,1.015625,-1,1.3164093585233636,5.272500078926647,
2025-07-30T12:10:19.174988,0.101562,0.027344,1.011719,-1,1.540433003275586,5.730387121235732,
2025-07-30T12:10:19.671713,0.101562,0.015625,1.011719,-1,0.8803822409076365,5.731786779260077,
2025-07-30T12:10:20.172233,0.101562,0.027344,1.007812,-1,1.546342035635243,5.752437299101919,
2025-07-30T12:10:20.695063,0.09375,0.019531,1.007812,-1,1.10545922659379,5.31355629360884,
2025-07-30T12:10:21.175988,0.101562,0.027344,1.015625,-1,1.534570218789768,5.708510303318903,
2025-07-30T12:10:21.678434,0.097656,0.027344,1.015625,-1,1.5351433644771766,5.490333230245335,
2025-07-30T12:10:22.175038,0.09375,0.019531,1.015625,-1,1.0970293430846303,5.272926545897011,
2025-07-30T12:10:22.683575,0.101562,0.023438,1.015625,-1,1.3154453731404354,5.709055229536082,
2025-07-30T12:10:23.175251,0.101562,0.03125,1.011719,-1,1.760348960274538,5.729751307153566,
2025-07-30T12:10:23.692723,0.097656,0.019531,1.015625,-1,1.096635444566442,5.49130150680882,
2025-07-30T12:10:24.174004,0.097656,0.023438,1.011719,-1,1.320968661596538,5.511914869651738,
2025-07-30T12:10:24.684301,0.101562,0.03125,1.003906,-1,1.773902156757278,5.774000817383941,
2025-07-30T12:10:25.172058,0.097656,0.023438,1.011719,-1,1.320968661596538,5.511914869651738,
2025-07-30T12:10:25.676788,0.097656,0.023438,1.015625,-1,1.3159367403825732,5.490857590410248,
2025-07-30T12:10:26.181505,0.09375,0.023438,1.019531,-1,1.3114100835472695,5.252424042755148,
2025-07-30T12:10:26.678236,0.097656,0.023438,1.015625,-1,1.3159367403825732,5.490857590410248,
2025-07-30T12:10:27.176653,0.097656,0.019531,1.007812,-1,1.1050561809857185,5.533593435017922,
2025-07-30T12:10:27.675698,0.097656,0.019531,1.015625,-1,1.096635444566442,5.49130150680882,
2025-07-30T12:10:28.178457,0.101562,0.023438,1.011719,-1,1.320471638188119,5.73093833714436,
2025-07-30T12:10:28.681139,0.09375,0.023438,1.019531,-1,1.3114100835472695,5.252424042755148,
2025-07-30T12:10:29.177712,0.101562,0.027344,1.011719,-1,1.540433003275586,5.730387121235732,
2025-07-30T12:10:29.680347,0.101562,0.023438,1.015625,-1,1.3154453731404354,5.709055229536082,
2025-07-30T12:10:30.189721,0.101562,0.027344,1.011719,-1,1.540433003275586,5.730387121235732,
2025-07-30T12:10:30.680865,0.097656,0.023438,1.015625,-1,1.3159367403825732,5.490857590410248,
2025-07-30T12:10:31.178129,0.097656,0.027344,1.023438,-1,1.523535606961191,5.448702662753686,
2025-07-30T12:10:31.690583,0.101562,0.023438,1.011719,-1,1.320471638188119,5.73093833714436,
2025-07-30T12:10:32.183831,0.09375,0.03125,1.011719,-1,1.761648509987566,5.291632351261424,
2025-07-30T12:10:32.681116,0.097656,0.019531,1.015625,-1,1.096635444566442,5.49130150680882,
2025-07-30T12:10:33.179138,0.097656,0.027344,1.015625,-1,1.5351433644771766,5.490333230245335,
2025-07-30T12:10:33.693919,0.097656,0.023438,1.019531,-1,1.310942827605342,5.469960060076996,
2025-07-30T12:10:34.179927,0.097656,0.019531,1.011719,-1,1.1008292476542405,5.512363913338462,
2025-07-30T12:10:34.691187,0.09375,0.023438,1.019531,-1,1.3114100835472695,5.252424042755148,
2025-07-30T12:10:35.180128,0.09375,0.023438,1.003906,-1,1.3316387882278131,5.333662026425789,
2025-07-30T12:10:35.679857,0.097656,0.027344,1.007812,-1,1.5469284777696457,5.53260261768973,
2025-07-30T12:10:36.182958,0.097656,0.019531,1.019531,-1,1.0924733243310982,5.470398926825157,
2025-07-30T12:10:36.682975,0.097656,0.03125,1.015625,-1,1.7543050464272647,5.48972839226765,
2025-07-30T12:10:37.182886,0.101562,0.015625,1.015625,-1,0.8770304838878512,5.7098939880956445,
2025-07-30T12:10:37.683875,0.09375,0.023438,1.011719,-1,1.3214467241062564,5.292729694872776,
2025-07-30T12:10:38.191828,0.097656,0.019531,1.015625,-1,1.096635444566442,5.49130150680882,
2025-07-30T12:10:38.690854,0.101562,0.027344,1.019531,-1,1.528751660560781,5.68679928071572,
2025-07-30T12:10:39.184995,0.097656,0.019531,1.011719,-1,1.1008292476542405,5.512363913338462,
2025-07-30T12:10:39.682210,0.097656,0.027344,1.019531,-1,1.5293183090240678,5.469441663586914,
2025-07-30T12:10:40.183749,0.097656,0.023438,1.027344,-1,1.3010660711760402,5.428631803180164,
2025-07-30T12:10:40.682123,0.09375,0.027344,1.007812,-1,1.5474925525027987,5.312604412771978,
2025-07-30T12:10:41.183433,0.097656,0.023438,1.011719,-1,1.320968661596538,5.511914869651738,
2025-07-30T12:10:41.697186,0.101562,0.03125,1.015625,-1,1.7536501725886833,5.707881742753702,
2025-07-30T12:10:42.190288,0.09375,0.027344,1.015625,-1,1.5356946405659777,5.271996330330313,
2025-07-30T12:10:42.697294,0.097656,0.019531,1.015625,-1,1.096635444566442,5.49130150680882,
2025-07-30T12:10:43.204813,0.09375,0.015625,1.007812,-1,0.8844182054550733,5.3139133326096974,
2025-07-30T12:10:43.685273,0.09375,0.027344,1.03125,-1,1.5126295194852917,5.192613835222142,
2025-07-30T12:10:44.183869,0.097656,0.019531,1.007812,-1,1.1050561809857185,5.533593435017922,
2025-07-30T12:10:44.684006,0.101562,0.023438,1.023438,-1,1.3055049243893393,5.665779316043311,
2025-07-30T12:10:45.184148,0.097656,0.015625,1.015625,-1,0.8773581510368312,5.491664693541132,
2025-07-30T12:10:45.683975,0.105469,0.019531,1.015625,-1,1.0958007112656931,5.927621350470954,
2025-07-30T12:10:46.189288,0.101562,0.019531,1.011719,-1,1.1004150083653357,5.731404990147706,
2025-07-30T12:10:46.685447,0.101562,0.023438,1.015625,-1,1.3154453731404354,5.709055229536082,
2025-07-30T12:10:47.185520,0.097656,0.027344,1.015625,-1,1.5351433644771766,5.490333230245335,
2025-07-30T12:10:47.690305,0.097656,0.023438,1.0,-1,1.3362981663279585,5.576069204857274,
2025-07-30T12:10:48.186904,0.101562,0.03125,1.007812,-1,1.7671005791374312,5.751794117778727,
2025-07-30T12:10:48.686345,0.101562,0.015625,1.007812,-1,0.8837604504292568,5.753853180920439,
2025-07-30T12:10:49.186401,0.101562,0.019531,1.003906,-1,1.1088905592360274,5.775693121741988,
2025-07-30T12:10:49.687688,0.097656,0.027344,1.015625,-1,1.5351433644771766,5.490333230245335,
2025-07-30T12:10:50.189234,0.097656,0.023438,1.011719,-1,1.320968661596538,5.511914869651738,
2025-07-30T12:10:50.688938,0.101562,0.039062,1.015625,-1,2.1916498530814787,5.706374061283564,
2025-07-30T12:10:51.223587,0.101562,0.023438,1.015625,-1,1.3154453731404354,5.709055229536082,
2025-07-30T12:10:51.689027,0.101562,0.019531,1.007812,-1,1.1046371534171922,5.753466965599213,
2025-07-30T12:10:52.193309,0.097656,0.027344,1.011719,-1,1.5410127456422753,5.511384454141645,
2025-07-30T12:10:52.688881,0.101562,0.019531,1.015625,-1,1.096225919859268,5.709516556822664,
2025-07-30T12:10:53.191827,0.101562,0.023438,1.015625,-1,1.3154453731404354,5.709055229536082,
2025-07-30T12:10:53.697828,0.09375,0.023438,1.015625,-1,1.3164093585233636,5.272500078926647,
2025-07-30T12:10:54.190001,0.101562,0.027344,1.007812,-1,1.546342035635243,5.752437299101919,
2025-07-30T12:10:54.691347,0.09375,0.027344,1.015625,-1,1.5356946405659777,5.271996330330313,
2025-07-30T12:10:55.190332,0.101562,0.015625,1.011719,-1,0.8803822409076365,5.731786779260077,
2025-07-30T12:10:55.692459,0.09375,0.023438,1.015625,-1,1.3164093585233636,5.272500078926647,
2025-07-30T12:10:56.190563,0.101562,0.027344,1.019531,-1,1.528751660560781,5.68679928071572,
2025-07-30T12:10:56.695950,0.09375,0.019531,1.011719,-1,1.1012276842157058,5.293161089962573,
2025-07-30T12:10:57.196079,0.097656,0.027344,1.015625,-1,1.5351433644771766,5.490333230245335,
2025-07-30T12:10:57.691233,0.097656,0.023438,1.015625,-1,1.3159367403825732,5.490857590410248,
2025-07-30T12:10:58.193446,0.101562,0.03125,1.011719,-1,1.760348960274538,5.729751307153566,
2025-07-30T12:10:58.691818,0.09375,0.027344,1.015625,-1,1.5356946405659777,5.271996330330313,
2025-07-30T12:10:59.193977,0.097656,0.03125,1.011719,-1,1.7610113703374064,5.510772632906019,
2025-07-30T12:10:59.699830,0.097656,0.023438,1.015625,-1,1.3159367403825732,5.490857590410248,
2025-07-30T12:11:00.195147,0.089844,0.019531,1.015625,-1,1.097407564216656,5.054397849480169,
2025-07-30T12:11:00.692871,0.101562,0.03125,1.023438,-1,1.740401912695967,5.664632308248758,
2025-07-30T12:11:01.193797,0.101562,0.035156,1.007812,-1,1.987806652358858,5.751065445543517,
2025-07-30T12:11:01.705795,0.097656,0.027344,1.003906,-1,1.5528880456983185,5.553978718450593,
2025-07-30T12:11:02.196502,0.097656,0.019531,1.0,-1,1.113605498096629,5.576534112747568,
2025-07-30T12:11:02.694863,0.097656,0.019531,1.011719,-1,1.1008292476542405,5.512363913338462,
2025-07-30T12:11:03.197832,0.097656,0.019531,1.015625,-1,1.096635444566442,5.49130150680882,
2025-07-30T12:11:03.715176,0.101562,0.03125,1.011719,-1,1.760348960274538,5.729751307153566,
2025-07-30T12:11:04.198075,0.097656,0.027344,1.027344,-1,1.5177977279471304,5.428125067361236,
2025-07-30T12:11:04.696041,0.101562,0.023438,1.007812,-1,1.3255375597477208,5.752994903340108,
2025-07-30T12:11:05.201176,0.101562,0.023438,1.0,-1,1.3357836446277134,5.797607914308153,
2025-07-30T12:11:05.696311,0.101562,0.03125,1.007812,-1,1.7671005791374312,5.751794117778727,
2025-07-30T12:11:06.197563,0.101562,0.035156,1.015625,-1,1.9726788444021857,5.707169630775248,
2025-07-30T12:11:06.697204,0.097656,0.023438,1.007812,-1,1.3260403277271895,5.533139183566787,
2025-07-30T12:11:07.199815,0.097656,0.027344,1.015625,-1,1.5351433644771766,5.490333230245335,
2025-07-30T12:11:07.705911,0.101562,0.023438,1.019531,-1,1.3104570312405632,5.687338012400963,
2025-07-30T12:11:08.201429,0.097656,0.027344,1.011719,-1,1.5410127456422753,5.511384454141645,
2025-07-30T12:11:08.702319,0.101562,0.027344,1.015625,-1,1.534570218789768,5.708510303318903,
2025-07-30T12:11:09.206103,0.101562,0.019531,1.011719,-1,1.1004150083653357,5.731404990147706,
2025-07-30T12:11:09.702103,0.09375,0.027344,1.011719,-1,1.5415703713936395,5.292220126151441,
2025-07-30T12:11:10.202352,0.09375,0.019531,1.011719,-1,1.1012276842157058,5.293161089962573,
2025-07-30T12:11:10.702547,0.097656,0.027344,1.007812,-1,1.5469284777696457,5.53260261768973,
2025-07-30T12:11:11.202465,0.101562,0.023438,1.015625,-1,1.3154453731404354,5.709055229536082,
2025-07-30T12:11:11.720464,0.101562,0.027344,1.019531,-1,1.528751660560781,5.68679928071572,
2025-07-30T12:11:12.206816,0.101562,0.019531,1.019531,-1,1.0920684431053218,5.687794094563548,
2025-07-30T12:11:12.703816,0.097656,0.023438,1.023438,-1,1.305985232173848,5.449215184021569,
2025-07-30T12:11:13.204621,0.097656,0.019531,1.023438,-1,1.0883414773947102,5.449649076031802,
2025-07-30T12:11:13.703960,0.101562,0.023438,1.015625,-1,1.3154453731404354,5.709055229536082,
2025-07-30T12:11:14.205875,0.101562,0.019531,1.007812,-1,1.1046371534171922,5.753466965599213,
2025-07-30T12:11:14.706250,0.097656,0.023438,1.015625,-1,1.3159367403825732,5.490857590410248,
2025-07-30T12:11:15.205717,0.101562,0.023438,1.007812,-1,1.3255375597477208,5.752994903340108,
2025-07-30T12:11:15.717934,0.097656,0.023438,1.019531,-1,1.310942827605342,5.469960060076996,
2025-07-30T12:11:16.214934,0.097656,0.023438,1.011719,-1,1.320968661596538,5.511914869651738,
2025-07-30T12:11:16.705986,0.101562,0.023438,1.011719,-1,1.320471638188119,5.73093833714436,
2025-07-30T12:11:17.208551,0.097656,0.03125,1.007812,-1,1.767770643174026,5.531983703641566,
2025-07-30T12:11:17.706204,0.097656,0.019531,1.019531,-1,1.0924733243310982,5.470398926825157,
2025-07-30T12:11:18.209282,0.09375,0.023438,1.019531,-1,1.3114100835472695,5.252424042755148,
2025-07-30T12:11:18.707603,0.101562,0.019531,1.011719,-1,1.1004150083653357,5.731404990147706,
2025-07-30T12:11:19.211837,0.097656,0.027344,1.015625,-1,1.5351433644771766,5.490333230245335,
2025-07-30T12:11:19.713936,0.097656,0.023438,1.015625,-1,1.3159367403825732,5.490857590410248,
2025-07-30T12:11:20.210893,0.09375,0.023438,1.007812,-1,1.3265239197783,5.313119893003362,
2025-07-30T12:11:20.711896,0.097656,0.019531,1.015625,-1,1.096635444566442,5.49130150680882,
2025-07-30T12:11:21.224449,0.101562,0.03125,1.011719,-1,1.760348960274538,5.729751307153566,
2025-07-30T12:11:21.711838,0.09375,0.011719,1.003906,-1,0.6659093195822811,5.334745692681223,
2025-07-30T12:11:22.212176,0.097656,0.027344,1.011719,-1,1.5410127456422753,5.511384454141645,
2025-07-30T12:11:22.714188,0.09375,0.027344,1.011719,-1,1.5415703713936395,5.292220126151441,
2025-07-30T12:11:23.214251,0.097656,0.027344,1.027344,-1,1.5177977279471304,5.428125067361236,
2025-07-30T12:11:23.719864,0.097656,0.023438,1.015625,-1,1.3159367403825732,5.490857590410248,
2025-07-30T12:11:24.214206,0.09375,0.035156,1.019531,-1,1.966630054329063,5.250700760390474,
2025-07-30T12:11:24.715755,0.097656,0.03125,1.019531,-1,1.7476493577078047,5.468843703176392,
2025-07-30T12:11:25.215129,0.101562,0.027344,1.019531,-1,1.528751660560781,5.68679928071572,
2025-07-30T12:11:25.715909,0.097656,0.03125,1.007812,-1,1.767770643174026,5.531983703641566,
2025-07-30T12:11:26.213638,0.097656,0.019531,1.007812,-1,1.1050561809857185,5.533593435017922,
2025-07-30T12:11:26.713225,0.089844,0.023438,1.023438,-1,1.3068907843330209,5.0156241058836,
2025-07-30T12:11:27.214185,0.097656,0.019531,1.019531,-1,1.0924733243310982,5.470398926825157,
2025-07-30T12:11:27.716176,0.09375,0.023438,1.027344,-1,1.3015228417795306,5.212720744449159,
2025-07-30T12:11:28.213742,0.097656,0.023438,1.015625,-1,1.3159367403825732,5.490857590410248,
2025-07-30T12:11:28.713895,0.09375,0.023438,1.023438,-1,1.3064472052041374,5.23249476775966,
2025-07-30T12:11:29.214922,0.097656,0.023438,1.011719,-1,1.320968661596538,5.511914869651738,
2025-07-30T12:11:29.714587,0.09375,0.023438,1.011719,-1,1.3214467241062564,5.292729694872776,
2025-07-30T12:11:30.218815,0.097656,0.023438,1.007812,-1,1.3260403277271895,5.533139183566787,
2025-07-30T12:11:30.716837,0.097656,0.027344,1.011719,-1,1.5410127456422753,5.511384454141645,
2025-07-30T12:11:31.217538,0.097656,0.023438,1.019531,-1,1.310942827605342,5.469960060076996,
2025-07-30T12:11:31.718475,0.097656,0.023438,1.007812,-1,1.3260403277271895,5.533139183566787,
2025-07-30T12:11:32.218001,0.105469,0.023438,1.011719,-1,1.3199555843366804,5.949849890947574,
2025-07-30T12:11:32.717816,0.097656,0.023438,1.011719,-1,1.320968661596538,5.511914869651738,
2025-07-30T12:11:33.219819,0.09375,0.023438,1.015625,-1,1.3164093585233636,5.272500078926647,
2025-07-30T12:11:33.718173,0.09375,0.027344,1.003906,-1,1.553458667311706,5.33314054458688,
2025-07-30T12:11:34.219949,0.09375,0.027344,1.019531,-1,1.5298633312685426,5.251926026122262,
2025-07-30T12:11:34.720223,0.097656,0.023438,1.011719,-1,1.320968661596538,5.511914869651738,
2025-07-30T12:11:35.223827,0.097656,0.027344,1.011719,-1,1.5410127456422753,5.511384454141645,
2025-07-30T12:11:35.722665,0.097656,0.019531,1.007812,-1,1.1050561809857185,5.533593435017922,
2025-07-30T12:11:36.224045,0.09375,0.027344,1.011719,-1,1.5415703713936395,5.292220126151441,
2025-07-30T12:11:36.721871,0.097656,0.019531,1.015625,-1,1.096635444566442,5.49130150680882,
2025-07-30T12:11:37.220946,0.101562,0.023438,1.015625,-1,1.3154453731404354,5.709055229536082,
2025-07-30T12:11:37.722447,0.101562,0.027344,1.015625,-1,1.534570218789768,5.708510303318903,
2025-07-30T12:11:38.231949,0.101562,0.027344,1.015625,-1,1.534570218789768,5.708510303318903,
2025-07-30T12:11:38.726876,0.097656,0.027344,1.015625,-1,1.5351433644771766,5.490333230245335,
2025-07-30T12:11:39.230179,0.097656,0.023438,1.011719,-1,1.320968661596538,5.511914869651738,
2025-07-30T12:11:39.724950,0.101562,0.023438,1.023438,-1,1.3055049243893393,5.665779316043311,
2025-07-30T12:11:40.224803,0.101562,0.019531,1.015625,-1,1.096225919859268,5.709516556822664,
2025-07-30T12:11:40.728133,0.101562,0.03125,1.015625,-1,1.7536501725886833,5.707881742753702,
2025-07-30T12:11:41.227169,0.101562,0.027344,1.007812,-1,1.546342035635243,5.752437299101919,
2025-07-30T12:11:41.726762,0.101562,0.023438,1.015625,-1,1.3154453731404354,5.709055229536082,
2025-07-30T12:11:42.225149,0.097656,0.03125,1.015625,-1,1.7543050464272647,5.48972839226765,
2025-07-30T12:11:42.728698,0.097656,0.03125,1.015625,-1,1.7543050464272647,5.48972839226765,
2025-07-30T12:11:43.226179,0.09375,0.023438,1.007812,-1,1.3265239197783,5.313119893003362,
2025-07-30T12:11:43.726957,0.097656,0.027344,1.007812,-1,1.5469284777696457,5.53260261768973,
2025-07-30T12:11:44.226825,0.101562,0.027344,1.019531,-1,1.528751660560781,5.68679928071572,
2025-07-30T12:11:44.728852,0.101562,0.023438,1.015625,-1,1.3154453731404354,5.709055229536082,
2025-07-30T12:11:45.231053,0.105469,0.027344,1.019531,-1,1.528163305477784,5.904048384025336,
2025-07-30T12:11:45.729426,0.097656,0.023438,1.011719,-1,1.320968661596538,5.511914869651738,
2025-07-30T12:11:46.228327,0.09375,0.023438,1.007812,-1,1.3265239197783,5.313119893003362,
2025-07-30T12:11:46.726667,0.101562,0.027344,1.015625,-1,1.534570218789768,5.708510303318903,
2025-07-30T12:11:47.232442,0.097656,0.027344,1.007812,-1,1.5469284777696457,5.53260261768973,
2025-07-30T12:11:47.728811,0.09375,0.035156,1.019531,-1,1.966630054329063,5.250700760390474,
2025-07-30T12:11:48.228452,0.09375,0.023438,1.011719,-1,1.3214467241062564,5.292729694872776,
2025-07-30T12:11:48.728035,0.09375,0.03125,1.007812,-1,1.768415150292096,5.312009820529051,
2025-07-30T12:11:49.231812,0.101562,0.023438,1.015625,-1,1.3154453731404354,5.709055229536082,
2025-07-30T12:11:49.733196,0.097656,0.023438,1.015625,-1,1.3159367403825732,5.490857590410248,
2025-07-30T12:11:50.228501,0.097656,0.03125,1.011719,-1,1.7610113703374064,5.510772632906019,
2025-07-30T12:11:50.739192,0.097656,0.03125,1.015625,-1,1.7543050464272647,5.48972839226765,
2025-07-30T12:11:51.232218,0.097656,0.027344,1.011719,-1,1.5410127456422753,5.511384454141645,
2025-07-30T12:11:51.731192,0.101562,0.023438,1.011719,-1,1.320471638188119,5.73093833714436,
2025-07-30T12:11:52.254191,0.097656,0.023438,1.007812,-1,1.3260403277271895,5.533139183566787,
2025-07-30T12:11:52.728400,0.101562,0.019531,1.011719,-1,1.1004150083653357,5.731404990147706,
2025-07-30T12:11:53.243401,0.097656,0.019531,1.015625,-1,1.096635444566442,5.49130150680882,
2025-07-30T12:11:53.731281,0.097656,0.027344,1.015625,-1,1.5351433644771766,5.490333230245335,
2025-07-30T12:11:54.234500,0.097656,0.03125,1.015625,-1,1.7543050464272647,5.48972839226765,
2025-07-30T12:11:54.732226,0.097656,0.027344,1.015625,-1,1.5351433644771766,5.490333230245335,
2025-07-30T12:11:55.233816,0.09375,0.019531,1.011719,-1,1.1012276842157058,5.293161089962573,
2025-07-30T12:11:55.733442,0.101562,0.023438,1.007812,-1,1.3255375597477208,5.752994903340108,
2025-07-30T12:11:56.237049,0.097656,0.027344,1.011719,-1,1.5410127456422753,5.511384454141645,
2025-07-30T12:11:56.735893,0.097656,0.027344,1.015625,-1,1.5351433644771766,5.490333230245335,
2025-07-30T12:11:57.239577,0.097656,0.027344,1.007812,-1,1.5469284777696457,5.53260261768973,
2025-07-30T12:11:57.736254,0.097656,0.03125,1.015625,-1,1.7543050464272647,5.48972839226765,
2025-07-30T12:11:58.294984,0.097656,0.03125,1.011719,-1,1.7610113703374064,5.510772632906019,
2025-07-30T12:11:58.740868,0.097656,0.015625,1.011719,-1,0.8807136806021469,5.512731295544052,
2025-07-30T12:11:59.241846,0.09375,0.023438,1.015625,-1,1.3164093585233636,5.272500078926647,
2025-07-30T12:11:59.737816,0.097656,0.023438,1.019531,-1,1.310942827605342,5.469960060076996,
2025-07-30T12:12:00.234479,0.097656,0.019531,1.015625,-1,1.096635444566442,5.49130150680882,
2025-07-30T12:12:00.734242,0.097656,0.023438,1.015625,-1,1.3159367403825732,5.490857590410248,
2025-07-30T12:12:01.235239,0.097656,0.023438,1.011719,-1,1.320968661596538,5.511914869651738,
2025-07-30T12:12:01.745565,0.09375,0.019531,1.011719,-1,1.1012276842157058,5.293161089962573,
2025-07-30T12:12:02.243175,0.097656,0.023438,1.007812,-1,1.3260403277271895,5.533139183566787,
2025-07-30T12:12:02.740769,0.105469,0.03125,1.019531,-1,1.7463296532363466,5.903403558361897,
2025-07-30T12:12:03.241204,0.097656,0.023438,1.011719,-1,1.320968661596538,5.511914869651738,
2025-07-30T12:12:03.739247,0.09375,0.027344,1.011719,-1,1.5415703713936395,5.292220126151441,
2025-07-30T12:12:04.239824,0.097656,0.023438,1.015625,-1,1.3159367403825732,5.490857590410248,
2025-07-30T12:12:04.738539,0.101562,0.027344,1.015625,-1,1.534570218789768,5.708510303318903,
2025-07-30T12:12:05.240072,0.097656,0.023438,1.007812,-1,1.3260403277271895,5.533139183566787,
2025-07-30T12:12:05.740163,0.105469,0.027344,1.019531,-1,1.528163305477784,5.904048384025336,
2025-07-30T12:12:06.235856,0.097656,0.023438,1.011719,-1,1.320968661596538,5.511914869651738,
2025-07-30T12:12:06.758872,0.097656,0.015625,1.011719,-1,0.8807136806021469,5.512731295544052,
2025-07-30T12:12:07.240480,0.097656,0.019531,1.015625,-1,1.096635444566442,5.49130150680882,
2025-07-30T12:12:07.739157,0.09375,0.023438,1.011719,-1,1.3214467241062564,5.292729694872776,
2025-07-30T12:12:08.237177,0.101562,0.019531,1.015625,-1,1.096225919859268,5.709516556822664,
2025-07-30T12:12:08.738239,0.101562,0.023438,1.011719,-1,1.320471638188119,5.73093833714436,
2025-07-30T12:12:09.238830,0.097656,0.023438,1.023438,-1,1.305985232173848,5.449215184021569,
2025-07-30T12:12:09.739819,0.097656,0.027344,1.019531,-1,1.5293183090240678,5.469441663586914,
2025-07-30T12:12:10.239634,0.097656,0.023438,1.011719,-1,1.320968661596538,5.511914869651738,
2025-07-30T12:12:10.752168,0.09375,0.023438,1.015625,-1,1.3164093585233636,5.272500078926647,
2025-07-30T12:12:11.239670,0.101562,0.03125,1.019531,-1,1.7470019064939295,5.686177863953862,
2025-07-30T12:12:11.738952,0.105469,0.023438,1.019531,-1,1.309952625531794,5.904607409760283,
2025-07-30T12:12:12.243077,0.101562,0.019531,1.015625,-1,1.096225919859268,5.709516556822664,
2025-07-30T12:12:12.740191,0.09375,0.023438,1.015625,-1,1.3164093585233636,5.272500078926647,
2025-07-30T12:12:13.242178,0.105469,0.027344,1.023438,-1,1.5223936461709844,5.881683836549343,
2025-07-30T12:12:13.741896,0.101562,0.023438,1.011719,-1,1.320471638188119,5.73093833714436,
2025-07-30T12:12:14.242188,0.097656,0.027344,1.007812,-1,1.5469284777696457,5.53260261768973,
2025-07-30T12:12:14.742816,0.097656,0.023438,1.003906,-1,1.3311495826804904,5.554521528374394,
2025-07-30T12:12:15.241900,0.09375,0.023438,1.015625,-1,1.3164093585233636,5.272500078926647,
2025-07-30T12:12:15.741622,0.09375,0.023438,1.011719,-1,1.3214467241062564,5.292729694872776,
2025-07-30T12:12:16.241649,0.101562,0.03125,1.007812,-1,1.7671005791374312,5.751794117778727,
2025-07-30T12:12:16.744318,0.09375,0.023438,1.011719,-1,1.3214467241062564,5.292729694872776,
2025-07-30T12:12:17.243836,0.101562,0.023438,1.019531,-1,1.3104570312405632,5.687338012400963,
2025-07-30T12:12:17.742209,0.097656,0.019531,1.007812,-1,1.1050561809857185,5.533593435017922,
2025-07-30T12:12:18.241849,0.097656,0.023438,1.011719,-1,1.320968661596538,5.511914869651738,
2025-07-30T12:12:18.743810,0.097656,0.023438,1.015625,-1,1.3159367403825732,5.490857590410248,
2025-07-30T12:12:19.244450,0.101562,0.023438,1.019531,-1,1.3104570312405632,5.687338012400963,
2025-07-30T12:12:19.748204,0.09375,0.019531,1.011719,-1,1.1012276842157058,5.293161089962573,
2025-07-30T12:12:20.245632,0.101562,0.027344,1.015625,-1,1.534570218789768,5.708510303318903,
2025-07-30T12:12:20.745829,0.101562,0.027344,1.015625,-1,1.534570218789768,5.708510303318903,
2025-07-30T12:12:21.244180,0.101562,0.023438,1.007812,-1,1.3255375597477208,5.752994903340108,
2025-07-30T12:12:21.749448,0.105469,0.027344,1.015625,-1,1.5339751227367884,5.926577197538903,
2025-07-30T12:12:22.245834,0.09375,0.023438,1.007812,-1,1.3265239197783,5.313119893003362,
2025-07-30T12:12:22.814816,0.101562,0.019531,1.015625,-1,1.096225919859268,5.709516556822664,
2025-07-30T12:12:23.252815,0.101562,0.027344,1.011719,-1,1.540433003275586,5.730387121235732,
2025-07-30T12:12:23.747187,0.101562,0.027344,1.019531,-1,1.528751660560781,5.68679928071572,
2025-07-30T12:12:24.250679,0.101562,0.027344,1.011719,-1,1.540433003275586,5.730387121235732,
2025-07-30T12:12:24.748439,0.101562,0.027344,1.011719,-1,1.540433003275586,5.730387121235732,
2025-07-30T12:12:25.251717,0.09375,0.019531,1.011719,-1,1.1012276842157058,5.293161089962573,
2025-07-30T12:12:25.748871,0.097656,0.027344,1.011719,-1,1.5410127456422753,5.511384454141645,
2025-07-30T12:12:26.249168,0.097656,0.03125,1.023438,-1,1.7410420508999884,5.448111477929255,
2025-07-30T12:12:26.750038,0.101562,0.023438,1.019531,-1,1.3104570312405632,5.687338012400963,
2025-07-30T12:12:27.258833,0.097656,0.027344,1.011719,-1,1.5410127456422753,5.511384454141645,
2025-07-30T12:12:27.750816,0.105469,0.023438,1.015625,-1,1.3149351875620858,5.927142647836293,
2025-07-30T12:12:28.258183,0.097656,0.023438,1.015625,-1,1.3159367403825732,5.490857590410248,
2025-07-30T12:12:28.750210,0.097656,0.023438,1.007812,-1,1.3260403277271895,5.533139183566787,
2025-07-30T12:12:29.251056,0.105469,0.027344,1.015625,-1,1.5339751227367884,5.926577197538903,
2025-07-30T12:12:29.750813,0.101562,0.027344,1.015625,-1,1.534570218789768,5.708510303318903,
2025-07-30T12:12:30.259576,0.097656,0.019531,1.015625,-1,1.096635444566442,5.49130150680882,
2025-07-30T12:12:30.758168,0.101562,0.019531,1.011719,-1,1.1004150083653357,5.731404990147706,
2025-07-30T12:12:31.251838,0.097656,0.027344,1.003906,-1,1.5528880456983185,5.553978718450593,
2025-07-30T12:12:31.756231,0.097656,0.019531,1.011719,-1,1.1008292476542405,5.512363913338462,
2025-07-30T12:12:32.256521,0.09375,0.019531,1.015625,-1,1.0970293430846303,5.272926545897011,
2025-07-30T12:12:32.756608,0.101562,0.023438,1.015625,-1,1.3154453731404354,5.709055229536082,
2025-07-30T12:12:33.254464,0.101562,0.027344,1.011719,-1,1.540433003275586,5.730387121235732,
2025-07-30T12:12:33.757747,0.101562,0.023438,1.015625,-1,1.3154453731404354,5.709055229536082,
2025-07-30T12:12:34.257169,0.09375,0.035156,1.011719,-1,1.981674662157061,5.290966448427303,
2025-07-30T12:12:34.764295,0.101562,0.023438,1.015625,-1,1.3154453731404354,5.709055229536082,
2025-07-30T12:12:35.262168,0.09375,0.027344,1.015625,-1,1.5356946405659777,5.271996330330313,
2025-07-30T12:12:35.761274,0.101562,0.027344,1.015625,-1,1.534570218789768,5.708510303318903,
2025-07-30T12:12:36.267707,0.097656,0.019531,1.011719,-1,1.1008292476542405,5.512363913338462,
2025-07-30T12:12:36.757302,0.097656,0.03125,1.007812,-1,1.767770643174026,5.531983703641566,
2025-07-30T12:12:37.258145,0.097656,0.023438,1.011719,-1,1.320968661596538,5.511914869651738,
2025-07-30T12:12:37.756672,0.097656,0.03125,1.007812,-1,1.767770643174026,5.531983703641566,
2025-07-30T12:12:38.262350,0.097656,0.027344,1.015625,-1,1.5351433644771766,5.490333230245335,
2025-07-30T12:12:38.756873,0.097656,0.023438,1.007812,-1,1.3260403277271895,5.533139183566787,
2025-07-30T12:12:39.256039,-0.117188,0.074219,1.714844,-1,2.4724738217372217,-3.905722206226189,
2025-07-30T12:12:39.763850,-0.328125,0.355469,0.484375,0,31.28227627022229,-28.6404615636834,
2025-07-30T12:12:40.260670,-0.113281,0.367188,1.105469,-1,18.28487357280005,-5.554488515508613,
2025-07-30T12:12:40.758174,-0.226562,0.261719,0.953125,-1,14.95709635927283,-12.91030344206932,
2025-07-30T12:12:41.259817,-0.183594,0.289062,0.945312,-1,16.70849029462089,-10.521441560989718,
2025-07-30T12:12:41.762078,-0.214844,0.273438,0.9375,-1,15.870314750606669,-12.407430794333724,
2025-07-30T12:12:42.259756,-0.210938,0.273438,0.957031,-1,15.590054164843666,-11.965552243530931,
2025-07-30T12:12:42.760711,-0.195312,0.28125,0.941406,-1,16.305568900863406,-11.243071597390507,
2025-07-30T12:12:43.260949,-0.265625,0.292969,1.0,-1,15.80947945432627,-14.30074119666164,
2025-07-30T12:12:43.765030,-0.339844,0.480469,0.660156,-1,32.906907063685104,-22.59831888730113,
2025-07-30T12:12:44.261317,-0.460938,0.613281,0.816406,-1,33.19022342680666,-24.29517646966268,
2025-07-30T12:12:44.764628,-0.0625,0.273438,0.90625,-1,16.752304353516113,-3.777503180383653,
2025-07-30T12:12:45.262140,0.152344,0.046875,1.128906,-1,2.3563634602593617,7.679003441498283,
2025-07-30T12:12:45.763704,0.113281,0.027344,1.003906,-1,1.5503799693266436,6.43567022347874,
2025-07-30T12:12:46.265555,0.105469,0.023438,1.03125,-1,1.2952264994439655,5.838008854907989,
2025-07-30T12:12:46.764870,0.101562,0.019531,1.011719,-1,1.1004150083653357,5.731404990147706,
2025-07-30T12:12:47.262232,0.105469,0.019531,1.011719,-1,1.0999849083937463,5.950334117011105,
2025-07-30T12:12:47.763514,0.097656,0.019531,1.011719,-1,1.1008292476542405,5.512363913338462,
2025-07-30T12:12:48.265664,0.105469,0.027344,1.007812,-1,1.5457331446156797,5.972158389671728,
2025-07-30T12:12:48.776706,0.101562,0.019531,1.007812,-1,1.1046371534171922,5.753466965599213,
2025-07-30T12:12:49.264150,0.097656,0.023438,1.019531,-1,1.310942827605342,5.469960060076996,
2025-07-30T12:12:49.764356,0.105469,0.023438,1.011719,-1,1.3199555843366804,5.949849890947574,
2025-07-30T12:12:50.265120,0.101562,0.027344,1.015625,-1,1.534570218789768,5.708510303318903,
2025-07-30T12:12:50.767822,0.105469,0.023438,1.019531,-1,1.309952625531794,5.904607409760283,
2025-07-30T12:12:51.265220,0.105469,0.023438,1.011719,-1,1.3199555843366804,5.949849890947574,
2025-07-30T12:12:51.763822,0.105469,0.019531,1.011719,-1,1.0999849083937463,5.950334117011105,
2025-07-30T12:14:10.319514,0.101562,0.027344,1.011719,-1,1.540433003275586,5.730387121235732,
2025-07-30T12:14:10.675435,0.09375,0.019531,1.011719,-1,1.1012276842157058,5.293161089962573,
2025-07-30T12:14:11.168783,0.105469,0.027344,1.011719,-1,1.5398310631655217,5.9492779174585095,
2025-07-30T12:14:11.676879,0.101562,0.023438,1.007812,-1,1.3255375597477208,5.752994903340108,
2025-07-30T12:14:12.168226,0.097656,0.027344,1.007812,-1,1.5469284777696457,5.53260261768973,
2025-07-30T12:14:12.664125,0.101562,0.019531,1.011719,-1,1.1004150083653357,5.731404990147706,
2025-07-30T12:14:13.169095,0.101562,0.023438,1.015625,-1,1.3154453731404354,5.709055229536082,
2025-07-30T12:14:13.667874,0.101562,0.023438,1.015625,-1,1.3154453731404354,5.709055229536082,
2025-07-30T12:14:14.174251,0.09375,0.019531,1.011719,-1,1.1012276842157058,5.293161089962573,
2025-07-30T12:14:14.667812,0.097656,0.03125,1.015625,-1,1.7543050464272647,5.48972839226765,
2025-07-30T12:14:15.166898,0.105469,0.015625,1.011719,-1,0.8800381108540938,5.950730283362422,
2025-07-30T12:14:15.670573,0.101562,0.023438,1.003906,-1,1.3306409829936283,5.775215567869832,
2025-07-30T12:14:16.164136,0.101562,0.023438,1.015625,-1,1.3154453731404354,5.709055229536082,
2025-07-30T12:14:16.674812,0.097656,0.019531,1.007812,-1,1.1050561809857185,5.533593435017922,
2025-07-30T12:14:17.164702,0.101562,0.019531,1.003906,-1,1.1088905592360274,5.775693121741988,
2025-07-30T12:14:17.663103,0.097656,0.027344,1.015625,-1,1.5351433644771766,5.490333230245335,
2025-07-30T12:14:18.168311,0.101562,0.023438,1.007812,-1,1.3255375597477208,5.752994903340108,
2025-07-30T12:14:18.667634,0.101562,0.023438,1.011719,-1,1.320471638188119,5.73093833714436,
2025-07-30T12:14:19.164317,0.105469,0.023438,1.011719,-1,1.3199555843366804,5.949849890947574,
2025-07-30T12:14:19.665420,0.101562,0.027344,1.003906,-1,1.5522948021877958,5.774651478060479,
2025-07-30T12:14:20.171147,0.101562,0.019531,1.015625,-1,1.096225919859268,5.709516556822664,
2025-07-30T12:14:20.665052,0.101562,0.023438,1.015625,-1,1.3154453731404354,5.709055229536082,
2025-07-30T12:14:21.170507,0.105469,0.03125,1.019531,-1,1.7463296532363466,5.903403558361897,
2025-07-30T12:14:21.664816,0.105469,0.027344,1.023438,-1,1.5223936461709844,5.881683836549343,
2025-07-30T12:14:22.171390,0.097656,0.015625,1.011719,-1,0.8807136806021469,5.512731295544052,
2025-07-30T12:14:22.673085,0.101562,0.03125,1.015625,-1,1.7536501725886833,5.707881742753702,
2025-07-30T12:14:23.174215,0.097656,0.027344,1.019531,-1,1.5293183090240678,5.469441663586914,
2025-07-30T12:14:23.669874,0.101562,0.027344,1.007812,-1,1.546342035635243,5.752437299101919,
2025-07-30T12:14:24.168703,0.105469,0.015625,1.011719,-1,0.8800381108540938,5.950730283362422,
2025-07-30T12:14:24.664917,0.101562,0.023438,1.019531,-1,1.3104570312405632,5.687338012400963,
2025-07-30T12:14:25.167168,0.105469,0.023438,1.015625,-1,1.3149351875620858,5.927142647836293,
2025-07-30T12:14:25.667661,0.101562,0.023438,1.015625,-1,1.3154453731404354,5.709055229536082,
2025-07-30T12:14:26.167412,0.101562,0.019531,1.023438,-1,1.0879411710441662,5.6662302308459545,
2025-07-30T12:14:26.687345,0.09375,0.027344,1.019531,-1,1.5298633312685426,5.251926026122262,
2025-07-30T12:14:27.190688,0.101562,0.019531,1.011719,-1,1.1004150083653357,5.731404990147706,
2025-07-30T12:14:27.686182,0.09375,0.019531,1.019531,-1,1.0928627533063535,5.252845656272157,
2025-07-30T12:14:28.186093,0.101562,0.015625,1.015625,-1,0.8770304838878512,5.7098939880956445,
2025-07-30T12:14:28.711383,0.101562,0.027344,1.015625,-1,1.534570218789768,5.708510303318903,
2025-07-30T12:14:29.165807,0.101562,0.019531,1.007812,-1,1.1046371534171922,5.753466965599213,
2025-07-30T12:14:29.668968,0.101562,0.023438,1.015625,-1,1.3154453731404354,5.709055229536082,
2025-07-30T12:14:30.171245,0.101562,0.019531,1.003906,-1,1.1088905592360274,5.775693121741988,
2025-07-30T12:14:30.668951,0.109375,0.019531,1.015625,-1,1.0953600914944674,6.1454981190297495,
2025-07-30T12:14:31.168508,0.167969,0.003906,0.863281,-1,0.2544666855768922,11.010389057337733,
2025-07-30T12:14:31.668683,-0.378906,0.300781,0.316406,0,31.35436411486142,-40.956077254210136,
2025-07-30T12:14:32.177636,-0.117188,0.179688,1.230469,-1,8.271390965160842,-5.383594037392046,
2025-07-30T12:14:32.670669,-0.125,0.390625,1.160156,-1,18.50863545705692,-5.830346969475071,
2025-07-30T12:14:33.175170,-0.125,0.257812,0.375,0,33.11313434109269,-15.359247557332344,
2025-07-30T12:14:33.672428,0.113281,0.109375,0.984375,-1,6.298957190173855,6.524865959440565,
2025-07-30T12:14:34.183335,0.207031,-0.042969,0.96875,-1,-2.483683988903273,12.051681366380825,
2025-07-30T12:14:34.670718,0.097656,0.050781,1.019531,-1,2.838472874423842,5.464663281269859,
2025-07-30T12:14:35.174426,0.097656,0.035156,1.011719,-1,1.98095806495781,5.51007948733059,
2025-07-30T12:14:35.671939,0.09375,0.039062,1.015625,-1,2.193254935775174,5.270021515842513,
2025-07-30T12:14:36.175785,0.097656,0.03125,1.003906,-1,1.77457999082531,5.553352603584124,
2025-07-30T12:14:36.678201,0.097656,0.042969,1.011719,-1,2.4207260976477207,5.508449373065513,
2025-07-30T12:14:37.175292,0.097656,0.035156,1.011719,-1,1.98095806495781,5.51007948733059,
2025-07-30T12:14:37.679449,0.097656,0.039062,1.015625,-1,2.192468003787736,5.488277612807618,
2025-07-30T12:14:38.177617,0.09375,0.046875,1.007812,-1,2.651570776565508,5.308841841114511,
2025-07-30T12:14:38.706218,0.09375,0.039062,1.011719,-1,2.2016423593638863,5.290222506215393,
2025-07-30T12:14:39.180217,0.09375,0.035156,1.015625,-1,1.9741238288343583,5.270756966972741,
2025-07-30T12:14:39.683219,0.09375,0.042969,1.011719,-1,2.421601433252244,5.289400403115159,
2025-07-30T12:14:40.182005,0.097656,0.035156,1.015625,-1,1.973415388955556,5.489043156321457,
2025-07-30T12:14:40.682190,0.089844,0.039062,1.003906,-1,2.2193945186447497,5.110182832067924,
2025-07-30T12:14:41.181877,0.097656,0.046875,1.015625,-1,2.630430585991185,5.486505769984256,
2025-07-30T12:14:41.682091,0.09375,0.035156,1.011719,-1,1.981674662157061,5.290966448427303,
2025-07-30T12:14:42.174209,0.097656,0.035156,1.015625,-1,1.973415388955556,5.489043156321457,
2025-07-30T12:14:43.026678,0.097656,0.046875,1.011719,-1,2.6404782560531115,5.507512829482354,
2025-07-30T12:14:43.660682,0.097656,0.039062,1.011719,-1,2.200846367955512,5.509305109560782,
2025-07-30T12:14:43.878674,0.09375,0.039062,1.011719,-1,2.2016423593638863,5.290222506215393,
2025-07-30T12:14:44.385676,0.097656,0.039062,1.015625,-1,2.192468003787736,5.488277612807618,
2025-07-30T12:14:44.879674,0.09375,0.035156,1.011719,-1,1.981674662157061,5.290966448427303,
2025-07-30T12:14:45.398674,0.09375,0.042969,1.011719,-1,2.421601433252244,5.289400403115159,
2025-07-30T12:14:45.881674,0.09375,0.039062,1.019531,-1,2.1849308751577463,5.249973671834181,
2025-07-30T12:14:46.389675,0.09375,0.042969,1.011719,-1,2.421601433252244,5.289400403115159,
2025-07-30T12:14:46.883678,0.097656,0.035156,1.015625,-1,1.973415388955556,5.489043156321457,
2025-07-30T12:14:47.397674,0.09375,0.039062,1.019531,-1,2.1849308751577463,5.249973671834181,
2025-07-30T12:14:47.879674,0.097656,0.042969,1.011719,-1,2.4207260976477207,5.508449373065513,
2025-07-30T12:14:48.386674,0.09375,0.042969,1.011719,-1,2.421601433252244,5.289400403115159,
2025-07-30T12:14:48.883674,0.09375,0.035156,1.019531,-1,1.966630054329063,5.250700760390474,
2025-07-30T12:14:49.391157,0.097656,0.035156,1.007812,-1,1.988560278625142,5.53128252438569,
2025-07-30T12:14:49.881780,0.097656,0.042969,1.007812,-1,2.430012311224785,5.529633524848178,
2025-07-30T12:14:50.397056,0.097656,0.042969,1.015625,-1,2.4115125686596115,5.487431635864166,
2025-07-30T12:14:50.883002,0.089844,0.046875,1.011719,-1,2.642349433852812,5.069333414832764,
2025-07-30T12:14:51.399144,0.101562,0.042969,1.011719,-1,2.4198160436710783,5.727336938663544,
2025-07-30T12:14:51.884814,0.097656,0.035156,1.015625,-1,1.973415388955556,5.489043156321457,
2025-07-30T12:14:52.413837,0.09375,0.042969,1.011719,-1,2.421601433252244,5.289400403115159,
2025-07-30T12:14:52.885815,0.09375,0.035156,1.015625,-1,1.9741238288343583,5.270756966972741,
2025-07-30T12:14:53.399839,0.09375,0.046875,1.011719,-1,2.641432838271924,5.288500669135201,
2025-07-30T12:14:53.891673,0.089844,0.035156,1.011719,-1,1.9823627435455613,5.071698099766839,
2025-07-30T12:14:54.405728,0.097656,0.035156,1.015625,-1,1.973415388955556,5.489043156321457,
2025-07-30T12:14:54.890764,0.097656,0.035156,1.015625,-1,1.973415388955556,5.489043156321457,
2025-07-30T12:14:55.400780,0.097656,0.035156,1.019531,-1,1.965929648722189,5.468166257183099,
2025-07-30T12:14:55.891302,0.09375,0.039062,1.019531,-1,2.1849308751577463,5.249973671834181,
2025-07-30T12:14:56.410359,0.089844,0.03125,1.019531,-1,1.7488700493311018,5.033707577303613,
2025-07-30T12:14:56.887969,0.09375,0.046875,1.015625,-1,2.631374308470744,5.268319322103713,
2025-07-30T12:14:57.399855,0.097656,0.039062,1.015625,-1,2.192468003787736,5.488277612807618,
2025-07-30T12:14:57.887470,0.09375,0.039062,1.011719,-1,2.2016423593638863,5.290222506215393,
2025-07-30T12:14:58.414068,0.101562,0.042969,1.015625,-1,2.410612862604669,5.705494903428194,
2025-07-30T12:14:58.887169,0.09375,0.042969,1.011719,-1,2.421601433252244,5.289400403115159,
2025-07-30T12:14:59.426988,0.09375,0.035156,1.007812,-1,1.9892851606889663,5.311336196016289,
2025-07-30T12:14:59.888184,0.097656,0.042969,1.019531,-1,2.402368547105772,5.466573049346973,
2025-07-30T12:15:00.400407,0.097656,0.039062,1.019531,-1,2.184152865966548,5.4674094143027645,
2025-07-30T12:15:00.889833,0.09375,0.039062,1.007812,-1,2.2100960406065995,5.310583629517018,
2025-07-30T12:15:01.403188,0.097656,0.039062,1.011719,-1,2.200846367955512,5.509305109560782,
2025-07-30T12:15:01.891553,0.09375,0.039062,1.011719,-1,2.2016423593638863,5.290222506215393,
2025-07-30T12:15:02.400822,0.097656,0.039062,1.007812,-1,2.20929084816118,5.530499173853061,
2025-07-30T12:15:02.890178,0.09375,0.042969,1.015625,-1,2.4123779438396347,5.26920879317259,
2025-07-30T12:15:03.398469,0.097656,0.039062,1.015625,-1,2.192468003787736,5.488277612807618,
2025-07-30T12:15:03.891853,0.101562,0.046875,1.011719,-1,2.639485812061546,5.726363667280122,
2025-07-30T12:15:04.398191,0.09375,0.035156,1.023438,-1,1.959190800400399,5.23079102078477,
2025-07-30T12:15:04.892402,0.09375,0.042969,1.011719,-1,2.421601433252244,5.289400403115159,
2025-07-30T12:15:05.410086,0.097656,0.042969,1.015625,-1,2.4115125686596115,5.487431635864166,
2025-07-30T12:15:05.890083,0.09375,0.035156,1.015625,-1,1.9741238288343583,5.270756966972741,
2025-07-30T12:15:06.407102,0.09375,0.042969,1.019531,-1,2.4032241120357343,5.249170187678854,
2025-07-30T12:15:06.893392,0.09375,0.03125,1.015625,-1,1.7549349320536547,5.271415267431581,
2025-07-30T12:15:07.414397,0.097656,0.039062,1.003906,-1,2.2177978528060374,5.551850808513149,
2025-07-30T12:15:07.892394,0.097656,0.039062,1.007812,-1,2.20929084816118,5.530499173853061,
2025-07-30T12:15:08.421394,0.097656,0.035156,1.011719,-1,1.98095806495781,5.51007948733059,
2025-07-30T12:15:08.898880,0.097656,0.039062,1.011719,-1,2.200846367955512,5.509305109560782,
2025-07-30T12:15:09.406911,0.097656,0.035156,1.011719,-1,1.98095806495781,5.51007948733059,
2025-07-30T12:15:09.893030,0.09375,0.035156,1.007812,-1,1.9892851606889663,5.311336196016289,
2025-07-30T12:15:10.407937,0.097656,0.042969,1.015625,-1,2.4115125686596115,5.487431635864166,
2025-07-30T12:15:10.893816,0.097656,0.039062,1.011719,-1,2.200846367955512,5.509305109560782,
2025-07-30T12:15:11.408820,0.09375,0.039062,1.015625,-1,2.193254935775174,5.270021515842513,
2025-07-30T12:15:11.909208,0.09375,0.039062,1.011719,-1,2.2016423593638863,5.290222506215393,
2025-07-30T12:15:12.407803,0.09375,0.035156,1.007812,-1,1.9892851606889663,5.311336196016289,
2025-07-30T12:15:12.896748,0.089844,0.035156,1.011719,-1,1.9823627435455613,5.071698099766839,
2025-07-30T12:15:13.408919,0.09375,0.039062,1.011719,-1,2.2016423593638863,5.290222506215393,
2025-07-30T12:15:13.904230,0.09375,0.039062,1.019531,-1,2.1849308751577463,5.249973671834181,
2025-07-30T12:15:14.411696,0.09375,0.042969,1.019531,-1,2.4032241120357343,5.249170187678854,
2025-07-30T12:15:14.900075,0.097656,0.042969,1.027344,-1,2.3842836224411994,5.425320939758446,
2025-07-30T12:15:15.408317,0.09375,0.039062,1.015625,-1,2.193254935775174,5.270021515842513,
2025-07-30T12:15:15.899644,0.09375,0.042969,1.011719,-1,2.421601433252244,5.289400403115159,
2025-07-30T12:15:16.411049,0.097656,0.035156,1.019531,-1,1.965929648722189,5.468166257183099,
2025-07-30T12:15:16.905841,0.097656,0.042969,1.019531,-1,2.402368547105772,5.466573049346973,
2025-07-30T12:15:17.417841,0.09375,0.039062,1.019531,-1,2.1849308751577463,5.249973671834181,
2025-07-30T12:15:17.902033,0.09375,0.035156,1.011719,-1,1.981674662157061,5.290966448427303,
2025-07-30T12:15:18.409364,0.09375,0.042969,1.015625,-1,2.4123779438396347,5.26920879317259,
2025-07-30T12:15:18.898876,0.09375,0.039062,1.007812,-1,2.2100960406065995,5.310583629517018,
2025-07-30T12:15:19.411496,0.09375,0.039062,1.007812,-1,2.2100960406065995,5.310583629517018,
2025-07-30T12:15:19.900497,0.097656,0.035156,1.015625,-1,1.973415388955556,5.489043156321457,
2025-07-30T12:15:20.422850,0.09375,0.046875,1.011719,-1,2.641432838271924,5.288500669135201,
2025-07-30T12:15:20.909059,0.097656,0.039062,1.007812,-1,2.20929084816118,5.530499173853061,
2025-07-30T12:15:21.417816,0.097656,0.035156,1.003906,-1,1.9962187970276104,5.552643268352429,
2025-07-30T12:15:21.901840,0.09375,0.039062,1.007812,-1,2.2100960406065995,5.310583629517018,
2025-07-30T12:15:22.413325,0.09375,0.042969,1.011719,-1,2.421601433252244,5.289400403115159,
2025-07-30T12:15:22.902321,0.097656,0.035156,1.011719,-1,1.98095806495781,5.51007948733059,
2025-07-30T12:15:23.420852,0.09375,0.046875,1.011719,-1,2.641432838271924,5.288500669135201,
2025-07-30T12:15:23.903255,0.09375,0.035156,1.011719,-1,1.981674662157061,5.290966448427303,
2025-07-30T12:15:24.423210,0.09375,0.042969,1.007812,-1,2.4308977629144244,5.309751998883009,
2025-07-30T12:15:24.902238,0.09375,0.042969,1.011719,-1,2.421601433252244,5.289400403115159,
2025-07-30T12:15:25.417365,0.09375,0.039062,1.015625,-1,2.193254935775174,5.270021515842513,
2025-07-30T12:15:25.905848,0.09375,0.035156,1.011719,-1,1.981674662157061,5.290966448427303,
2025-07-30T12:15:26.412201,0.09375,0.039062,1.019531,-1,2.1849308751577463,5.249973671834181,
2025-07-30T12:15:27.046840,0.097656,0.042969,1.011719,-1,2.4207260976477207,5.508449373065513,
2025-07-30T12:15:27.411837,0.097656,0.039062,1.015625,-1,2.192468003787736,5.488277612807618,
2025-07-30T12:15:27.974838,0.09375,0.039062,1.007812,-1,2.2100960406065995,5.310583629517018,
2025-07-30T12:15:28.410837,0.089844,0.039062,1.011719,-1,2.202406675447271,5.070984658242601,
2025-07-30T12:15:28.902909,0.101562,0.035156,1.007812,-1,1.987806652358858,5.751065445543517,
2025-07-30T12:15:29.413528,0.097656,0.042969,1.019531,-1,2.402368547105772,5.466573049346973,
2025-07-30T12:15:29.910641,0.097656,0.039062,1.011719,-1,2.200846367955512,5.509305109560782,
2025-07-30T12:15:30.651183,0.097656,0.039062,1.007812,-1,2.20929084816118,5.530499173853061,
2025-07-30T12:15:30.913182,0.09375,0.042969,1.019531,-1,2.4032241120357343,5.249170187678854,
2025-07-30T12:15:31.420181,0.09375,0.039062,1.007812,-1,2.2100960406065995,5.310583629517018,
2025-07-30T12:15:31.908881,0.097656,0.039062,1.007812,-1,2.20929084816118,5.530499173853061,
2025-07-30T12:15:32.416762,0.097656,0.039062,1.015625,-1,2.192468003787736,5.488277612807618,
2025-07-30T12:15:32.907206,0.09375,0.042969,1.015625,-1,2.4123779438396347,5.26920879317259,
2025-07-30T12:15:33.420622,0.097656,0.039062,1.015625,-1,2.192468003787736,5.488277612807618,
2025-07-30T12:15:33.907468,0.09375,0.042969,1.007812,-1,2.4308977629144244,5.309751998883009,
2025-07-30T12:15:34.417079,0.101562,0.035156,1.015625,-1,1.9726788444021857,5.707169630775248,
2025-07-30T12:15:34.908656,0.097656,0.035156,1.011719,-1,1.98095806495781,5.51007948733059,
2025-07-30T12:15:35.422311,0.097656,0.039062,1.019531,-1,2.184152865966548,5.4674094143027645,
2025-07-30T12:15:35.907168,0.097656,0.039062,1.011719,-1,2.200846367955512,5.509305109560782,
2025-07-30T12:15:36.413935,0.089844,0.039062,1.015625,-1,2.194010546835621,5.051611935889609,
2025-07-30T12:15:36.908890,0.09375,0.035156,1.011719,-1,1.981674662157061,5.290966448427303,
2025-07-30T12:15:37.416274,0.097656,0.035156,1.019531,-1,1.965929648722189,5.468166257183099,
2025-07-30T12:15:37.908176,0.09375,0.042969,1.015625,-1,2.4123779438396347,5.26920879317259,
2025-07-30T12:15:38.407947,0.09375,0.035156,1.011719,-1,1.981674662157061,5.290966448427303,
2025-07-30T12:17:22.222836,0.101562,0.039062,1.015625,-1,2.1916498530814787,5.706374061283564,
2025-07-30T12:17:22.319837,0.101562,0.039062,1.019531,-1,2.18334398531185,5.6846873114419205,
2025-07-30T12:17:22.788751,0.097656,0.042969,1.011719,-1,2.4207260976477207,5.508449373065513,
2025-07-30T12:17:23.288213,0.101562,0.035156,1.015625,-1,1.9726788444021857,5.707169630775248,
2025-07-30T12:17:23.785105,0.101562,0.039062,1.011719,-1,2.200018805387026,5.728226233785104,
2025-07-30T12:17:24.292459,0.097656,0.035156,1.011719,-1,1.98095806495781,5.51007948733059,
2025-07-30T12:17:24.787839,0.105469,0.039062,1.007812,-1,2.207584559972619,5.969890166387825,
2025-07-30T12:17:25.290591,0.09375,0.042969,1.019531,-1,2.4032241120357343,5.249170187678854,
2025-07-30T12:17:25.789859,0.09375,0.042969,1.003906,-1,2.4402629803985083,5.330254942008173,
2025-07-30T12:17:26.288878,0.09375,0.039062,1.007812,-1,2.2100960406065995,5.310583629517018,
2025-07-30T12:17:26.795587,0.097656,0.039062,1.019531,-1,2.184152865966548,5.4674094143027645,
2025-07-30T12:17:27.291210,0.101562,0.039062,1.007812,-1,2.2084537267397817,5.750251379961188,
2025-07-30T12:17:27.793551,0.097656,0.035156,1.019531,-1,1.965929648722189,5.468166257183099,
2025-07-30T12:17:28.293242,0.089844,0.039062,1.007812,-1,2.210869197908931,5.090511051479157,
2025-07-30T12:17:28.795077,0.089844,0.050781,1.011719,-1,2.862179055117006,5.068396043587867,
2025-07-30T12:17:29.293680,0.101562,0.035156,1.007812,-1,1.987806652358858,5.751065445543517,
2025-07-30T12:17:29.807610,0.097656,0.039062,1.007812,-1,2.20929084816118,5.530499173853061,
2025-07-30T12:17:30.297310,0.09375,0.046875,1.015625,-1,2.631374308470744,5.268319322103713,
2025-07-30T12:17:30.795877,0.089844,0.035156,1.011719,-1,1.9823627435455613,5.071698099766839,
2025-07-30T12:17:31.294837,0.09375,0.035156,1.019531,-1,1.966630054329063,5.250700760390474,
2025-07-30T12:17:31.803837,0.089844,0.050781,1.023438,-1,2.829710568333065,5.010799548138548,
2025-07-30T12:17:32.297813,-0.003906,0.058594,1.039062,-1,3.227539304088426,-0.2150413328301379,
2025-07-30T12:17:32.798988,0.089844,0.316406,0.28125,0,46.980805870591226,11.981988547392788,
2025-07-30T12:17:33.303039,-0.105469,0.460938,1.375,-1,18.481987944780872,-4.159630048952186,
2025-07-30T12:17:33.803355,0.160156,0.324219,0.941406,-1,18.7534029222126,9.137875286825947,
2025-07-30T12:17:34.300418,0.15625,0.335938,0.894531,-1,20.30171752390429,9.286904156115584,
2025-07-30T12:17:34.800823,0.121094,0.339844,0.949219,-1,19.552320234854523,6.848790999439119,
2025-07-30T12:17:35.301838,0.148438,0.332031,0.859375,-1,20.843111747722737,9.15284865220493,
2025-07-30T12:17:35.808973,0.128906,0.355469,1.023438,-1,19.01423788475736,6.785234238442285,
2025-07-30T12:17:36.303836,-0.09375,0.476562,0.914062,-1,27.413352798788026,-5.1965089524702615,
2025-07-30T12:17:36.801836,-0.285156,0.539062,0.074219,0,61.33856415771837,-27.65642258238946,
2025-07-30T12:17:37.303169,-0.042969,0.601562,0.980469,-1,31.50649812749917,-2.139261440356399,
2025-07-30T12:17:37.806371,0.0625,0.46875,0.890625,-1,27.70057822554852,3.553477525724707,
2025-07-30T12:17:38.304472,0.078125,0.472656,0.933594,-1,26.77150902974961,4.269729298913197,
2025-07-30T12:17:38.803439,0.144531,0.472656,0.867188,-1,28.263744180504982,8.325613857583388,
2025-07-30T12:17:39.302927,0.078125,0.515625,0.917969,-1,29.2348114344962,4.243679229371436,
2025-07-30T12:17:39.806628,-0.140625,0.613281,0.859375,-1,35.15586090822178,-7.586985264221975,
2025-07-30T12:17:40.303224,-0.058594,0.371094,0.71875,-1,27.230239836419408,-4.143099404492958,
2025-07-30T12:17:40.805476,0.0625,0.066406,1.101562,-1,3.4442884797506936,3.241472269467742,
2025-07-30T12:17:41.304856,0.078125,0.023438,1.214844,-1,1.1029931925067238,3.678865753343645,
2025-07-30T12:17:41.804215,0.105469,0.03125,1.007812,-1,1.7664048650665134,5.971490991450563,
2025-07-30T12:17:42.306588,0.097656,0.027344,1.015625,-1,1.5351433644771766,5.490333230245335,
2025-07-30T12:17:42.807901,0.09375,0.03125,1.03125,-1,1.7285807420216752,5.192058624365011,
2025-07-30T12:17:43.307831,0.105469,0.019531,1.007812,-1,1.1042020856788757,5.97322682466373,
2025-07-30T12:17:43.809744,0.101562,0.027344,1.011719,-1,1.540433003275586,5.730387121235732,
2025-07-30T12:17:44.313325,0.097656,0.019531,1.015625,-1,1.096635444566442,5.49130150680882,
2025-07-30T12:17:44.824785,0.101562,0.023438,1.011719,-1,1.320471638188119,5.73093833714436,
2025-07-30T12:17:45.311178,0.109375,0.015625,1.015625,-1,0.8763377211232446,6.145903943692175,
2025-07-30T12:17:45.809882,0.101562,0.019531,1.011719,-1,1.1004150083653357,5.731404990147706,
2025-07-30T12:17:46.310251,0.101562,0.023438,1.011719,-1,1.320471638188119,5.73093833714436,
2025-07-30T12:17:46.822691,0.105469,0.027344,1.015625,-1,1.5339751227367884,5.926577197538903,
2025-07-30T12:17:47.310692,0.101562,0.019531,1.019531,-1,1.0920684431053218,5.687794094563548,
2025-07-30T12:17:47.811799,0.105469,0.019531,1.011719,-1,1.0999849083937463,5.950334117011105,
2025-07-30T12:17:48.314990,0.101562,0.019531,1.015625,-1,1.096225919859268,5.709516556822664,
2025-07-30T12:17:48.814360,0.105469,0.019531,1.007812,-1,1.1042020856788757,5.97322682466373,
2025-07-30T12:17:49.314178,0.101562,0.023438,1.019531,-1,1.3104570312405632,5.687338012400963,
2025-07-30T12:17:49.815271,0.105469,0.023438,1.011719,-1,1.3199555843366804,5.949849890947574,
2025-07-30T12:17:50.313789,0.097656,0.023438,1.007812,-1,1.3260403277271895,5.533139183566787,
2025-07-30T12:17:50.813713,0.101562,0.019531,1.015625,-1,1.096225919859268,5.709516556822664,
2025-07-30T12:17:51.313855,0.101562,0.019531,1.007812,-1,1.1046371534171922,5.753466965599213,
2025-07-30T12:17:51.814442,0.101562,0.023438,1.015625,-1,1.3154453731404354,5.709055229536082,
2025-07-30T12:17:52.315016,0.105469,0.023438,1.011719,-1,1.3199555843366804,5.949849890947574,
2025-07-30T12:17:52.814693,0.101562,0.015625,1.011719,-1,0.8803822409076365,5.731786779260077,
2025-07-30T12:17:53.313926,0.097656,0.019531,1.011719,-1,1.1008292476542405,5.512363913338462,
2025-07-30T12:17:53.816770,0.101562,0.019531,1.011719,-1,1.1004150083653357,5.731404990147706,
2025-07-30T12:17:54.316365,0.101562,0.023438,1.015625,-1,1.3154453731404354,5.709055229536082,
2025-07-30T12:17:54.817194,0.101562,0.027344,1.011719,-1,1.540433003275586,5.730387121235732,
2025-07-30T12:17:55.320259,0.101562,0.023438,1.007812,-1,1.3255375597477208,5.752994903340108,
2025-07-30T12:17:55.819548,0.101562,0.027344,1.015625,-1,1.534570218789768,5.708510303318903,
2025-07-30T12:17:56.316922,0.101562,0.023438,1.011719,-1,1.320471638188119,5.73093833714436,
2025-07-30T12:17:56.817455,0.101562,0.023438,1.011719,-1,1.320471638188119,5.73093833714436,
2025-07-30T12:17:57.322887,0.101562,0.019531,1.011719,-1,1.1004150083653357,5.731404990147706,
2025-07-30T12:17:57.818952,0.097656,0.019531,1.015625,-1,1.096635444566442,5.49130150680882,
2025-07-30T12:17:58.320614,0.105469,0.023438,1.015625,-1,1.3149351875620858,5.927142647836293,
2025-07-30T12:17:58.820550,0.101562,0.019531,1.011719,-1,1.1004150083653357,5.731404990147706,
2025-07-30T12:17:59.321572,0.101562,0.023438,1.007812,-1,1.3255375597477208,5.752994903340108,
2025-07-30T12:17:59.822904,0.097656,0.023438,1.023438,-1,1.305985232173848,5.449215184021569,
2025-07-30T12:18:00.403456,0.101562,0.023438,1.007812,-1,1.3255375597477208,5.752994903340108,
2025-07-30T12:18:00.823882,0.105469,0.027344,1.019531,-1,1.528163305477784,5.904048384025336,
2025-07-30T12:18:01.321007,0.101562,0.03125,1.007812,-1,1.7671005791374312,5.751794117778727,
2025-07-30T12:18:01.820835,0.105469,0.015625,1.011719,-1,0.8800381108540938,5.950730283362422,
2025-07-30T12:18:02.322835,0.101562,0.023438,1.015625,-1,1.3154453731404354,5.709055229536082,
2025-07-30T12:18:02.825836,0.105469,0.027344,1.011719,-1,1.5398310631655217,5.9492779174585095,
2025-07-30T12:18:03.323524,0.101562,0.019531,1.015625,-1,1.096225919859268,5.709516556822664,
2025-07-30T12:18:03.823773,0.101562,0.023438,1.011719,-1,1.320471638188119,5.73093833714436,
2025-07-30T12:18:04.325834,0.101562,0.023438,1.011719,-1,1.320471638188119,5.73093833714436,
2025-07-30T12:18:04.830562,0.101562,0.03125,1.015625,-1,1.7536501725886833,5.707881742753702,
2025-07-30T12:18:05.328833,0.101562,0.019531,1.039062,-1,1.071741983364648,5.581601389972684,
2025-07-30T12:18:05.824164,0.101562,0.019531,1.007812,-1,1.1046371534171922,5.753466965599213,
2025-07-30T12:18:06.327459,0.101562,0.03125,1.019531,-1,1.7470019064939295,5.686177863953862,
2025-07-30T12:18:06.828491,0.101562,0.011719,1.015625,-1,0.6578093708675788,5.710187602280005,
2025-07-30T12:18:07.327144,0.101562,0.03125,1.015625,-1,1.7536501725886833,5.707881742753702,
2025-07-30T12:18:07.828168,0.101562,0.023438,1.015625,-1,1.3154453731404354,5.709055229536082,
2025-07-30T12:18:08.324493,0.105469,0.023438,1.011719,-1,1.3199555843366804,5.949849890947574,
2025-07-30T12:18:08.823631,0.097656,0.015625,1.019531,-1,0.874027974779259,5.470757981623936,
2025-07-30T12:18:09.326673,0.09375,0.019531,1.007812,-1,1.10545922659379,5.31355629360884,
2025-07-30T12:18:09.825264,0.101562,0.023438,1.015625,-1,1.3154453731404354,5.709055229536082,
2025-07-30T12:18:10.325272,0.109375,0.011719,1.0,-1,0.6674384901224854,6.241489157605982,
2025-07-30T12:18:10.827656,0.101562,0.027344,1.019531,-1,1.528751660560781,5.68679928071572,
2025-07-30T12:18:11.326209,0.105469,0.027344,1.007812,-1,1.5457331446156797,5.972158389671728,
2025-07-30T12:18:11.824821,0.105469,0.027344,1.011719,-1,1.5398310631655217,5.9492779174585095,
2025-07-30T12:18:12.326260,0.101562,0.023438,1.007812,-1,1.3255375597477208,5.752994903340108,
2025-07-30T12:18:12.825943,0.101562,0.023438,1.019531,-1,1.3104570312405632,5.687338012400963,
2025-07-30T12:18:13.325026,0.097656,0.023438,1.019531,-1,1.310942827605342,5.469960060076996,
2025-07-30T12:18:13.825835,0.097656,0.023438,1.007812,-1,1.3260403277271895,5.533139183566787,
2025-07-30T12:18:14.325232,0.097656,0.03125,1.011719,-1,1.7610113703374064,5.510772632906019,
2025-07-30T12:18:14.824598,0.097656,0.023438,1.007812,-1,1.3260403277271895,5.533139183566787,
2025-07-30T12:18:15.327996,0.101562,0.023438,1.019531,-1,1.3104570312405632,5.687338012400963,
2025-08-05T10:36:52.843894,0.015625,0.003906,1.023438,-1,0.218645536959768,0.8746699746402803,
2025-08-05T10:36:53.323892,0.007812,0.003906,1.015625,-1,0.2203466746180019,0.440696608244391,
2025-08-05T10:36:53.830893,0.015625,-0.003906,1.023438,-1,-0.218645536959768,0.8746699746402803,
2025-08-05T10:36:54.329895,0.011719,0.003906,1.011719,-1,0.2211890761607455,0.6636370467315315,
2025-08-05T10:36:55.321575,0.011719,-0.003906,1.011719,-1,-0.2211890761607455,0.6636370467315315,
2025-08-05T10:36:55.818718,0.007812,-0.003906,1.011719,-1,-0.2211973202646514,0.4423979374283344,
2025-08-05T10:36:56.321757,0.050781,-0.144531,1.070312,-1,-7.681953881235714,2.691967352074426,
2025-08-05T10:36:56.818756,-0.019531,0.097656,0.128906,0,36.83418761478016,-6.886275219054412,
2025-08-05T10:36:57.324928,-0.222656,0.695312,0.210938,-1,66.19723592185902,-17.036829302479937,
2025-08-05T10:36:57.828883,-0.386719,0.699219,0.589844,-1,44.75137424613692,-22.915976803017248,
2025-08-05T10:36:58.327176,-0.347656,0.722656,0.582031,-1,46.82793886669705,-20.539523509688365,
2025-08-05T10:36:58.825355,-0.363281,0.707031,0.535156,-1,47.54686525286138,-22.27830092100188,
2025-08-05T10:36:59.322283,-0.339844,0.730469,0.683594,-1,43.73679875991508,-18.76229529652987,
2025-08-05T10:36:59.828526,-0.417969,0.683594,0.414062,-1,49.28277493203945,-27.60835216609924,
2025-08-05T10:37:00.339884,-0.449219,0.710938,0.539062,-1,45.37460522132623,-26.725067419596712,
2025-08-05T10:37:00.839175,-0.464844,0.730469,0.535156,-1,45.86043334436716,-27.17331385035145,
2025-08-05T10:37:01.333848,0.148438,-0.078125,-0.703125,-1,-6.204538115479611,11.849934400682413,
2025-08-05T10:37:01.827886,-0.042969,0.476562,0.785156,-1,31.21828659647871,-2.678538335433566,
2025-08-05T10:37:02.330209,-0.050781,0.527344,0.859375,-1,31.490308077607747,-2.8832239554210246,
2025-08-05T10:37:02.824843,-0.011719,0.515625,0.90625,-1,29.6363248540134,-0.6439446312442024,
2025-08-05T10:37:03.371598,0.027344,0.5,0.863281,-1,30.06635119900261,1.5700336940794988,
2025-08-05T10:37:03.829733,0.03125,0.527344,0.878906,-1,30.947810247857923,1.746329419623968,
2025-08-05T10:37:04.368052,0.035156,0.519531,0.84375,-1,31.600105796904547,2.031994717610348,
2025-08-05T10:37:04.828131,0.058594,0.519531,0.882812,-1,30.42161174228287,3.273853568017328,
2025-08-05T10:37:05.331132,0.023438,0.515625,0.910156,-1,29.52443985017024,1.2835465776562565,
2025-08-05T10:37:05.822768,0.003906,0.320312,0.992188,-1,17.891712735625006,0.2146499122453999,
2025-08-05T10:37:06.329787,-0.375,0.261719,0.925781,-1,14.682630400021074,-21.29518631416458,
2025-08-05T10:37:06.822977,-0.363281,0.273438,0.878906,-1,16.040959883434418,-21.537855770124224,
2025-08-05T10:37:07.326422,-0.367188,0.261719,0.832031,-1,16.054583076099284,-22.83010209889328,
2025-08-05T10:37:07.824666,-0.203125,0.308594,0.980469,-1,17.12913066122209,-11.178440193966871,
2025-08-05T10:37:08.327306,-0.242188,0.363281,0.9375,-1,20.565224160148503,-13.543464651804417,
2025-08-05T10:37:08.827331,-0.160156,0.339844,0.957031,-1,19.30189472156719,-8.961688867752358,
2025-08-05T10:37:09.324358,-0.109375,0.359375,0.96875,-1,20.23518386740346,-6.042499855725319,
2025-08-05T10:37:09.824611,-0.078125,0.367188,0.957031,-1,20.92695726906953,-4.358401016265894,
2025-08-05T10:37:10.327128,-0.074219,0.375,0.945312,-1,21.577676707735616,-4.174051997327827,
2025-08-05T10:37:10.826282,-0.082031,0.3125,0.882812,-1,19.415727477118946,-5.005995889081289,
2025-08-05T10:37:11.338421,-0.042969,0.148438,1.316406,-1,6.43010373732097,-1.857771125643332,
2025-08-05T10:37:11.826458,0.015625,0.082031,1.019531,-1,4.599545017888066,0.8751998195990149,
2025-08-05T10:37:12.324250,0.164062,-0.003906,1.085938,-1,-0.2037733552628585,8.591140998480414,
2025-08-05T10:37:13.346245,0.015625,-0.003906,1.011719,-1,-0.2211775386640661,0.8847997491400248,
2025-08-05T10:37:14.823483,0.011719,-0.003906,1.011719,-1,-0.2211890761607455,0.6636370467315315,
2025-08-05T10:37:15.328681,0.015625,-0.003906,1.011719,-1,-0.2211775386640661,0.8847997491400248,
2025-08-05T10:37:15.824436,0.019531,0.007812,1.015625,-1,0.4406184048097211,1.1016594360549303,
2025-08-05T10:37:16.326865,0.011719,0.003906,1.015625,-1,0.2203385252569125,0.6610850246801468,
2025-08-05T10:37:17.825364,0.011719,-0.003906,1.015625,-1,-0.2203385252569125,0.6610850246801468,
2025-08-05T10:37:18.327095,0.011719,-0.003906,1.015625,-1,-0.2203385252569125,0.6610850246801468,
2025-08-05T10:37:19.329755,0.007812,-0.003906,1.003906,-1,-0.2229186896483265,0.445840753767532,
2025-08-05T10:37:21.832974,-0.039062,-0.003906,1.023438,-1,-0.2185119174179575,-2.185755885438616,
2025-08-05T10:37:22.828096,0.015625,0.003906,1.027344,-1,0.2178144391557953,0.8713450088071322,
2025-08-05T10:37:23.326891,0.011719,-0.003906,1.023438,-1,-0.2186566827176238,0.6560387701732742,
2025-08-05T10:37:24.328182,0.011719,0.003906,1.015625,-1,0.2203385252569125,0.6610850246801468,
2025-08-05T10:37:24.835890,0.011719,0.003906,1.011719,-1,0.2211890761607455,0.6636370467315315,
2025-08-05T10:37:25.334069,0.015625,-0.003906,1.019531,-1,-0.2194832158151633,0.8780212720239244,
2025-08-05T10:37:25.828350,0.011719,-0.003906,1.015625,-1,-0.2203385252569125,0.6610850246801468,
2025-08-05T10:37:26.827309,0.011719,-0.003906,1.019531,-1,-0.2194944901765701,0.6585525540811924,
2025-08-05T10:37:27.328750,0.007812,0.003906,1.015625,-1,0.2203466746180019,0.440696608244391,
2025-08-05T10:37:27.826662,0.011719,-0.003906,1.007812,-1,-0.2220464389197426,0.6662095084908791,
2025-08-05T10:37:28.328146,0.011719,0.003906,1.019531,-1,0.2194944901765701,0.6585525540811924,
2025-08-05T10:37:28.832502,0.015625,0.003906,1.011719,-1,0.2211775386640661,0.8847997491400248,
2025-08-05T10:37:29.330198,0.007812,0.003906,1.023438,-1,0.2186646468807166,0.4373324787034078,
2025-08-05T10:37:29.825977,0.011719,-0.007812,1.015625,-1,-0.4406705335816567,0.6610703595179453,
2025-08-05T10:37:30.335351,0.015625,0.003906,1.015625,-1,0.2203271203396046,0.8813974792568712,
2025-08-05T10:37:30.830290,0.015625,0.003906,1.023438,-1,0.218645536959768,0.8746699746402803,
2025-08-05T10:37:32.336782,0.015625,0.007812,1.023438,-1,0.4372847060532876,0.8746508678011791,
2025-08-05T10:37:32.825796,0.007812,-0.003906,1.023438,-1,-0.2186646468807166,0.4373324787034078,
2025-08-05T10:37:33.330758,0.007812,0.003906,1.015625,-1,0.2203466746180019,0.440696608244391,
2025-08-05T10:37:34.329895,0.011719,-0.003906,1.019531,-1,-0.2194944901765701,0.6585525540811924,
2025-08-05T10:37:36.326882,0.007812,0.003906,1.019531,-1,0.2195025462409984,0.4390083141781417,
2025-08-05T10:37:37.833694,0.015625,-0.007812,1.019531,-1,-0.4389599902946896,0.878001944723601,
2025-08-05T10:37:38.331971,0.007812,0.007812,1.019531,-1,0.4389986494443306,0.4389986494443306,
2025-08-05T10:37:38.830861,0.015625,-0.003906,1.011719,-1,-0.2211775386640661,0.8847997491400248,
2025-08-05T10:37:41.835615,0.015625,-0.011719,1.019531,-1,-0.6584800673905775,0.8779697254972445,
2025-08-05T10:37:43.335301,0.007812,0.003906,1.015625,-1,0.2203466746180019,0.440696608244391,
2025-08-05T10:37:43.862305,0.007812,0.003906,1.011719,-1,0.2211973202646514,0.4423979374283344,
2025-08-05T10:37:44.332682,0.011719,-0.003906,1.015625,-1,-0.2203385252569125,0.6610850246801468,
2025-08-05T10:37:45.341465,0.011719,0.003906,1.019531,-1,0.2194944901765701,0.6585525540811924,
2025-08-05T10:37:46.353784,0.011719,-0.003906,1.019531,-1,-0.2194944901765701,0.6585525540811924,
2025-08-05T10:37:46.848905,0.019531,0.003906,1.007812,-1,0.2220197626139639,1.1102223499912978,
2025-08-05T10:37:47.836795,0.011719,-0.003906,1.015625,-1,-0.2203385252569125,0.6610850246801468,
2025-08-05T10:37:48.853361,0.015625,-0.003906,1.011719,-1,-0.2211775386640661,0.8847997491400248,
2025-08-05T10:37:49.337195,0.007812,-0.003906,1.023438,-1,-0.2186646468807166,0.4373324787034078,
2025-08-05T10:37:49.837645,0.011719,-0.003906,1.007812,-1,-0.2220464389197426,0.6662095084908791,
2025-08-05T10:37:50.338282,0.011719,-0.003906,1.019531,-1,-0.2194944901765701,0.6585525540811924,
2025-08-05T10:37:51.336892,0.011719,-0.003906,1.019531,-1,-0.2194944901765701,0.6585525540811924,
2025-08-05T10:37:53.335398,0.015625,-0.003906,1.015625,-1,-0.2203271203396046,0.8813974792568712,
2025-08-05T10:37:53.844287,0.007812,-0.003906,1.011719,-1,-0.2211973202646514,0.4423979374283344,
2025-08-05T10:37:54.836948,0.011719,-0.003906,1.019531,-1,-0.2194944901765701,0.6585525540811924,
2025-08-05T10:37:55.335921,0.015625,-0.003906,1.011719,-1,-0.2211775386640661,0.8847997491400248,
2025-08-05T10:37:56.338074,0.007812,-0.007812,1.015625,-1,-0.4406868315807243,0.4406868315807243,
2025-08-05T10:37:57.339881,0.015625,-0.003906,1.023438,-1,-0.218645536959768,0.8746699746402803,
2025-08-05T10:37:57.838009,0.019531,0.003906,1.046875,-1,0.2137383537448024,1.0688059962889551,
2025-08-05T10:37:58.841205,0.015625,-0.003906,1.023438,-1,-0.218645536959768,0.8746699746402803,
2025-08-05T10:37:59.338873,0.011719,-0.003906,1.019531,-1,-0.2194944901765701,0.6585525540811924,
2025-08-05T10:37:59.838769,0.011719,-0.003906,1.019531,-1,-0.2194944901765701,0.6585525540811924,
2025-08-05T10:38:00.347587,0.011719,-0.003906,1.023438,-1,-0.2186566827176238,0.6560387701732742,
2025-08-05T10:38:02.340369,0.011719,-0.003906,1.023438,-1,-0.2186566827176238,0.6560387701732742,
2025-08-05T10:38:04.337536,0.011719,0.003906,1.015625,-1,0.2203385252569125,0.6610850246801468,
2025-08-05T10:38:04.846391,0.007812,0.003906,1.015625,-1,0.2203466746180019,0.440696608244391,
2025-08-05T10:38:06.843055,0.011719,-0.007812,1.011719,-1,-0.4423715596291307,0.6636222110785278,
2025-08-05T10:38:07.361401,0.011719,0.003906,1.015625,-1,0.2203385252569125,0.6610850246801468,
2025-08-05T10:38:07.841528,0.015625,-0.007812,1.011719,-1,-0.4423484856673467,0.8847799707547714,
2025-08-05T10:38:08.340796,0.015625,0.003906,1.015625,-1,0.2203271203396046,0.8813974792568712,
2025-08-05T10:38:08.848825,0.015625,-0.003906,1.015625,-1,-0.2203271203396046,0.8813974792568712,
2025-08-05T10:38:09.343724,0.011719,-0.003906,1.015625,-1,-0.2203385252569125,0.6610850246801468,
2025-08-05T10:38:09.842892,0.011719,-0.003906,1.023438,-1,-0.2186566827176238,0.6560387701732742,
2025-08-05T10:38:10.843454,0.015625,-0.003906,1.015625,-1,-0.2203271203396046,0.8813974792568712,
2025-08-05T10:38:11.352493,0.015625,0.003906,1.019531,-1,0.2194832158151633,0.8780212720239244,
2025-08-05T10:38:12.346709,0.015625,-0.003906,1.023438,-1,-0.218645536959768,0.8746699746402803,
2025-08-05T10:38:12.844771,0.011719,-0.003906,1.015625,-1,-0.2203385252569125,0.6610850246801468,
2025-08-06T12:34:26.607046,-0.003906,0.011719,1.015625,-1,0.6610850246801468,-0.2203385252569125,
2025-08-06T12:34:27.095528,0.003906,0.007812,1.023438,-1,0.4373324787034078,0.2186646468807166,
2025-08-06T12:34:28.140132,0.003906,0.019531,1.019531,-1,1.09746422581127,0.2194687229956665,
2025-08-06T12:34:30.097387,-0.003906,0.015625,1.015625,-1,0.8813974792568712,-0.2203271203396046,
2025-08-06T12:34:31.098086,0.003906,0.011719,1.015625,-1,0.6610850246801468,0.2203385252569125,
2025-08-06T12:34:31.598340,0.003906,0.015625,1.019531,-1,0.8780212720239244,0.2194832158151633,
2025-08-06T12:34:32.097343,-0.007812,0.011719,1.015625,-1,0.6610703595179453,-0.4406705335816567,
2025-08-06T12:34:32.599153,-0.003906,0.011719,1.015625,-1,0.6610850246801468,-0.2203385252569125,
2025-08-06T12:34:33.599905,-0.003906,0.011719,1.015625,-1,0.6610850246801468,-0.2203385252569125,
2025-08-06T12:34:36.101449,-0.003906,0.015625,1.019531,-1,0.8780212720239244,-0.2194832158151633,
2025-08-06T12:34:37.606359,-0.003906,0.019531,1.023438,-1,1.0932757087945513,-0.2186312094366695,
2025-08-06T12:34:38.103434,0.003906,0.015625,1.027344,-1,0.8713450088071322,0.2178144391557953,
2025-08-06T12:34:38.599283,-0.003906,0.019531,1.011719,-1,1.105936086165227,-0.2211627076333394,
2025-08-06T12:34:39.102597,0.003906,0.011719,1.019531,-1,0.6585525540811924,0.2194944901765701,
2025-08-06T12:34:39.601448,0.003906,0.015625,1.019531,-1,0.8780212720239244,0.2194832158151633,
2025-08-06T12:34:40.602793,0.003906,0.015625,1.019531,-1,0.8780212720239244,0.2194832158151633,
2025-08-06T12:34:41.103998,-0.003906,0.015625,1.007812,-1,0.8882292657912181,-0.222034766746131,
2025-08-06T12:34:41.601877,0.003906,0.015625,1.015625,-1,0.8813974792568712,0.2203271203396046,
2025-08-06T12:34:42.101869,0.003906,0.011719,1.019531,-1,0.6585525540811924,0.2194944901765701,
2025-08-06T12:43:46.689449,-0.003906,0.011719,1.027344,-1,0.6535447393115237,-0.2178254582906934,
2025-08-06T12:43:47.183839,-0.003906,0.003906,1.027344,-1,0.2178380551330046,-0.2178380551330046,
2025-08-06T12:43:48.192993,-0.003906,0.011719,1.019531,-1,0.6585525540811924,-0.2194944901765701,
2025-08-06T12:43:53.688875,-0.003906,0.015625,1.027344,-1,0.8713450088071322,-0.2178144391557953,
2025-08-06T12:43:54.713354,0.003906,0.011719,1.019531,-1,0.6585525540811924,0.2194944901765701,
2025-08-06T12:43:56.202118,-0.003906,0.015625,1.019531,-1,0.8780212720239244,-0.2194832158151633,
2025-08-06T12:43:56.689040,-0.003906,0.007812,1.019531,-1,0.4390083141781417,-0.2195025462409984,
2025-08-06T12:43:58.200169,-0.003906,0.015625,1.019531,-1,0.8780212720239244,-0.2194832158151633,
2025-08-06T12:43:59.190602,-0.003906,0.011719,1.015625,-1,0.6610850246801468,-0.2203385252569125,
2025-08-06T12:44:00.691887,-0.003906,0.011719,1.007812,-1,0.6662095084908791,-0.2220464389197426,
2025-08-06T12:44:01.694351,-0.003906,0.011719,1.019531,-1,0.6585525540811924,-0.2194944901765701,
2025-08-06T12:44:03.191981,0.003906,0.007812,1.015625,-1,0.440696608244391,0.2203466746180019,
2025-08-06T12:44:04.193373,-0.003906,0.015625,1.015625,-1,0.8813974792568712,-0.2203271203396046,
2025-08-06T12:44:06.699853,0.003906,0.011719,1.023438,-1,0.6560387701732742,0.2186566827176238,
2025-08-06T12:44:07.706422,-0.007812,0.011719,1.023438,-1,0.6560244382772132,-0.4373069965951363,
2025-08-06T12:44:08.700501,-0.003906,0.015625,1.011719,-1,0.8847997491400248,-0.2211775386640661,
2025-08-06T12:44:09.201213,-0.003906,0.011719,1.011719,-1,0.6636370467315315,-0.2211890761607455,
2025-08-06T12:44:11.202394,-0.003906,0.007812,1.011719,-1,0.4423979374283344,-0.2211973202646514,
2025-08-06T12:44:12.205833,0.003906,0.011719,1.019531,-1,0.6585525540811924,0.2194944901765701,
2025-08-06T12:44:13.209338,-0.003906,0.015625,1.019531,-1,0.8780212720239244,-0.2194832158151633,
2025-08-06T12:44:14.711249,-0.003906,0.007812,1.019531,-1,0.4390083141781417,-0.2195025462409984,
2025-08-06T12:44:17.716428,-0.007812,0.015625,1.015625,-1,0.8813779281484703,-0.4406477247589351,
2025-08-06T12:44:20.218485,-0.003906,0.011719,1.015625,-1,0.6610850246801468,-0.2203385252569125,
2025-08-06T12:44:21.720787,-0.003906,0.011719,1.019531,-1,0.6585525540811924,-0.2194944901765701,
2025-08-06T12:44:22.236349,0.003906,0.011719,1.003906,-1,0.6688013239768625,0.2229102515819349,
2025-08-06T12:44:23.298621,-0.003906,0.011719,1.023438,-1,0.6560387701732742,-0.2186566827176238,
2025-08-06T12:44:23.720389,0.003906,0.011719,1.023438,-1,0.6560387701732742,0.2186566827176238,
2025-08-06T12:44:25.726217,-0.003906,0.011719,1.019531,-1,0.6585525540811924,-0.2194944901765701,
2025-08-06T12:44:29.866367,-0.003906,0.015625,1.023438,-1,0.8746699746402803,-0.218645536959768,
2025-08-06T12:44:30.232876,0.003906,0.015625,1.007812,-1,0.8882292657912181,0.222034766746131,
2025-08-06T12:44:31.233534,-0.003906,0.011719,1.023438,-1,0.6560387701732742,-0.2186566827176238,
2025-08-06T12:44:31.733071,0.003906,0.007812,1.019531,-1,0.4390083141781417,0.2195025462409984,
2025-08-06T12:44:32.735180,-0.003906,0.015625,1.015625,-1,0.8813974792568712,-0.2203271203396046,
2025-08-06T12:44:34.737182,0.003906,0.019531,1.015625,-1,1.101683871375512,0.2203124597146971,
2025-08-06T12:44:35.742162,-0.003906,0.011719,1.027344,-1,0.6535447393115237,-0.2178254582906934,
2025-08-06T12:44:36.241402,-0.003906,0.015625,1.015625,-1,0.8813974792568712,-0.2203271203396046,
2025-08-06T12:44:36.739858,-0.003906,0.011719,1.023438,-1,0.6560387701732742,-0.2186566827176238,
2025-08-06T12:44:37.245859,0.003906,0.015625,1.023438,-1,0.8746699746402803,0.218645536959768,
2025-08-06T12:44:37.754044,-0.003906,0.011719,1.023438,-1,0.6560387701732742,-0.2186566827176238,
2025-08-06T12:44:39.245768,-0.003906,0.011719,1.019531,-1,0.6585525540811924,-0.2194944901765701,
2025-08-06T12:44:41.247852,-0.003906,0.015625,1.015625,-1,0.8813974792568712,-0.2203271203396046,
2025-08-06T12:44:41.746022,-0.003906,0.019531,1.019531,-1,1.09746422581127,-0.2194687229956665,
2025-08-06T12:44:42.749401,-0.003906,0.015625,1.019531,-1,0.8780212720239244,-0.2194832158151633,
2025-08-06T12:44:43.746367,-0.003906,0.015625,1.011719,-1,0.8847997491400248,-0.2211775386640661,
2025-08-06T12:44:44.752438,-0.003906,0.015625,1.019531,-1,0.8780212720239244,-0.2194832158151633,
2025-08-06T12:44:45.250441,-0.003906,0.011719,1.019531,-1,0.6585525540811924,-0.2194944901765701,
2025-08-06T12:44:46.750972,0.003906,0.011719,1.019531,-1,0.6585525540811924,0.2194944901765701,
2025-08-06T12:44:47.251463,-0.003906,0.011719,1.007812,-1,0.6662095084908791,-0.2220464389197426,
2025-08-06T12:44:47.753284,0.003906,0.011719,1.007812,-1,0.6662095084908791,0.2220464389197426,
2025-08-06T12:44:48.755701,-0.003906,0.015625,1.011719,-1,0.8847997491400248,-0.2211775386640661,
2025-08-06T12:44:49.757089,-0.003906,0.011719,1.015625,-1,0.6610850246801468,-0.2203385252569125,
2025-08-06T12:44:51.270309,-0.003906,0.011719,1.015625,-1,0.6610850246801468,-0.2203385252569125,
2025-08-06T12:44:52.268819,0.003906,0.011719,1.019531,-1,0.6585525540811924,0.2194944901765701,
2025-08-06T12:44:53.761333,-0.003906,0.015625,1.019531,-1,0.8780212720239244,-0.2194832158151633,
2025-08-06T12:44:54.259415,0.003906,0.007812,1.023438,-1,0.4373324787034078,0.2186646468807166,
2025-08-06T12:44:55.261551,-0.003906,0.015625,1.011719,-1,0.8847997491400248,-0.2211775386640661,
2025-08-06T12:44:55.763346,-0.003906,0.007812,1.019531,-1,0.4390083141781417,-0.2195025462409984,
2025-08-06T12:44:57.766813,-0.007812,0.011719,1.015625,-1,0.6610703595179453,-0.4406705335816567,
2025-08-06T12:44:58.369527,0.003906,0.007812,1.023438,-1,0.4373324787034078,0.2186646468807166,
2025-08-06T12:44:58.768963,-0.003906,0.011719,1.019531,-1,0.6585525540811924,-0.2194944901765701,
2025-08-06T12:44:59.266130,-0.003906,0.011719,1.027344,-1,0.6535447393115237,-0.2178254582906934,
2025-08-06T12:45:00.769606,-0.003906,0.011719,1.011719,-1,0.6636370467315315,-0.2211890761607455,
2025-08-06T12:45:01.769866,-0.003906,0.015625,1.019531,-1,0.8780212720239244,-0.2194832158151633,
2025-08-06T12:45:06.775702,-0.003906,0.007812,1.007812,-1,0.4441128939204043,-0.2220547792655734,
2025-08-06T12:45:07.274821,-0.003906,0.015625,1.023438,-1,0.8746699746402803,-0.218645536959768,
2025-08-06T12:45:08.276626,-0.003906,0.011719,1.023438,-1,0.6560387701732742,-0.2186566827176238,
2025-08-06T12:45:13.783323,-0.003906,0.011719,1.011719,-1,0.6636370467315315,-0.2211890761607455,
2025-08-06T12:45:14.788939,0.003906,0.015625,1.027344,-1,0.8713450088071322,0.2178144391557953,
2025-08-06T12:45:16.288937,-0.003906,0.011719,1.015625,-1,0.6610850246801468,-0.2203385252569125,
2025-08-06T12:45:17.290387,0.007812,0.011719,1.015625,-1,0.6610703595179453,0.4406705335816567,
2025-08-06T12:45:20.297062,0.003906,0.011719,1.019531,-1,0.6585525540811924,0.2194944901765701,
2025-08-06T12:45:21.796584,0.003906,0.007812,1.015625,-1,0.440696608244391,0.2203466746180019,
2025-08-06T12:45:22.795413,-0.003906,0.015625,1.015625,-1,0.8813974792568712,-0.2203271203396046,
2025-08-06T12:45:23.294710,-0.003906,0.015625,1.015625,-1,0.8813974792568712,-0.2203271203396046,
2025-08-06T12:45:23.796395,-0.003906,0.011719,1.019531,-1,0.6585525540811924,-0.2194944901765701,
2025-08-06T12:45:25.802443,-0.003906,0.011719,1.019531,-1,0.6585525540811924,-0.2194944901765701,
2025-08-06T12:45:26.301361,-0.003906,0.011719,1.015625,-1,0.6610850246801468,-0.2203385252569125,
2025-08-06T12:45:26.808952,-0.007812,0.011719,1.015625,-1,0.6610703595179453,-0.4406705335816567,
2025-08-06T12:45:28.806715,0.003906,0.011719,1.011719,-1,0.6636370467315315,0.2211890761607455,
2025-08-06T12:45:29.810270,-0.003906,0.019531,1.023438,-1,1.0932757087945513,-0.2186312094366695,
2025-08-06T12:45:30.856274,0.003906,0.011719,1.015625,-1,0.6610850246801468,0.2203385252569125,
2025-08-06T12:45:32.923456,0.003906,0.015625,1.015625,-1,0.8813974792568712,0.2203271203396046,
2025-08-06T12:45:36.464718,0.003906,0.011719,1.023438,-1,0.6560387701732742,0.2186566827176238,
2025-08-06T12:45:36.927714,0.003906,0.007812,1.015625,-1,0.440696608244391,0.2203466746180019,
2025-08-06T12:45:38.627396,0.007812,0.007812,1.019531,-1,0.4389986494443306,0.4389986494443306,
2025-08-06T12:45:39.605749,0.003906,0.015625,1.023438,-1,0.8746699746402803,0.218645536959768,
2025-08-06T12:45:40.108134,0.003906,0.015625,1.023438,-1,0.8746699746402803,0.218645536959768,
2025-08-06T12:45:41.624886,0.003906,0.015625,1.023438,-1,0.8746699746402803,0.218645536959768,
2025-08-06T12:45:42.604660,0.003906,0.019531,1.015625,-1,1.101683871375512,0.2203124597146971,
2025-08-06T12:45:43.107461,-0.003906,0.011719,1.015625,-1,0.6610850246801468,-0.2203385252569125,
2025-08-06T12:45:43.605820,-0.003906,0.015625,1.019531,-1,0.8780212720239244,-0.2194832158151633,
2025-08-06T12:45:44.109462,-0.003906,0.011719,1.019531,-1,0.6585525540811924,-0.2194944901765701,
2025-08-06T12:45:45.108955,-0.003906,0.011719,1.015625,-1,0.6610850246801468,-0.2203385252569125,
2025-08-06T12:45:48.613408,-0.003906,0.011719,1.023438,-1,0.6560387701732742,-0.2186566827176238,
2025-08-06T12:45:49.116861,0.003906,0.011719,1.027344,-1,0.6535447393115237,0.2178254582906934,
2025-08-06T12:45:49.619860,-0.003906,0.011719,1.019531,-1,0.6585525540811924,-0.2194944901765701,
2025-08-06T12:45:50.121525,-0.003906,0.011719,1.023438,-1,0.6560387701732742,-0.2186566827176238,
2025-08-06T12:45:50.621900,-0.003906,0.007812,1.015625,-1,0.440696608244391,-0.2203466746180019,
2025-08-06T12:45:52.622775,0.003906,0.007812,1.011719,-1,0.4423979374283344,0.2211973202646514,
2025-08-06T12:45:53.119816,-0.003906,0.011719,1.023438,-1,0.6560387701732742,-0.2186566827176238,
2025-08-06T12:45:53.621827,-0.003906,0.011719,1.023438,-1,0.6560387701732742,-0.2186566827176238,
2025-08-06T12:45:56.126470,-0.003906,0.015625,1.023438,-1,0.8746699746402803,-0.218645536959768,
2025-08-06T12:45:56.628420,0.003906,0.011719,1.023438,-1,0.6560387701732742,0.2186566827176238,
2025-08-06T12:45:58.631441,0.003906,0.019531,1.023438,-1,1.0932757087945513,0.2186312094366695,
2025-08-06T12:45:59.133730,-0.003906,0.007812,1.015625,-1,0.440696608244391,-0.2203466746180019,
2025-08-06T12:46:00.659406,-0.003906,0.011719,1.019531,-1,0.6585525540811924,-0.2194944901765701,
2025-08-06T12:46:01.135889,0.007812,0.023438,1.011719,-1,1.3270664176621851,0.4422825712764741,
2025-08-06T12:46:02.170856,-0.003906,0.019531,1.015625,-1,1.101683871375512,-0.2203124597146971,
2025-08-06T12:46:03.165793,0.003906,0.015625,1.023438,-1,0.8746699746402803,0.218645536959768,
2025-08-06T12:46:03.638941,-0.003906,0.015625,1.015625,-1,0.8813974792568712,-0.2203271203396046,
2025-08-06T12:46:04.752004,-0.003906,0.011719,1.015625,-1,0.6610850246801468,-0.2203385252569125,
2025-08-06T12:46:05.857899,-0.003906,0.011719,1.019531,-1,0.6585525540811924,-0.2194944901765701,
2025-08-06T12:46:06.140184,-0.003906,0.011719,1.015625,-1,0.6610850246801468,-0.2203385252569125,
2025-08-06T12:46:06.640037,-0.003906,0.011719,1.023438,-1,0.6560387701732742,-0.2186566827176238,
2025-08-06T12:46:07.138850,-0.003906,0.011719,1.019531,-1,0.6585525540811924,-0.2194944901765701,
2025-08-06T12:46:08.142891,0.003906,0.011719,1.023438,-1,0.6560387701732742,0.2186566827176238,
2025-08-06T12:46:08.645966,-0.003906,0.011719,1.027344,-1,0.6535447393115237,-0.2178254582906934,
2025-08-06T12:46:10.144196,-0.003906,0.019531,1.015625,-1,1.101683871375512,-0.2203124597146971,
2025-08-06T12:46:10.645676,-0.003906,0.007812,1.011719,-1,0.4423979374283344,-0.2211973202646514,
2025-08-06T12:46:11.645082,-0.003906,0.011719,1.007812,-1,0.6662095084908791,-0.2220464389197426,
2025-08-06T12:46:12.144356,-0.003906,0.007812,1.019531,-1,0.4390083141781417,-0.2195025462409984,
2025-08-06T12:46:14.146856,-0.003906,0.015625,1.011719,-1,0.8847997491400248,-0.2211775386640661,
2025-08-06T12:46:16.152397,0.003906,0.007812,1.023438,-1,0.4373324787034078,0.2186646468807166,
2025-08-06T12:46:16.650341,-0.003906,0.003906,1.011719,-1,0.2212022656500535,-0.2212022656500535,
2025-08-06T12:46:20.153394,0.003906,0.011719,1.019531,-1,0.6585525540811924,0.2194944901765701,
2025-08-06T12:46:20.652661,-0.003906,0.015625,1.015625,-1,0.8813974792568712,-0.2203271203396046,
2025-08-06T12:46:22.154066,-0.003906,0.011719,1.011719,-1,0.6636370467315315,-0.2211890761607455,
2025-08-06T12:46:23.157566,-0.003906,0.011719,1.019531,-1,0.6585525540811924,-0.2194944901765701,
2025-08-06T12:46:23.656055,-0.003906,0.015625,1.003906,-1,0.8916845813426613,-0.2228984426624887,
2025-08-06T12:46:26.156523,-0.003906,0.019531,1.015625,-1,1.101683871375512,-0.2203124597146971,
2025-08-06T12:46:26.657524,-0.007812,0.011719,1.015625,-1,0.6610703595179453,-0.4406705335816567,
2025-08-06T12:46:27.659757,-0.003906,0.007812,1.015625,-1,0.440696608244391,-0.2203466746180019,
2025-08-06T12:46:28.661148,-0.007812,0.003906,1.015625,-1,0.2203466746180019,-0.440696608244391,
2025-08-06T12:46:29.161764,-0.007812,0.015625,1.019531,-1,0.878001944723601,-0.4389599902946896,
2025-08-06T12:46:30.160892,-0.003906,0.007812,1.019531,-1,0.4390083141781417,-0.2195025462409984,
2025-08-06T12:46:31.162845,-0.003906,0.011719,1.019531,-1,0.6585525540811924,-0.2194944901765701,
2025-08-06T12:46:31.662333,-0.003906,0.011719,1.015625,-1,0.6610850246801468,-0.2203385252569125,
2025-08-06T12:46:32.663358,-0.003906,0.011719,1.015625,-1,0.6610850246801468,-0.2203385252569125,
2025-08-06T12:46:33.664146,-0.007812,0.007812,1.015625,-1,0.4406868315807243,-0.4406868315807243,
2025-08-06T12:46:34.665273,-0.003906,0.011719,1.023438,-1,0.6560387701732742,-0.2186566827176238,
2025-08-06T12:46:35.172270,-0.003906,0.011719,1.015625,-1,0.6610850246801468,-0.2203385252569125,
2025-08-06T12:46:38.166619,0.003906,0.011719,1.023438,-1,0.6560387701732742,0.2186566827176238,
2025-08-06T12:46:39.672665,-0.003906,0.011719,1.019531,-1,0.6585525540811924,-0.2194944901765701,
2025-08-06T12:46:40.674102,-0.003906,0.011719,1.015625,-1,0.6610850246801468,-0.2203385252569125,
2025-08-06T12:46:41.174142,-0.003906,0.011719,1.023438,-1,0.6560387701732742,-0.2186566827176238,
2025-08-06T12:46:42.176782,0.003906,0.015625,1.011719,-1,0.8847997491400248,0.2211775386640661,
2025-08-06T12:46:42.686416,-0.003906,0.007812,1.007812,-1,0.4441128939204043,-0.2220547792655734,
2025-08-06T12:46:43.175520,-0.007812,0.011719,1.015625,-1,0.6610703595179453,-0.4406705335816567,
2025-08-06T12:46:43.676894,-0.003906,0.015625,1.015625,-1,0.8813974792568712,-0.2203271203396046,
2025-08-06T12:46:44.178352,0.003906,0.019531,1.023438,-1,1.0932757087945513,0.2186312094366695,
2025-08-06T12:46:47.679353,-0.003906,0.007812,1.019531,-1,0.4390083141781417,-0.2195025462409984,
2025-08-06T12:46:48.692392,-0.003906,0.007812,1.007812,-1,0.4441128939204043,-0.2220547792655734,
2025-08-06T12:46:50.184975,-0.003906,0.007812,1.019531,-1,0.4390083141781417,-0.2195025462409984,
2025-08-06T12:46:51.187201,0.003906,0.011719,1.015625,-1,0.6610850246801468,0.2203385252569125,
2025-08-06T12:46:51.685616,0.003906,0.003906,1.019531,-1,0.2195073788206799,0.2195073788206799,
2025-08-06T12:46:53.688381,-0.003906,0.007812,1.015625,-1,0.440696608244391,-0.2203466746180019,
2025-08-06T12:46:54.189019,-0.003906,0.011719,1.015625,-1,0.6610850246801468,-0.2203385252569125,
2025-08-06T12:46:54.688506,-0.007812,0.011719,1.015625,-1,0.6610703595179453,-0.4406705335816567,
2025-08-06T12:46:55.689776,-0.003906,0.015625,1.019531,-1,0.8780212720239244,-0.2194832158151633,
2025-08-06T12:46:56.188627,-0.003906,0.015625,1.019531,-1,0.8780212720239244,-0.2194832158151633,
2025-08-06T12:46:57.693102,-0.003906,0.011719,1.023438,-1,0.6560387701732742,-0.2186566827176238,
2025-08-06T12:46:59.696858,0.003906,0.011719,1.015625,-1,0.6610850246801468,0.2203385252569125,
2025-08-06T12:47:00.696162,-0.007812,0.007812,1.011719,-1,0.4423880470997661,-0.4423880470997661,
2025-08-06T12:47:01.198828,-0.003906,0.011719,1.015625,-1,0.6610850246801468,-0.2203385252569125,
2025-08-06T12:47:01.698194,-0.003906,0.015625,1.011719,-1,0.8847997491400248,-0.2211775386640661,
2025-08-06T12:47:02.200348,-0.003906,0.015625,1.019531,-1,0.8780212720239244,-0.2194832158151633,
2025-08-06T12:47:02.699899,-0.003906,0.011719,1.027344,-1,0.6535447393115237,-0.2178254582906934,
2025-08-06T12:47:03.200139,-0.003906,0.011719,1.023438,-1,0.6560387701732742,-0.2186566827176238,
2025-08-06T12:47:03.701957,-0.003906,0.011719,1.011719,-1,0.6636370467315315,-0.2211890761607455,
2025-08-06T12:47:04.201358,-0.003906,0.007812,1.019531,-1,0.4390083141781417,-0.2195025462409984,
2025-08-06T12:47:05.201168,-0.003906,0.007812,1.011719,-1,0.4423979374283344,-0.2211973202646514,
2025-08-06T12:47:06.707836,-0.003906,0.011719,1.015625,-1,0.6610850246801468,-0.2203385252569125,
2025-08-06T12:47:07.203686,-0.003906,0.015625,1.015625,-1,0.8813974792568712,-0.2203271203396046,
2025-08-06T12:47:08.207444,-0.003906,0.011719,1.023438,-1,0.6560387701732742,-0.2186566827176238,
2025-08-06T12:47:09.207672,-0.003906,0.011719,1.015625,-1,0.6610850246801468,-0.2203385252569125,
2025-08-06T12:47:10.209003,-0.003906,0.007812,1.023438,-1,0.4373324787034078,-0.2186646468807166,
2025-08-06T12:47:10.708385,-0.003906,0.011719,1.015625,-1,0.6610850246801468,-0.2203385252569125,
2025-08-06T12:47:11.711037,-0.003906,0.007812,1.019531,-1,0.4390083141781417,-0.2195025462409984,
2025-08-06T12:47:12.210144,0.007812,0.011719,1.015625,-1,0.6610703595179453,0.4406705335816567,
2025-08-06T12:47:12.712246,-0.003906,0.011719,1.015625,-1,0.6610850246801468,-0.2203385252569125,
2025-08-06T12:47:13.709376,-0.003906,0.011719,1.027344,-1,0.6535447393115237,-0.2178254582906934,
2025-08-06T12:47:14.711869,-0.003906,0.011719,1.019531,-1,0.6585525540811924,-0.2194944901765701,
2025-08-06T12:47:15.215135,-0.003906,0.015625,1.011719,-1,0.8847997491400248,-0.2211775386640661,
2025-08-06T12:47:15.716737,-0.003906,0.015625,1.019531,-1,0.8780212720239244,-0.2194832158151633,
2025-08-06T12:47:16.215889,-0.003906,0.011719,1.015625,-1,0.6610850246801468,-0.2203385252569125,
2025-08-06T12:47:16.716342,-0.007812,0.011719,1.019531,-1,0.6585380568074828,-0.4389825380248408,
2025-08-06T12:47:17.717549,-0.003906,0.015625,1.011719,-1,0.8847997491400248,-0.2211775386640661,
2025-08-06T12:47:18.223769,-0.003906,0.015625,1.019531,-1,0.8780212720239244,-0.2194832158151633,
2025-08-06T12:47:19.219696,-0.003906,0.011719,1.011719,-1,0.6636370467315315,-0.2211890761607455,
2025-08-06T12:47:19.721619,-0.003906,0.011719,1.023438,-1,0.6560387701732742,-0.2186566827176238,
2025-08-06T12:47:20.222822,-0.003906,0.007812,1.027344,-1,0.4356698126898492,-0.2178333319679526,
2025-08-06T12:47:20.724431,-0.003906,0.007812,1.007812,-1,0.4441128939204043,-0.2220547792655734,
2025-08-06T12:47:22.224431,-0.003906,0.007812,1.023438,-1,0.4373324787034078,-0.2186646468807166,
2025-08-06T12:47:23.727901,-0.003906,0.011719,1.011719,-1,0.6636370467315315,-0.2211890761607455,
2025-08-06T12:47:24.232206,-0.003906,0.011719,1.015625,-1,0.6610850246801468,-0.2203385252569125,
2025-08-06T12:47:24.728371,-0.003906,0.011719,1.023438,-1,0.6560387701732742,-0.2186566827176238,
2025-08-06T12:47:25.727831,-0.003906,0.011719,1.023438,-1,0.6560387701732742,-0.2186566827176238,
2025-08-06T12:47:26.230066,0.003906,0.011719,1.019531,-1,0.6585525540811924,0.2194944901765701,
2025-08-06T12:47:28.273845,-0.003906,0.019531,1.015625,-1,1.101683871375512,-0.2203124597146971,
2025-08-06T12:47:29.754068,-0.003906,0.011719,1.015625,-1,0.6610850246801468,-0.2203385252569125,
2025-08-06T12:47:30.255977,-0.003906,0.007812,1.015625,-1,0.440696608244391,-0.2203466746180019,
2025-08-06T12:47:31.256107,0.003906,0.015625,1.011719,-1,0.8847997491400248,0.2211775386640661,
2025-08-06T12:47:31.753611,-0.003906,0.011719,1.011719,-1,0.6636370467315315,-0.2211890761607455,
2025-08-06T12:47:32.755680,-0.003906,0.011719,1.027344,-1,0.6535447393115237,-0.2178254582906934,
2025-08-06T12:47:34.762081,-0.003906,0.011719,1.015625,-1,0.6610850246801468,-0.2203385252569125,
2025-08-06T12:47:35.760242,-0.003906,0.011719,1.019531,-1,0.6585525540811924,-0.2194944901765701,
2025-08-06T12:47:36.259576,-0.003906,0.011719,1.015625,-1,0.6610850246801468,-0.2203385252569125,
2025-08-06T12:47:36.759818,-0.003906,0.011719,1.027344,-1,0.6535447393115237,-0.2178254582906934,
2025-08-06T12:47:37.762105,0.003906,0.011719,1.015625,-1,0.6610850246801468,0.2203385252569125,
2025-08-06T12:47:38.259854,-0.003906,0.011719,1.011719,-1,0.6636370467315315,-0.2211890761607455,
2025-08-06T12:47:38.762331,-0.003906,0.007812,1.015625,-1,0.440696608244391,-0.2203466746180019,
2025-08-06T12:47:39.262467,-0.003906,0.011719,1.011719,-1,0.6636370467315315,-0.2211890761607455,
2025-08-06T12:47:39.767871,-0.003906,0.011719,1.023438,-1,0.6560387701732742,-0.2186566827176238,
2025-08-06T12:47:42.768903,-0.003906,0.015625,1.015625,-1,0.8813974792568712,-0.2203271203396046,
2025-08-06T12:47:43.772147,-0.003906,0.007812,1.019531,-1,0.4390083141781417,-0.2195025462409984,
2025-08-06T12:47:44.270612,-0.003906,0.015625,1.015625,-1,0.8813974792568712,-0.2203271203396046,
2025-08-06T12:47:47.276553,-0.011719,0.007812,1.015625,-1,0.4406705335816567,-0.6610703595179453,
2025-08-06T12:47:48.281407,-0.003906,0.011719,1.007812,-1,0.6662095084908791,-0.2220464389197426,
2025-08-06T12:47:50.281295,-0.003906,0.007812,1.011719,-1,0.4423979374283344,-0.2211973202646514,
2025-08-06T12:47:50.781359,-0.003906,0.007812,1.015625,-1,0.440696608244391,-0.2203466746180019,
2025-08-06T12:47:51.280901,-0.003906,0.011719,1.023438,-1,0.6560387701732742,-0.2186566827176238,
2025-08-06T12:47:52.288014,-0.003906,0.019531,1.019531,-1,1.09746422581127,-0.2194687229956665,
2025-08-06T12:47:53.786417,-0.003906,0.015625,1.011719,-1,0.8847997491400248,-0.2211775386640661,
2025-08-06T12:47:54.789037,-0.003906,0.007812,1.015625,-1,0.440696608244391,-0.2203466746180019,
2025-08-06T12:47:55.291079,-0.003906,0.015625,1.015625,-1,0.8813974792568712,-0.2203271203396046,
2025-08-06T12:47:55.790016,0.003906,0.011719,1.023438,-1,0.6560387701732742,0.2186566827176238,
2025-08-06T12:47:56.792043,-0.003906,0.011719,1.015625,-1,0.6610850246801468,-0.2203385252569125,
2025-08-06T12:47:57.292798,-0.003906,0.011719,1.023438,-1,0.6560387701732742,-0.2186566827176238,
2025-08-06T12:47:58.297092,-0.003906,0.015625,1.011719,-1,0.8847997491400248,-0.2211775386640661,
2025-08-06T12:47:59.796991,-0.003906,0.015625,1.019531,-1,0.8780212720239244,-0.2194832158151633,
2025-08-06T12:48:00.797343,-0.003906,0.011719,1.023438,-1,0.6560387701732742,-0.2186566827176238,
2025-08-06T12:48:01.300340,0.003906,0.011719,1.027344,-1,0.6535447393115237,0.2178254582906934,
2025-08-06T12:48:01.800645,-0.003906,0.011719,1.015625,-1,0.6610850246801468,-0.2203385252569125,
2025-08-06T12:48:05.307258,-0.007812,0.015625,1.019531,-1,0.878001944723601,-0.4389599902946896,
2025-08-06T12:48:06.306850,-0.003906,0.011719,1.019531,-1,0.6585525540811924,-0.2194944901765701,
2025-08-06T12:48:06.808262,-0.003906,0.011719,1.027344,-1,0.6535447393115237,-0.2178254582906934,
2025-08-06T12:48:09.814217,-0.003906,0.007812,1.019531,-1,0.4390083141781417,-0.2195025462409984,
2025-08-06T12:48:10.317213,-0.003906,0.011719,1.015625,-1,0.6610850246801468,-0.2203385252569125,
2025-08-06T12:48:10.811990,0.003906,0.007812,1.015625,-1,0.440696608244391,0.2203466746180019,
2025-08-06T12:48:13.317232,-0.003906,0.015625,1.023438,-1,0.8746699746402803,-0.218645536959768,
2025-08-06T12:48:15.318855,-0.003906,0.007812,1.019531,-1,0.4390083141781417,-0.2195025462409984,
2025-08-06T12:48:15.818560,-0.003906,0.015625,1.019531,-1,0.8780212720239244,-0.2194832158151633,
2025-08-06T12:48:16.320267,-0.003906,0.015625,1.015625,-1,0.8813974792568712,-0.2203271203396046,
2025-08-06T12:48:19.823679,-0.003906,0.011719,1.019531,-1,0.6585525540811924,-0.2194944901765701,
2025-08-06T12:48:21.323947,-0.003906,0.011719,1.023438,-1,0.6560387701732742,-0.2186566827176238,
2025-08-06T12:48:22.330212,0.007812,0.011719,1.015625,-1,0.6610703595179453,0.4406705335816567,
2025-08-06T12:48:23.326018,-0.003906,0.007812,1.023438,-1,0.4373324787034078,-0.2186646468807166,
2025-08-06T12:48:24.331624,-0.003906,0.015625,1.027344,-1,0.8713450088071322,-0.2178144391557953,
2025-08-06T12:48:24.829867,-0.003906,0.015625,1.027344,-1,0.8713450088071322,-0.2178144391557953,
2025-08-06T12:48:25.832248,-0.007812,0.011719,1.015625,-1,0.6610703595179453,-0.4406705335816567,
2025-08-06T12:48:28.839250,-0.003906,0.011719,1.015625,-1,0.6610850246801468,-0.2203385252569125,
2025-08-06T12:48:31.340514,-0.003906,0.007812,1.007812,-1,0.4441128939204043,-0.2220547792655734,
2025-08-06T12:48:31.839103,0.003906,0.015625,1.023438,-1,0.8746699746402803,0.218645536959768,
2025-08-06T12:48:32.345297,-0.003906,0.007812,1.011719,-1,0.4423979374283344,-0.2211973202646514,
2025-08-06T12:48:33.853715,-0.003906,0.011719,1.015625,-1,0.6610850246801468,-0.2203385252569125,
2025-08-06T12:48:34.345568,-0.003906,0.011719,1.015625,-1,0.6610850246801468,-0.2203385252569125,
2025-08-06T12:48:35.895341,0.003906,0.015625,1.023438,-1,0.8746699746402803,0.218645536959768,
2025-08-06T12:48:36.375968,-0.003906,0.011719,1.015625,-1,0.6610850246801468,-0.2203385252569125,
2025-08-06T12:48:36.876846,-0.003906,0.007812,1.015625,-1,0.440696608244391,-0.2203466746180019,
2025-08-06T12:48:37.376964,0.003906,0.011719,1.019531,-1,0.6585525540811924,0.2194944901765701,
2025-08-06T12:48:38.880358,-0.003906,0.011719,1.019531,-1,0.6585525540811924,-0.2194944901765701,
2025-08-06T12:48:41.885139,-0.011719,0.007812,1.015625,-1,0.4406705335816567,-0.6610703595179453,
2025-08-06T12:48:42.385652,-0.003906,0.011719,1.019531,-1,0.6585525540811924,-0.2194944901765701,
2025-08-06T12:48:42.884691,-0.003906,0.011719,1.015625,-1,0.6610850246801468,-0.2203385252569125,
2025-08-06T12:48:43.387239,0.003906,0.011719,1.015625,-1,0.6610850246801468,0.2203385252569125,
2025-08-06T12:48:44.386562,-0.003906,0.011719,1.011719,-1,0.6636370467315315,-0.2211890761607455,
2025-08-06T12:48:45.387800,-0.003906,0.011719,1.015625,-1,0.6610850246801468,-0.2203385252569125,
2025-08-06T12:48:45.888859,-0.003906,0.011719,1.019531,-1,0.6585525540811924,-0.2194944901765701,
2025-08-06T12:48:50.907386,-0.003906,0.011719,1.011719,-1,0.6636370467315315,-0.2211890761607455,
2025-08-06T12:48:51.394227,0.003906,0.011719,1.015625,-1,0.6610850246801468,0.2203385252569125,
2025-08-06T12:48:52.897901,-0.003906,0.007812,1.023438,-1,0.4373324787034078,-0.2186646468807166,
2025-08-06T12:48:53.397934,-0.003906,0.011719,1.019531,-1,0.6585525540811924,-0.2194944901765701,
2025-08-06T12:48:53.901004,-0.003906,0.007812,1.023438,-1,0.4373324787034078,-0.2186646468807166,
2025-08-06T12:48:54.396343,-0.003906,0.015625,1.019531,-1,0.8780212720239244,-0.2194832158151633,
2025-08-06T12:48:56.401692,-0.003906,0.011719,1.011719,-1,0.6636370467315315,-0.2211890761607455,
2025-08-06T12:48:58.402366,-0.003906,0.015625,1.015625,-1,0.8813974792568712,-0.2203271203396046,
2025-08-06T12:48:59.404562,-0.007812,0.011719,1.019531,-1,0.6585380568074828,-0.4389825380248408,
2025-08-06T12:48:59.905567,-0.003906,0.011719,1.019531,-1,0.6585525540811924,-0.2194944901765701,
2025-08-06T12:49:00.908379,0.003906,0.011719,1.003906,-1,0.6688013239768625,0.2229102515819349,
2025-08-06T12:49:02.410690,0.003906,0.007812,1.019531,-1,0.4390083141781417,0.2195025462409984,
2025-08-06T12:49:03.909343,-0.003906,0.011719,1.011719,-1,0.6636370467315315,-0.2211890761607455,
2025-08-06T12:49:04.909092,-0.003906,0.019531,1.015625,-1,1.101683871375512,-0.2203124597146971,
2025-08-06T12:49:05.909438,-0.003906,0.015625,1.007812,-1,0.8882292657912181,-0.222034766746131,
2025-08-06T12:49:06.412438,-0.003906,0.015625,1.015625,-1,0.8813974792568712,-0.2203271203396046,
2025-08-06T12:49:06.911249,-0.003906,0.011719,1.015625,-1,0.6610850246801468,-0.2203385252569125,
2025-08-06T12:49:07.913593,-0.003906,0.011719,1.015625,-1,0.6610850246801468,-0.2203385252569125,
2025-08-06T12:49:09.416395,0.003906,0.011719,1.011719,-1,0.6636370467315315,0.2211890761607455,
2025-08-06T12:49:09.920177,-0.007812,0.015625,1.019531,-1,0.878001944723601,-0.4389599902946896,
2025-08-06T12:49:10.416177,0.003906,0.015625,1.015625,-1,0.8813974792568712,0.2203271203396046,
2025-08-06T12:49:11.922391,-0.003906,0.007812,1.023438,-1,0.4373324787034078,-0.2186646468807166,
2025-08-06T12:49:13.422870,-0.003906,0.015625,1.011719,-1,0.8847997491400248,-0.2211775386640661,
2025-08-06T12:49:13.921664,-0.003906,0.011719,1.03125,-1,0.6510695985569274,-0.2170005293006272,
2025-08-06T12:49:14.924003,-0.007812,0.011719,1.023438,-1,0.6560244382772132,-0.4373069965951363,
2025-08-06T12:49:15.424262,-0.007812,0.011719,1.015625,-1,0.6610703595179453,-0.4406705335816567,
2025-08-06T12:49:16.426340,-0.003906,0.007812,1.015625,-1,0.440696608244391,-0.2203466746180019,
2025-08-06T12:49:16.926189,-0.003906,0.007812,1.023438,-1,0.4373324787034078,-0.2186646468807166,
2025-08-06T12:49:17.936675,-0.003906,0.011719,1.019531,-1,0.6585525540811924,-0.2194944901765701,
2025-08-06T12:49:18.428675,0.003906,0.015625,1.015625,-1,0.8813974792568712,0.2203271203396046,
2025-08-06T12:49:20.934321,-0.003906,0.011719,1.019531,-1,0.6585525540811924,-0.2194944901765701,
2025-08-06T12:49:21.432298,-0.003906,0.011719,1.011719,-1,0.6636370467315315,-0.2211890761607455,
2025-08-06T12:49:22.431559,-0.003906,0.019531,1.027344,-1,1.0891200973080457,-0.2178002743837658,
2025-08-06T12:49:24.442820,-0.003906,0.007812,1.019531,-1,0.4390083141781417,-0.2195025462409984,
2025-08-06T12:49:27.441208,0.003906,0.011719,1.011719,-1,0.6636370467315315,0.2211890761607455,
2025-08-06T12:49:28.940884,-0.003906,0.015625,1.019531,-1,0.8780212720239244,-0.2194832158151633,
2025-08-06T12:49:29.441674,-0.003906,0.011719,1.019531,-1,0.6585525540811924,-0.2194944901765701,
2025-08-06T12:49:30.441181,-0.003906,0.007812,1.019531,-1,0.4390083141781417,-0.2195025462409984,
2025-08-06T12:49:31.443654,-0.003906,0.015625,1.015625,-1,0.8813974792568712,-0.2203271203396046,
2025-08-06T12:49:32.444019,-0.003906,0.015625,1.023438,-1,0.8746699746402803,-0.218645536959768,
2025-08-06T12:49:32.950093,-0.003906,0.011719,1.019531,-1,0.6585525540811924,-0.2194944901765701,
2025-08-06T12:49:34.449646,-0.003906,0.011719,1.015625,-1,0.6610850246801468,-0.2203385252569125,
2025-08-06T12:49:34.947417,-0.003906,0.015625,1.019531,-1,0.8780212720239244,-0.2194832158151633,
2025-08-06T12:49:35.948854,-0.003906,0.007812,1.023438,-1,0.4373324787034078,-0.2186646468807166,
2025-08-06T12:49:37.952941,0.003906,0.011719,1.015625,-1,0.6610850246801468,0.2203385252569125,
2025-08-06T12:49:38.450871,-0.003906,0.015625,1.019531,-1,0.8780212720239244,-0.2194832158151633,
2025-08-06T12:49:38.952382,-0.003906,0.011719,1.023438,-1,0.6560387701732742,-0.2186566827176238,
2025-08-06T12:49:39.452818,-0.003906,0.015625,1.015625,-1,0.8813974792568712,-0.2203271203396046,
2025-08-06T12:49:42.458375,-0.003906,0.011719,1.015625,-1,0.6610850246801468,-0.2203385252569125,
2025-08-06T12:49:43.963122,-0.003906,0.015625,1.019531,-1,0.8780212720239244,-0.2194832158151633,
2025-08-06T12:49:46.464369,-0.003906,0.007812,1.011719,-1,0.4423979374283344,-0.2211973202646514,
2025-08-06T12:49:46.962863,-0.003906,0.015625,1.023438,-1,0.8746699746402803,-0.218645536959768,
2025-08-06T12:49:47.470857,-0.003906,0.019531,1.023438,-1,1.0932757087945513,-0.2186312094366695,
2025-08-06T12:49:48.462193,-0.003906,0.011719,1.003906,-1,0.6688013239768625,-0.2229102515819349,
2025-08-06T12:49:48.961862,-0.003906,0.007812,1.011719,-1,0.4423979374283344,-0.2211973202646514,
2025-08-06T12:49:51.464815,-0.003906,0.015625,1.019531,-1,0.8780212720239244,-0.2194832158151633,
2025-08-06T12:49:51.973269,-0.003906,0.011719,1.019531,-1,0.6585525540811924,-0.2194944901765701,
2025-08-06T12:49:52.467182,-0.007812,0.011719,1.019531,-1,0.6585380568074828,-0.4389825380248408,
2025-08-06T12:49:53.467219,-0.003906,0.011719,1.019531,-1,0.6585525540811924,-0.2194944901765701,
2025-08-06T12:49:54.468357,-0.003906,0.011719,1.015625,-1,0.6610850246801468,-0.2203385252569125,
2025-08-06T12:49:54.970448,-0.0625,0.042969,1.023438,-1,2.3996835874243576,-3.4915688408246512,
2025-08-06T12:49:55.972170,0.011719,0.007812,1.011719,-1,0.4423715596291307,0.6636222110785278,
2025-08-06T12:49:56.472979,-0.003906,0.019531,1.015625,-1,1.101683871375512,-0.2203124597146971,
2025-08-06T12:49:57.475211,-0.003906,0.011719,1.011719,-1,0.6636370467315315,-0.2211890761607455,
2025-08-06T12:49:58.475841,-0.003906,0.011719,1.019531,-1,0.6585525540811924,-0.2194944901765701,
2025-08-06T12:49:59.477094,-0.003906,0.007812,1.019531,-1,0.4390083141781417,-0.2195025462409984,
2025-08-06T12:49:59.977692,-0.003906,0.011719,1.03125,-1,0.6510695985569274,-0.2170005293006272,
2025-08-06T12:50:00.475896,-0.003906,0.011719,1.015625,-1,0.6610850246801468,-0.2203385252569125,
2025-08-06T12:50:00.977728,-0.003906,0.011719,1.011719,-1,0.6636370467315315,-0.2211890761607455,
2025-08-06T12:50:01.978490,-0.003906,0.007812,1.015625,-1,0.440696608244391,-0.2203466746180019,
2025-08-06T12:50:03.478340,-0.003906,0.003906,1.015625,-1,0.220351563166734,-0.220351563166734,
2025-08-06T12:50:03.978496,-0.003906,0.011719,1.015625,-1,0.6610850246801468,-0.2203385252569125,
2025-08-06T12:50:04.479137,-0.003906,0.007812,1.015625,-1,0.440696608244391,-0.2203466746180019,
2025-08-06T12:50:04.983137,-0.003906,0.019531,1.023438,-1,1.0932757087945513,-0.2186312094366695,
2025-08-06T12:50:07.481437,-0.003906,0.011719,1.015625,-1,0.6610850246801468,-0.2203385252569125,
2025-08-06T12:50:09.485829,-0.003906,0.011719,1.019531,-1,0.6585525540811924,-0.2194944901765701,
2025-08-06T12:50:10.486844,-0.003906,0.007812,1.015625,-1,0.440696608244391,-0.2203466746180019,
2025-08-06T12:50:10.994254,-0.003906,0.011719,1.015625,-1,0.6610850246801468,-0.2203385252569125,
2025-08-06T12:50:11.485658,0.003906,0.011719,1.015625,-1,0.6610850246801468,0.2203385252569125,
2025-08-06T12:50:12.486349,-0.003906,0.015625,1.027344,-1,0.8713450088071322,-0.2178144391557953,
2025-08-06T12:50:12.985317,-0.007812,0.011719,1.015625,-1,0.6610703595179453,-0.4406705335816567,
2025-08-06T12:50:14.484838,-0.003906,0.011719,1.019531,-1,0.6585525540811924,-0.2194944901765701,
2025-08-06T12:50:14.989618,-0.003906,0.015625,1.019531,-1,0.8780212720239244,-0.2194832158151633,
2025-08-06T12:50:15.487148,-0.003906,0.011719,1.023438,-1,0.6560387701732742,-0.2186566827176238,
2025-08-06T12:50:16.486575,-0.003906,0.011719,1.019531,-1,0.6585525540811924,-0.2194944901765701,
2025-08-06T12:50:17.489380,-0.003906,0.011719,1.019531,-1,0.6585525540811924,-0.2194944901765701,
2025-08-06T12:50:17.990033,-0.003906,0.007812,1.019531,-1,0.4390083141781417,-0.2195025462409984,
2025-08-06T12:50:18.989049,-0.003906,0.015625,1.023438,-1,0.8746699746402803,-0.218645536959768,
2025-08-06T12:50:20.493391,-0.003906,0.015625,1.023438,-1,0.8746699746402803,-0.218645536959768,
2025-08-06T12:50:23.004670,-0.003906,0.011719,1.011719,-1,0.6636370467315315,-0.2211890761607455,
2025-08-06T12:50:24.915730,-0.003906,0.011719,1.011719,-1,0.6636370467315315,-0.2211890761607455,
2025-08-06T12:50:26.000971,0.003906,0.015625,1.019531,-1,0.8780212720239244,0.2194832158151633,
2025-08-06T12:50:29.004676,-0.003906,0.015625,1.023438,-1,0.8746699746402803,-0.218645536959768,
2025-08-06T12:50:30.005841,-0.003906,0.015625,1.019531,-1,0.8780212720239244,-0.2194832158151633,
2025-08-06T12:50:30.507224,-0.003906,0.011719,1.019531,-1,0.6585525540811924,-0.2194944901765701,
2025-08-06T12:50:31.007068,-0.003906,0.011719,1.019531,-1,0.6585525540811924,-0.2194944901765701,
2025-08-06T12:50:33.015297,-0.003906,0.011719,1.023438,-1,0.6560387701732742,-0.2186566827176238,
2025-08-06T12:50:33.511525,0.003906,0.011719,1.019531,-1,0.6585525540811924,0.2194944901765701,
2025-08-06T12:50:34.011693,-0.003906,0.011719,1.023438,-1,0.6560387701732742,-0.2186566827176238,
2025-08-06T12:50:35.011844,-0.003906,0.011719,1.019531,-1,0.6585525540811924,-0.2194944901765701,
2025-08-06T12:50:36.015735,-0.003906,0.011719,1.019531,-1,0.6585525540811924,-0.2194944901765701,
2025-08-06T12:50:36.517975,-0.003906,0.011719,1.015625,-1,0.6610850246801468,-0.2203385252569125,
2025-08-06T12:50:37.515678,-0.003906,0.007812,1.019531,-1,0.4390083141781417,-0.2195025462409984,
2025-08-06T12:50:38.017099,-0.003906,0.015625,1.019531,-1,0.8780212720239244,-0.2194832158151633,
2025-08-06T12:50:39.020652,-0.003906,0.011719,1.019531,-1,0.6585525540811924,-0.2194944901765701,
2025-08-06T12:50:40.022471,-0.003906,0.007812,1.015625,-1,0.440696608244391,-0.2203466746180019,
2025-08-06T12:50:40.523472,-0.003906,0.011719,1.015625,-1,0.6610850246801468,-0.2203385252569125,
2025-08-06T12:50:41.522608,-0.007812,0.011719,1.019531,-1,0.6585380568074828,-0.4389825380248408,
2025-08-06T12:50:42.023156,-0.003906,0.007812,1.019531,-1,0.4390083141781417,-0.2195025462409984,
2025-08-06T12:50:42.525410,-0.003906,0.011719,1.015625,-1,0.6610850246801468,-0.2203385252569125,
2025-08-06T12:50:43.025856,-0.003906,0.011719,1.023438,-1,0.6560387701732742,-0.2186566827176238,
2025-08-06T12:50:43.527064,-0.003906,0.007812,1.011719,-1,0.4423979374283344,-0.2211973202646514,
2025-08-06T12:50:44.526483,-0.003906,0.011719,1.015625,-1,0.6610850246801468,-0.2203385252569125,
2025-08-06T12:50:45.028765,-0.003906,0.011719,1.015625,-1,0.6610850246801468,-0.2203385252569125,
2025-08-06T12:50:45.531711,-0.003906,0.011719,1.023438,-1,0.6560387701732742,-0.2186566827176238,
2025-08-06T12:50:46.028904,-0.007812,0.011719,1.019531,-1,0.6585380568074828,-0.4389825380248408,
2025-08-06T12:50:46.529824,-0.003906,0.015625,1.015625,-1,0.8813974792568712,-0.2203271203396046,
2025-08-06T12:50:49.035063,-0.003906,0.011719,1.015625,-1,0.6610850246801468,-0.2203385252569125,
2025-08-06T12:50:49.540710,-0.003906,0.011719,1.015625,-1,0.6610850246801468,-0.2203385252569125,
2025-08-06T12:50:50.038171,-0.003906,0.011719,1.023438,-1,0.6560387701732742,-0.2186566827176238,
2025-08-06T12:50:51.035492,-0.003906,0.007812,1.015625,-1,0.440696608244391,-0.2203466746180019,
2025-08-06T12:50:52.039335,-0.003906,0.011719,1.019531,-1,0.6585525540811924,-0.2194944901765701,
2025-08-06T12:50:53.040134,-0.003906,0.011719,1.011719,-1,0.6636370467315315,-0.2211890761607455,
2025-08-06T12:50:54.041264,-0.007812,0.007812,1.015625,-1,0.4406868315807243,-0.4406868315807243,
2025-08-06T12:50:54.542575,-0.003906,0.011719,1.023438,-1,0.6560387701732742,-0.2186566827176238,
2025-08-06T12:50:55.543999,0.003906,0.007812,1.015625,-1,0.440696608244391,0.2203466746180019,
2025-08-06T12:50:56.545581,-0.003906,0.011719,1.023438,-1,0.6560387701732742,-0.2186566827176238,
2025-08-06T12:50:57.046362,-0.003906,0.015625,1.015625,-1,0.8813974792568712,-0.2203271203396046,
2025-08-06T12:50:58.048866,-0.003906,0.007812,1.023438,-1,0.4373324787034078,-0.2186646468807166,
2025-08-06T12:50:58.548343,-0.003906,0.015625,1.027344,-1,0.8713450088071322,-0.2178144391557953,
2025-08-06T12:50:59.548285,-0.003906,0.007812,1.027344,-1,0.4356698126898492,-0.2178333319679526,
2025-08-06T12:51:01.552454,-0.003906,0.011719,1.023438,-1,0.6560387701732742,-0.2186566827176238,
2025-08-06T12:51:03.052317,-0.003906,0.011719,1.019531,-1,0.6585525540811924,-0.2194944901765701,
2025-08-06T12:51:04.554272,-0.003906,0.011719,1.019531,-1,0.6585525540811924,-0.2194944901765701,
2025-08-06T12:51:05.053206,-0.003906,0.015625,1.019531,-1,0.8780212720239244,-0.2194832158151633,
2025-08-06T12:51:06.054456,0.003906,0.011719,1.015625,-1,0.6610850246801468,0.2203385252569125,
2025-08-06T12:51:08.557341,-0.003906,0.007812,1.019531,-1,0.4390083141781417,-0.2195025462409984,
2025-08-06T12:51:09.067151,-0.003906,0.011719,1.011719,-1,0.6636370467315315,-0.2211890761607455,
2025-08-06T12:51:10.056951,-0.003906,0.011719,1.015625,-1,0.6610850246801468,-0.2203385252569125,
2025-08-06T12:51:11.559565,-0.003906,0.011719,1.015625,-1,0.6610850246801468,-0.2203385252569125,
2025-08-06T12:51:14.062837,-0.003906,0.007812,1.007812,-1,0.4441128939204043,-0.2220547792655734,
2025-08-06T12:51:15.566686,-0.003906,0.011719,1.015625,-1,0.6610850246801468,-0.2203385252569125,
2025-08-06T12:51:16.065240,-0.003906,0.007812,1.023438,-1,0.4373324787034078,-0.2186646468807166,
2025-08-06T12:51:18.068447,-0.003906,0.007812,1.023438,-1,0.4373324787034078,-0.2186646468807166,
2025-08-06T12:51:19.069918,-0.003906,0.015625,1.011719,-1,0.8847997491400248,-0.2211775386640661,
2025-08-06T12:51:19.569981,-0.003906,0.019531,1.023438,-1,1.0932757087945513,-0.2186312094366695,
2025-08-06T12:51:20.071663,-0.003906,0.011719,1.023438,-1,0.6560387701732742,-0.2186566827176238,
2025-08-06T12:51:20.570493,-0.003906,0.011719,1.015625,-1,0.6610850246801468,-0.2203385252569125,
2025-08-06T12:51:23.083530,0.003906,0.007812,1.007812,-1,0.4441128939204043,0.2220547792655734,
2025-08-06T12:51:25.081642,-0.003906,0.015625,1.015625,-1,0.8813974792568712,-0.2203271203396046,
2025-08-06T12:51:27.080855,-0.003906,0.011719,1.019531,-1,0.6585525540811924,-0.2194944901765701,
2025-08-06T12:51:28.084325,0.003906,0.007812,1.015625,-1,0.440696608244391,0.2203466746180019,
2025-08-06T12:51:28.583134,-0.003906,0.007812,1.015625,-1,0.440696608244391,-0.2203466746180019,
2025-08-06T12:51:29.086673,-0.003906,0.011719,1.015625,-1,0.6610850246801468,-0.2203385252569125,
2025-08-06T12:51:29.589847,-0.003906,0.015625,1.023438,-1,0.8746699746402803,-0.218645536959768,
2025-08-06T12:51:32.588060,-0.007812,0.007812,1.015625,-1,0.4406868315807243,-0.4406868315807243,
2025-08-06T12:51:33.087309,-0.007812,0.019531,1.007812,-1,1.1101973421191749,-0.4440328579802196,
2025-08-06T12:51:33.587478,-0.003906,0.011719,1.015625,-1,0.6610850246801468,-0.2203385252569125,
2025-08-06T12:51:34.091061,-0.003906,0.007812,1.027344,-1,0.4356698126898492,-0.2178333319679526,
2025-08-06T12:51:34.589332,-0.003906,0.007812,1.023438,-1,0.4373324787034078,-0.2186646468807166,
2025-08-06T12:51:38.095514,-0.003906,0.011719,1.011719,-1,0.6636370467315315,-0.2211890761607455,
2025-08-06T12:51:40.603404,-0.003906,0.015625,1.011719,-1,0.8847997491400248,-0.2211775386640661,
2025-08-06T12:51:41.603355,-0.003906,0.011719,1.019531,-1,0.6585525540811924,-0.2194944901765701,
2025-08-06T12:51:42.103953,-0.003906,0.015625,1.015625,-1,0.8813974792568712,-0.2203271203396046,
2025-08-06T12:51:42.601546,-0.003906,0.015625,1.015625,-1,0.8813974792568712,-0.2203271203396046,
2025-08-06T12:51:43.104409,-0.003906,0.011719,1.011719,-1,0.6636370467315315,-0.2211890761607455,
2025-08-06T12:51:45.610497,-0.003906,0.011719,1.023438,-1,0.6560387701732742,-0.2186566827176238,
2025-08-06T12:51:46.108162,-0.003906,0.015625,1.019531,-1,0.8780212720239244,-0.2194832158151633,
2025-08-06T12:51:47.609514,-0.003906,0.011719,1.019531,-1,0.6585525540811924,-0.2194944901765701,
2025-08-06T12:51:48.111840,-0.007812,0.015625,1.015625,-1,0.8813779281484703,-0.4406477247589351,
2025-08-06T12:51:50.626449,-0.003906,0.007812,1.015625,-1,0.440696608244391,-0.2203466746180019,
2025-08-06T12:51:51.116725,-0.003906,0.015625,1.023438,-1,0.8746699746402803,-0.218645536959768,
2025-08-06T12:51:51.615803,-0.003906,0.011719,1.019531,-1,0.6585525540811924,-0.2194944901765701,
2025-08-06T12:51:52.115451,-0.003906,0.011719,1.011719,-1,0.6636370467315315,-0.2211890761607455,
2025-08-06T12:51:52.617601,-0.003906,0.015625,1.019531,-1,0.8780212720239244,-0.2194832158151633,
2025-08-06T12:51:53.118373,-0.003906,0.015625,1.007812,-1,0.8882292657912181,-0.222034766746131,
2025-08-06T12:51:53.618667,-0.003906,0.011719,1.015625,-1,0.6610850246801468,-0.2203385252569125,
2025-08-06T12:51:54.619617,-0.003906,0.007812,1.015625,-1,0.440696608244391,-0.2203466746180019,
2025-08-06T12:52:02.128400,-0.003906,0.011719,1.019531,-1,0.6585525540811924,-0.2194944901765701,
2025-08-06T12:52:04.633819,-0.003906,0.011719,1.019531,-1,0.6585525540811924,-0.2194944901765701,
2025-08-06T12:52:05.634831,-0.003906,0.011719,1.011719,-1,0.6636370467315315,-0.2211890761607455,
2025-08-06T12:52:06.146355,-0.003906,0.015625,1.011719,-1,0.8847997491400248,-0.2211775386640661,
2025-08-06T12:52:07.140103,-0.003906,0.015625,1.015625,-1,0.8813974792568712,-0.2203271203396046,
2025-08-06T12:52:07.637093,-0.003906,0.015625,1.015625,-1,0.8813974792568712,-0.2203271203396046,
2025-08-06T12:52:08.141833,0.003906,0.011719,1.019531,-1,0.6585525540811924,0.2194944901765701,
2025-08-06T12:52:08.637286,-0.003906,0.011719,1.019531,-1,0.6585525540811924,-0.2194944901765701,
2025-08-06T12:52:10.141527,-0.003906,0.007812,1.019531,-1,0.4390083141781417,-0.2195025462409984,
2025-08-06T12:52:11.250344,-0.003906,0.011719,1.023438,-1,0.6560387701732742,-0.2186566827176238,
2025-08-06T12:52:11.638334,0.003906,0.007812,1.023438,-1,0.4373324787034078,0.2186646468807166,
2025-08-06T12:52:12.141829,-0.003906,0.015625,1.015625,-1,0.8813974792568712,-0.2203271203396046,
2025-08-06T12:52:13.140234,-0.003906,0.011719,1.011719,-1,0.6636370467315315,-0.2211890761607455,
2025-08-06T12:52:15.141541,-0.003906,0.011719,1.019531,-1,0.6585525540811924,-0.2194944901765701,
2025-08-06T12:52:15.642955,-0.003906,0.015625,1.015625,-1,0.8813974792568712,-0.2203271203396046,
2025-08-06T12:52:17.651554,-0.003906,0.011719,1.027344,-1,0.6535447393115237,-0.2178254582906934,
2025-08-06T12:52:18.149368,-0.003906,0.007812,1.015625,-1,0.440696608244391,-0.2203466746180019,
2025-08-06T12:52:20.657364,-0.003906,0.011719,1.011719,-1,0.6636370467315315,-0.2211890761607455,
2025-08-06T12:52:21.152724,0.003906,0.011719,1.007812,-1,0.6662095084908791,0.2220464389197426,
2025-08-06T12:52:22.154911,-0.003906,0.007812,1.015625,-1,0.440696608244391,-0.2203466746180019,
2025-08-06T12:52:22.654423,-0.003906,0.015625,1.015625,-1,0.8813974792568712,-0.2203271203396046,
2025-08-06T12:52:23.155838,-0.003906,0.003906,1.023438,-1,0.218669424328471,-0.218669424328471,
2025-08-06T12:52:23.655951,-0.003906,0.007812,1.019531,-1,0.4390083141781417,-0.2195025462409984,
2025-08-06T12:52:26.159766,-0.003906,0.007812,1.015625,-1,0.440696608244391,-0.2203466746180019,
2025-08-06T12:52:26.659977,-0.003906,0.011719,1.019531,-1,0.6585525540811924,-0.2194944901765701,
2025-08-06T12:52:27.165434,-0.003906,0.007812,1.011719,-1,0.4423979374283344,-0.2211973202646514,
2025-08-06T12:52:27.663706,-0.003906,0.015625,1.019531,-1,0.8780212720239244,-0.2194832158151633,
2025-08-06T12:52:29.670224,-0.003906,0.011719,1.027344,-1,0.6535447393115237,-0.2178254582906934,
2025-08-06T12:52:30.168650,-0.003906,0.007812,1.019531,-1,0.4390083141781417,-0.2195025462409984,
2025-08-06T12:52:30.669688,-0.003906,0.011719,1.011719,-1,0.6636370467315315,-0.2211890761607455,
2025-08-06T12:52:31.167503,-0.003906,0.007812,1.019531,-1,0.4390083141781417,-0.2195025462409984,
2025-08-06T12:52:32.171601,-0.003906,0.011719,1.019531,-1,0.6585525540811924,-0.2194944901765701,
2025-08-06T12:52:33.225546,-0.003906,0.011719,1.023438,-1,0.6560387701732742,-0.2186566827176238,
2025-08-06T12:52:33.800484,-0.003906,0.015625,1.019531,-1,0.8780212720239244,-0.2194832158151633,
2025-08-06T12:52:35.794378,-0.003906,0.011719,1.019531,-1,0.6585525540811924,-0.2194944901765701,
2025-08-06T12:52:36.795136,-0.003906,0.011719,1.015625,-1,0.6610850246801468,-0.2203385252569125,
2025-08-06T12:52:37.806752,0.003906,0.011719,1.023438,-1,0.6560387701732742,0.2186566827176238,
2025-08-06T12:52:39.297159,-0.003906,0.011719,1.011719,-1,0.6636370467315315,-0.2211890761607455,
2025-08-06T12:52:42.301247,-0.003906,0.011719,1.027344,-1,0.6535447393115237,-0.2178254582906934,
2025-08-06T12:52:42.804850,-0.003906,0.011719,1.007812,-1,0.6662095084908791,-0.2220464389197426,
2025-08-06T12:52:43.810942,-0.003906,0.011719,1.023438,-1,0.6560387701732742,-0.2186566827176238,
2025-08-06T12:52:44.306227,0.003906,0.011719,1.023438,-1,0.6560387701732742,0.2186566827176238,
2025-08-06T12:52:44.804678,-0.003906,0.011719,1.019531,-1,0.6585525540811924,-0.2194944901765701,
2025-08-06T12:52:45.307576,-0.003906,0.011719,1.019531,-1,0.6585525540811924,-0.2194944901765701,
2025-08-06T12:52:45.808331,-0.003906,0.007812,1.015625,-1,0.440696608244391,-0.2203466746180019,
2025-08-06T12:52:46.810330,-0.003906,0.011719,1.015625,-1,0.6610850246801468,-0.2203385252569125,
2025-08-06T12:52:47.309177,-0.003906,0.011719,1.019531,-1,0.6585525540811924,-0.2194944901765701,
2025-08-06T12:52:48.309734,0.003906,0.011719,1.023438,-1,0.6560387701732742,0.2186566827176238,
2025-08-06T12:52:48.817880,0.003906,0.007812,1.011719,-1,0.4423979374283344,0.2211973202646514,
2025-08-06T12:52:49.311562,-0.003906,0.011719,1.023438,-1,0.6560387701732742,-0.2186566827176238,
2025-08-06T12:52:49.824169,-0.003906,0.011719,1.027344,-1,0.6535447393115237,-0.2178254582906934,
2025-08-06T12:52:51.815897,-0.003906,0.011719,1.027344,-1,0.6535447393115237,-0.2178254582906934,
2025-08-06T12:52:52.331966,-0.003906,0.011719,1.011719,-1,0.6636370467315315,-0.2211890761607455,
2025-08-06T12:52:52.820624,-0.007812,0.011719,1.015625,-1,0.6610703595179453,-0.4406705335816567,
2025-08-06T12:52:53.323834,-0.003906,0.011719,1.015625,-1,0.6610850246801468,-0.2203385252569125,
2025-08-06T12:52:53.821630,-0.003906,0.015625,1.019531,-1,0.8780212720239244,-0.2194832158151633,
2025-08-06T12:52:54.320626,-0.003906,0.011719,1.015625,-1,0.6610850246801468,-0.2203385252569125,
2025-08-06T12:52:55.368209,-0.003906,0.015625,1.019531,-1,0.8780212720239244,-0.2194832158151633,
2025-08-06T12:52:55.822963,-0.007812,0.003906,1.015625,-1,0.2203466746180019,-0.440696608244391,
2025-08-06T12:52:56.827817,-0.003906,0.011719,1.015625,-1,0.6610850246801468,-0.2203385252569125,
2025-08-06T12:52:57.324409,-0.003906,0.011719,1.019531,-1,0.6585525540811924,-0.2194944901765701,
2025-08-06T12:52:57.826002,-0.003906,0.011719,1.019531,-1,0.6585525540811924,-0.2194944901765701,
2025-08-06T12:52:58.325337,-0.003906,0.011719,1.019531,-1,0.6585525540811924,-0.2194944901765701,
2025-08-06T12:52:58.825762,-0.003906,0.007812,1.023438,-1,0.4373324787034078,-0.2186646468807166,
2025-08-06T12:52:59.327051,-0.003906,0.015625,1.027344,-1,0.8713450088071322,-0.2178144391557953,
2025-08-06T12:52:59.826247,0.003906,0.015625,1.015625,-1,0.8813974792568712,0.2203271203396046,
2025-08-06T12:53:00.331870,-0.003906,0.011719,1.015625,-1,0.6610850246801468,-0.2203385252569125,
2025-08-06T12:53:01.333826,-0.003906,0.011719,1.011719,-1,0.6636370467315315,-0.2211890761607455,
2025-08-06T12:53:01.835487,-0.003906,0.015625,1.019531,-1,0.8780212720239244,-0.2194832158151633,
2025-08-06T12:53:03.336510,-0.003906,0.015625,1.019531,-1,0.8780212720239244,-0.2194832158151633,
2025-08-06T12:53:04.840679,-0.003906,0.007812,1.019531,-1,0.4390083141781417,-0.2195025462409984,
2025-08-06T12:53:05.839249,-0.003906,0.015625,1.015625,-1,0.8813974792568712,-0.2203271203396046,
2025-08-06T12:53:06.343616,0.003906,0.011719,1.015625,-1,0.6610850246801468,0.2203385252569125,
2025-08-06T12:53:06.847819,-0.003906,0.007812,1.011719,-1,0.4423979374283344,-0.2211973202646514,
2025-08-06T12:53:07.339542,-0.003906,0.015625,1.015625,-1,0.8813974792568712,-0.2203271203396046,
2025-08-06T12:53:07.841846,-0.003906,0.007812,1.011719,-1,0.4423979374283344,-0.2211973202646514,
2025-08-06T12:53:08.351970,0.003906,0.011719,1.019531,-1,0.6585525540811924,0.2194944901765701,
2025-08-06T12:53:09.006914,-0.003906,0.011719,1.015625,-1,0.6610850246801468,-0.2203385252569125,
2025-08-06T12:53:09.841376,-0.003906,0.007812,1.015625,-1,0.440696608244391,-0.2203466746180019,
2025-08-06T12:53:10.385822,-0.003906,0.015625,1.015625,-1,0.8813974792568712,-0.2203271203396046,
2025-08-06T12:53:11.346556,-0.003906,0.007812,1.015625,-1,0.440696608244391,-0.2203466746180019,
2025-08-06T12:53:11.843643,0.003906,0.015625,1.015625,-1,0.8813974792568712,0.2203271203396046,
2025-08-06T12:53:12.344103,-0.003906,0.007812,1.015625,-1,0.440696608244391,-0.2203466746180019,
2025-08-06T12:53:12.844765,-0.003906,0.011719,1.019531,-1,0.6585525540811924,-0.2194944901765701,
2025-08-06T12:53:14.845820,-0.003906,0.007812,1.027344,-1,0.4356698126898492,-0.2178333319679526,
2025-08-06T12:53:16.349927,0.003906,0.015625,1.011719,-1,0.8847997491400248,0.2211775386640661,
2025-08-06T12:53:17.349620,-0.003906,0.015625,1.019531,-1,0.8780212720239244,-0.2194832158151633,
2025-08-06T12:53:18.353481,-0.003906,0.011719,1.019531,-1,0.6585525540811924,-0.2194944901765701,
2025-08-06T12:53:20.357490,-0.003906,0.007812,1.023438,-1,0.4373324787034078,-0.2186646468807166,
2025-08-06T12:53:21.357640,-0.003906,0.011719,1.007812,-1,0.6662095084908791,-0.2220464389197426,
2025-08-06T12:53:21.857193,-0.003906,0.007812,1.019531,-1,0.4390083141781417,-0.2195025462409984,
2025-08-06T12:53:22.359993,-0.003906,0.011719,1.027344,-1,0.6535447393115237,-0.2178254582906934,
2025-08-06T12:53:23.360365,-0.003906,0.015625,1.019531,-1,0.8780212720239244,-0.2194832158151633,
2025-08-06T12:53:24.359851,0.003906,0.015625,1.023438,-1,0.8746699746402803,0.218645536959768,
2025-08-06T12:53:25.409726,-0.003906,0.011719,1.023438,-1,0.6560387701732742,-0.2186566827176238,
2025-08-06T12:53:25.873723,-0.003906,0.015625,1.023438,-1,0.8746699746402803,-0.218645536959768,
2025-08-06T12:53:26.860360,-0.003906,0.011719,1.011719,-1,0.6636370467315315,-0.2211890761607455,
2025-08-06T12:53:27.359777,-0.003906,0.007812,1.019531,-1,0.4390083141781417,-0.2195025462409984,
2025-08-06T12:53:29.367111,-0.003906,0.011719,1.019531,-1,0.6585525540811924,-0.2194944901765701,
2025-08-06T12:53:29.862793,-0.003906,0.011719,1.019531,-1,0.6585525540811924,-0.2194944901765701,
2025-08-06T12:53:30.365372,0.003906,0.011719,1.015625,-1,0.6610850246801468,0.2203385252569125,
2025-08-06T12:53:31.365187,-0.003906,0.015625,1.023438,-1,0.8746699746402803,-0.218645536959768,
2025-08-06T12:53:31.867510,-0.003906,0.011719,1.015625,-1,0.6610850246801468,-0.2203385252569125,
2025-08-06T12:53:32.375324,-0.007812,0.011719,1.019531,-1,0.6585380568074828,-0.4389825380248408,
2025-08-06T12:53:32.871371,-0.007812,0.011719,1.027344,-1,0.6535305702459574,-0.4356446200976454,
2025-08-06T12:53:36.874823,-0.003906,0.011719,1.015625,-1,0.6610850246801468,-0.2203385252569125,
2025-08-06T12:53:37.375815,-0.003906,0.011719,1.023438,-1,0.6560387701732742,-0.2186566827176238,
2025-08-06T12:53:37.876941,-0.003906,0.011719,1.019531,-1,0.6585525540811924,-0.2194944901765701,
2025-08-06T12:53:38.380245,-0.003906,0.007812,1.019531,-1,0.4390083141781417,-0.2195025462409984,
2025-08-06T12:53:38.881379,-0.003906,0.007812,1.015625,-1,0.440696608244391,-0.2203466746180019,
2025-08-06T12:53:39.381125,-0.003906,0.011719,1.019531,-1,0.6585525540811924,-0.2194944901765701,
2025-08-06T12:53:41.383768,-0.003906,0.011719,1.015625,-1,0.6610850246801468,-0.2203385252569125,
2025-08-06T12:53:41.882569,0.003906,0.015625,1.023438,-1,0.8746699746402803,0.218645536959768,
2025-08-06T12:53:42.391766,0.003906,0.015625,1.015625,-1,0.8813974792568712,0.2203271203396046,
2025-08-06T12:53:42.887807,0.003906,0.015625,1.019531,-1,0.8780212720239244,0.2194832158151633,
2025-08-06T12:53:43.387380,-0.003906,0.015625,1.023438,-1,0.8746699746402803,-0.218645536959768,
2025-08-06T12:53:44.388545,0.003906,0.007812,1.019531,-1,0.4390083141781417,0.2195025462409984,
2025-08-06T12:53:45.390379,-0.003906,0.011719,1.027344,-1,0.6535447393115237,-0.2178254582906934,
2025-08-06T12:53:45.890708,-0.003906,0.011719,1.015625,-1,0.6610850246801468,-0.2203385252569125,
2025-08-06T12:53:46.391602,-0.003906,0.011719,1.019531,-1,0.6585525540811924,-0.2194944901765701,
2025-08-06T12:53:48.895137,-0.003906,0.011719,1.019531,-1,0.6585525540811924,-0.2194944901765701,
2025-08-06T12:53:49.395264,-0.003906,0.015625,1.015625,-1,0.8813974792568712,-0.2203271203396046,
2025-08-06T12:53:50.393009,-0.003906,0.011719,1.023438,-1,0.6560387701732742,-0.2186566827176238,
2025-08-06T12:53:50.904613,-0.003906,0.011719,1.015625,-1,0.6610850246801468,-0.2203385252569125,
2025-08-06T12:53:51.407851,-0.003906,0.015625,1.019531,-1,0.8780212720239244,-0.2194832158151633,
2025-08-06T12:53:51.897643,-0.003906,0.019531,1.015625,-1,1.101683871375512,-0.2203124597146971,
2025-08-06T12:53:52.903258,-0.003906,0.011719,1.023438,-1,0.6560387701732742,-0.2186566827176238,
2025-08-06T12:53:53.398051,-0.003906,0.011719,1.015625,-1,0.6610850246801468,-0.2203385252569125,
2025-08-06T12:53:53.913068,-0.003906,0.011719,1.007812,-1,0.6662095084908791,-0.2220464389197426,
2025-08-06T12:53:58.428091,-0.003906,0.011719,1.015625,-1,0.6610850246801468,-0.2203385252569125,
2025-08-06T12:53:58.929092,-0.003906,0.011719,1.019531,-1,0.6585525540811924,-0.2194944901765701,
2025-08-06T12:53:59.432763,-0.003906,0.015625,1.023438,-1,0.8746699746402803,-0.218645536959768,
2025-08-06T12:53:59.919864,-0.007812,0.011719,1.015625,-1,0.6610703595179453,-0.4406705335816567,
2025-08-06T12:54:00.417381,-0.003906,0.011719,1.015625,-1,0.6610850246801468,-0.2203385252569125,
2025-08-06T12:54:00.920011,-0.003906,0.011719,1.007812,-1,0.6662095084908791,-0.2220464389197426,
2025-08-06T12:54:01.416138,-0.003906,0.011719,1.011719,-1,0.6636370467315315,-0.2211890761607455,
2025-08-06T12:54:02.420464,-0.003906,0.011719,1.023438,-1,0.6560387701732742,-0.2186566827176238,
2025-08-06T12:54:02.921464,-0.003906,0.011719,1.011719,-1,0.6636370467315315,-0.2211890761607455,
2025-08-06T12:54:03.424110,-0.003906,0.011719,1.015625,-1,0.6610850246801468,-0.2203385252569125,
2025-08-06T12:54:04.423726,-0.003906,0.007812,1.023438,-1,0.4373324787034078,-0.2186646468807166,
2025-08-06T12:54:04.934441,-0.003906,0.011719,1.019531,-1,0.6585525540811924,-0.2194944901765701,
2025-08-06T12:54:05.927010,-0.003906,0.011719,1.015625,-1,0.6610850246801468,-0.2203385252569125,
2025-08-06T12:54:09.927165,-0.003906,0.015625,1.023438,-1,0.8746699746402803,-0.218645536959768,
2025-08-06T12:54:10.462753,-0.003906,0.011719,1.015625,-1,0.6610850246801468,-0.2203385252569125,
2025-08-06T12:54:11.930749,0.003906,0.011719,1.023438,-1,0.6560387701732742,0.2186566827176238,
2025-08-06T12:54:13.927344,-0.003906,0.007812,1.019531,-1,0.4390083141781417,-0.2195025462409984,
2025-08-06T12:54:14.433412,0.003906,0.011719,1.019531,-1,0.6585525540811924,0.2194944901765701,
2025-08-06T12:54:14.944412,0.003906,0.015625,1.015625,-1,0.8813974792568712,0.2203271203396046,
2025-08-06T12:54:15.431411,-0.003906,0.011719,1.023438,-1,0.6560387701732742,-0.2186566827176238,
2025-08-06T12:54:15.934412,-0.003906,0.007812,1.015625,-1,0.440696608244391,-0.2203466746180019,
2025-08-06T12:54:16.431417,-0.003906,0.011719,1.011719,-1,0.6636370467315315,-0.2211890761607455,
2025-08-06T12:54:17.937412,0.003906,0.011719,1.015625,-1,0.6610850246801468,0.2203385252569125,
2025-08-06T12:54:19.937412,-0.003906,0.015625,1.011719,-1,0.8847997491400248,-0.2211775386640661,
2025-08-06T12:54:20.438373,-0.003906,0.007812,1.019531,-1,0.4390083141781417,-0.2195025462409984,
2025-08-06T12:54:21.940156,-0.003906,0.011719,1.015625,-1,0.6610850246801468,-0.2203385252569125,
2025-08-06T12:54:23.563156,-0.003906,0.011719,1.023438,-1,0.6560387701732742,-0.2186566827176238,
2025-08-06T12:54:23.945158,-0.003906,0.011719,1.015625,-1,0.6610850246801468,-0.2203385252569125,
2025-08-06T12:54:24.448157,0.003906,0.015625,1.015625,-1,0.8813974792568712,0.2203271203396046,
2025-08-06T12:54:24.944157,-0.003906,0.019531,1.015625,-1,1.101683871375512,-0.2203124597146971,
2025-08-06T12:54:26.458157,-0.003906,0.007812,1.027344,-1,0.4356698126898492,-0.2178333319679526,
2025-08-06T12:54:26.945157,-0.011719,0.011719,1.011719,-1,0.663597479605488,-0.663597479605488,
2025-08-06T12:54:28.449911,0.003906,0.011719,1.015625,-1,0.6610850246801468,0.2203385252569125,
2025-08-06T12:54:28.953912,-0.003906,0.011719,1.023438,-1,0.6560387701732742,-0.2186566827176238,
2025-08-06T12:54:29.448911,-0.007812,0.011719,1.019531,-1,0.6585380568074828,-0.4389825380248408,
2025-08-06T12:54:29.947910,-0.003906,0.015625,1.015625,-1,0.8813974792568712,-0.2203271203396046,
2025-08-06T12:54:31.453361,-0.003906,0.011719,1.019531,-1,0.6585525540811924,-0.2194944901765701,
2025-08-06T12:54:32.955062,-0.003906,0.007812,1.023438,-1,0.4373324787034078,-0.2186646468807166,
2025-08-06T12:54:33.453063,0.003906,0.011719,1.007812,-1,0.6662095084908791,0.2220464389197426,
2025-08-06T12:54:33.955062,-0.003906,0.011719,1.019531,-1,0.6585525540811924,-0.2194944901765701,
2025-08-06T12:54:35.460819,-0.003906,0.011719,1.015625,-1,0.6610850246801468,-0.2203385252569125,
2025-08-06T12:54:36.458579,-0.003906,0.007812,1.015625,-1,0.440696608244391,-0.2203466746180019,
2025-08-06T12:54:36.961801,-0.003906,0.007812,1.019531,-1,0.4390083141781417,-0.2195025462409984,
2025-08-06T12:54:37.463650,0.003906,0.015625,1.019531,-1,0.8780212720239244,0.2194832158151633,
2025-08-06T12:54:38.461197,-0.003906,0.011719,1.011719,-1,0.6636370467315315,-0.2211890761607455,
2025-08-06T12:54:41.465356,0.003906,0.011719,1.023438,-1,0.6560387701732742,0.2186566827176238,
2025-08-06T12:54:41.967463,-0.003906,0.011719,1.015625,-1,0.6610850246801468,-0.2203385252569125,
2025-08-06T12:54:42.981541,-0.007812,0.011719,1.019531,-1,0.6585380568074828,-0.4389825380248408,
2025-08-06T12:54:45.468859,-0.003906,0.015625,1.019531,-1,0.8780212720239244,-0.2194832158151633,
2025-08-06T12:54:45.969694,0.003906,0.011719,1.015625,-1,0.6610850246801468,0.2203385252569125,
2025-08-06T12:54:46.482570,-0.003906,0.007812,1.019531,-1,0.4390083141781417,-0.2195025462409984,
2025-08-06T12:54:47.973343,-0.003906,0.011719,1.019531,-1,0.6585525540811924,-0.2194944901765701,
2025-08-06T12:54:48.472946,-0.003906,0.015625,1.019531,-1,0.8780212720239244,-0.2194832158151633,
2025-08-06T12:54:50.982486,-0.003906,0.007812,1.019531,-1,0.4390083141781417,-0.2195025462409984,
2025-08-06T12:54:53.980416,-0.003906,0.015625,1.011719,-1,0.8847997491400248,-0.2211775386640661,
2025-08-06T12:54:54.481392,-0.003906,0.003906,1.019531,-1,0.2195073788206799,-0.2195073788206799,
2025-08-06T12:54:55.985881,-0.007812,0.011719,1.019531,-1,0.6585380568074828,-0.4389825380248408,
2025-08-06T12:54:57.988883,0.003906,0.015625,1.015625,-1,0.8813974792568712,0.2203271203396046,
2025-08-06T12:54:58.991001,-0.003906,0.015625,1.019531,-1,0.8780212720239244,-0.2194832158151633,
2025-08-06T12:54:59.993305,-0.003906,0.011719,1.019531,-1,0.6585525540811924,-0.2194944901765701,
2025-08-06T12:55:00.491745,-0.003906,0.015625,1.007812,-1,0.8882292657912181,-0.222034766746131,
2025-08-06T12:55:00.993513,-0.003906,0.011719,1.019531,-1,0.6585525540811924,-0.2194944901765701,
2025-08-06T12:55:01.988513,-0.003906,0.011719,1.011719,-1,0.6636370467315315,-0.2211890761607455,
2025-08-06T12:55:02.500513,0.003906,0.011719,1.019531,-1,0.6585525540811924,0.2194944901765701,
2025-08-06T12:55:03.493009,-0.003906,0.011719,1.023438,-1,0.6560387701732742,-0.2186566827176238,
2025-08-06T12:55:04.995013,-0.007812,0.019531,1.011719,-1,1.105911366815463,-0.4423188249317867,
2025-08-06T12:55:05.492758,0.003906,0.011719,1.015625,-1,0.6610850246801468,0.2203385252569125,
2025-08-06T12:55:06.993561,-0.003906,0.011719,1.023438,-1,0.6560387701732742,-0.2186566827176238,
2025-08-06T12:55:07.496561,-0.003906,0.011719,1.015625,-1,0.6610850246801468,-0.2203385252569125,
2025-08-06T12:55:07.994561,-0.003906,0.011719,1.015625,-1,0.6610850246801468,-0.2203385252569125,
2025-08-06T12:55:08.601818,-0.003906,0.011719,1.015625,-1,0.6610850246801468,-0.2203385252569125,
2025-08-06T12:55:09.001817,-0.003906,0.011719,1.023438,-1,0.6560387701732742,-0.2186566827176238,
2025-08-06T12:55:10.753344,-0.003906,0.011719,1.019531,-1,0.6585525540811924,-0.2194944901765701,
2025-08-06T12:55:11.375342,-0.003906,0.015625,1.023438,-1,0.8746699746402803,-0.218645536959768,
2025-08-06T12:55:12.003342,-0.003906,0.011719,1.019531,-1,0.6585525540811924,-0.2194944901765701,
2025-08-06T12:55:12.852345,-0.003906,0.015625,1.019531,-1,0.8780212720239244,-0.2194832158151633,
2025-08-06T12:55:13.354341,-0.003906,0.007812,1.019531,-1,0.4390083141781417,-0.2195025462409984,
2025-08-06T12:55:13.902341,-0.003906,0.015625,1.019531,-1,0.8780212720239244,-0.2194832158151633,
2025-08-06T12:55:14.412620,-0.003906,0.011719,1.019531,-1,0.6585525540811924,-0.2194944901765701,
2025-08-06T12:55:15.856342,-0.003906,0.015625,1.011719,-1,0.8847997491400248,-0.2211775386640661,
2025-08-06T12:55:16.857343,-0.003906,0.015625,1.011719,-1,0.8847997491400248,-0.2211775386640661,
2025-08-06T12:55:19.365306,-0.003906,0.019531,1.015625,-1,1.101683871375512,-0.2203124597146971,
2025-08-06T12:55:20.367305,0.003906,0.011719,1.019531,-1,0.6585525540811924,0.2194944901765701,
2025-08-06T12:55:20.865868,-0.003906,0.015625,1.011719,-1,0.8847997491400248,-0.2211775386640661,
2025-08-06T12:55:22.366760,-0.003906,0.011719,1.019531,-1,0.6585525540811924,-0.2194944901765701,
2025-08-06T12:55:22.878764,-0.003906,0.007812,1.011719,-1,0.4423979374283344,-0.2211973202646514,
2025-08-06T12:55:23.368851,-0.003906,0.011719,1.015625,-1,0.6610850246801468,-0.2203385252569125,
2025-08-06T12:55:24.368426,-0.003906,0.015625,1.015625,-1,0.8813974792568712,-0.2203271203396046,
2025-08-06T12:55:24.874425,-0.003906,0.011719,1.019531,-1,0.6585525540811924,-0.2194944901765701,
2025-08-06T12:55:25.368425,-0.003906,0.011719,1.015625,-1,0.6610850246801468,-0.2203385252569125,
2025-08-06T12:55:25.874855,-0.003906,0.007812,1.019531,-1,0.4390083141781417,-0.2195025462409984,
2025-08-06T12:55:26.427858,0.003906,0.011719,1.019531,-1,0.6585525540811924,0.2194944901765701,
2025-08-06T12:55:26.871853,-0.003906,0.011719,1.015625,-1,0.6610850246801468,-0.2203385252569125,
2025-08-06T12:55:27.874854,-0.003906,0.015625,1.023438,-1,0.8746699746402803,-0.218645536959768,
2025-08-06T12:55:29.378615,0.003906,0.015625,1.011719,-1,0.8847997491400248,0.2211775386640661,
2025-08-06T12:55:29.877831,-0.003906,0.011719,1.019531,-1,0.6585525540811924,-0.2194944901765701,
2025-08-06T12:55:30.377626,-0.003906,0.011719,1.011719,-1,0.6636370467315315,-0.2211890761607455,
2025-08-06T12:55:32.880268,-0.003906,0.015625,1.015625,-1,0.8813974792568712,-0.2203271203396046,
2025-08-06T12:55:33.382604,-0.003906,0.015625,1.011719,-1,0.8847997491400248,-0.2211775386640661,
2025-08-06T12:55:34.388604,-0.003906,0.011719,1.015625,-1,0.6610850246801468,-0.2203385252569125,
2025-08-06T12:55:35.384009,-0.003906,0.011719,1.019531,-1,0.6585525540811924,-0.2194944901765701,
2025-08-06T12:55:36.384407,-0.003906,0.007812,1.023438,-1,0.4373324787034078,-0.2186646468807166,
2025-08-06T12:55:39.893893,-0.003906,0.011719,1.015625,-1,0.6610850246801468,-0.2203385252569125,
2025-08-06T12:55:40.392858,-0.003906,0.011719,1.011719,-1,0.6636370467315315,-0.2211890761607455,
2025-08-06T12:55:40.892643,-0.003906,0.011719,1.019531,-1,0.6585525540811924,-0.2194944901765701,
2025-08-06T12:55:41.427641,-0.003906,0.015625,1.015625,-1,0.8813974792568712,-0.2203271203396046,
2025-08-06T12:55:43.391679,-0.003906,0.007812,1.015625,-1,0.440696608244391,-0.2203466746180019,
2025-08-06T12:55:45.560894,-0.003906,0.011719,1.015625,-1,0.6610850246801468,-0.2203385252569125,
2025-08-06T12:55:45.652895,-0.003906,0.011719,1.015625,-1,0.6610850246801468,-0.2203385252569125,
2025-08-06T12:55:46.132239,-0.003906,0.015625,1.011719,-1,0.8847997491400248,-0.2211775386640661,
2025-08-06T12:55:46.634572,-0.003906,0.011719,1.023438,-1,0.6560387701732742,-0.2186566827176238,
2025-08-06T12:55:47.134821,-0.007812,0.015625,1.023438,-1,0.8746508678011791,-0.4372847060532876,
2025-08-06T12:55:48.641869,-0.003906,0.011719,1.023438,-1,0.6560387701732742,-0.2186566827176238,
2025-08-06T12:55:50.139564,-0.003906,0.007812,1.019531,-1,0.4390083141781417,-0.2195025462409984,
2025-08-06T12:55:51.141237,-0.003906,0.007812,1.015625,-1,0.440696608244391,-0.2203466746180019,
2025-08-06T12:55:52.874707,0.003906,0.015625,1.007812,-1,0.8882292657912181,0.222034766746131,
2025-08-06T12:55:54.145873,-0.003906,0.011719,1.015625,-1,0.6610850246801468,-0.2203385252569125,
2025-08-06T12:55:54.644621,-0.007812,0.011719,1.019531,-1,0.6585380568074828,-0.4389825380248408,
2025-08-06T12:55:55.647624,-0.003906,0.007812,1.011719,-1,0.4423979374283344,-0.2211973202646514,
2025-08-06T12:55:56.221028,-0.003906,0.015625,1.019531,-1,0.8780212720239244,-0.2194832158151633,
2025-08-06T12:55:57.147845,-0.003906,0.011719,1.011719,-1,0.6636370467315315,-0.2211890761607455,
2025-08-06T12:56:00.652288,-0.003906,0.015625,1.019531,-1,0.8780212720239244,-0.2194832158151633,
2025-08-06T12:56:02.151893,-0.003906,0.015625,1.015625,-1,0.8813974792568712,-0.2203271203396046,
2025-08-06T12:56:02.651227,-0.003906,0.007812,1.019531,-1,0.4390083141781417,-0.2195025462409984,
2025-08-06T12:56:04.153113,-0.003906,0.011719,1.019531,-1,0.6585525540811924,-0.2194944901765701,
2025-08-06T12:56:06.661340,-0.003906,0.011719,1.015625,-1,0.6610850246801468,-0.2203385252569125,
2025-08-06T12:56:08.161651,-0.003906,0.015625,1.015625,-1,0.8813974792568712,-0.2203271203396046,
2025-08-06T12:56:10.161539,-0.003906,0.007812,1.015625,-1,0.440696608244391,-0.2203466746180019,
2025-08-06T12:56:10.673706,-0.003906,0.011719,1.015625,-1,0.6610850246801468,-0.2203385252569125,
2025-08-06T12:56:11.301699,-0.003906,0.011719,1.019531,-1,0.6585525540811924,-0.2194944901765701,
2025-08-06T12:56:16.668351,-0.003906,0.011719,1.019531,-1,0.6585525540811924,-0.2194944901765701,
2025-08-06T12:56:18.173955,-0.003906,0.015625,1.019531,-1,0.8780212720239244,-0.2194832158151633,
2025-08-06T12:56:18.671925,-0.003906,0.011719,1.015625,-1,0.6610850246801468,-0.2203385252569125,
2025-08-06T12:56:20.177753,-0.003906,0.007812,1.015625,-1,0.440696608244391,-0.2203466746180019,
2025-08-06T12:56:20.683462,-0.003906,0.011719,1.011719,-1,0.6636370467315315,-0.2211890761607455,
2025-08-06T12:56:23.177128,-0.007812,0.011719,1.011719,-1,0.6636222110785278,-0.4423715596291307,
2025-08-06T12:56:26.688102,-0.003906,0.011719,1.019531,-1,0.6585525540811924,-0.2194944901765701,
2025-08-06T12:56:28.180773,-0.003906,0.007812,1.015625,-1,0.440696608244391,-0.2203466746180019,
2025-08-06T12:56:30.181839,-0.003906,0.015625,1.011719,-1,0.8847997491400248,-0.2211775386640661,
2025-08-06T12:56:30.683804,-0.003906,0.011719,1.023438,-1,0.6560387701732742,-0.2186566827176238,
2025-08-06T12:56:31.183650,-0.007812,0.015625,1.019531,-1,0.878001944723601,-0.4389599902946896,
2025-08-06T12:56:33.185118,-0.003906,0.011719,1.019531,-1,0.6585525540811924,-0.2194944901765701,
2025-08-06T12:56:33.689268,-0.003906,0.011719,1.015625,-1,0.6610850246801468,-0.2203385252569125,
2025-08-06T12:56:34.188940,-0.003906,0.015625,1.015625,-1,0.8813974792568712,-0.2203271203396046,
2025-08-06T12:56:35.689881,0.003906,0.011719,1.015625,-1,0.6610850246801468,0.2203385252569125,
2025-08-06T12:56:36.189743,-0.003906,0.007812,1.011719,-1,0.4423979374283344,-0.2211973202646514,
2025-08-06T12:56:37.189244,0.003906,0.007812,1.019531,-1,0.4390083141781417,0.2195025462409984,
2025-08-06T12:56:38.193465,-0.003906,0.011719,1.015625,-1,0.6610850246801468,-0.2203385252569125,
2025-08-06T12:56:38.692145,-0.003906,0.011719,1.019531,-1,0.6585525540811924,-0.2194944901765701,
2025-08-06T12:56:40.193433,-0.003906,0.011719,1.015625,-1,0.6610850246801468,-0.2203385252569125,
2025-08-06T12:56:40.692961,-0.003906,0.007812,1.011719,-1,0.4423979374283344,-0.2211973202646514,
2025-08-06T12:56:41.274537,-0.003906,0.011719,1.019531,-1,0.6585525540811924,-0.2194944901765701,
2025-08-06T12:56:42.702517,-0.003906,0.011719,1.015625,-1,0.6610850246801468,-0.2203385252569125,
2025-08-06T12:56:44.699085,-0.003906,0.007812,1.019531,-1,0.4390083141781417,-0.2195025462409984,
2025-08-06T12:56:45.702564,-0.003906,0.007812,1.011719,-1,0.4423979374283344,-0.2211973202646514,
2025-08-06T12:56:46.202069,0.003906,0.011719,1.023438,-1,0.6560387701732742,0.2186566827176238,
2025-08-06T12:56:47.203708,0.003906,0.011719,1.027344,-1,0.6535447393115237,0.2178254582906934,
2025-08-06T12:56:47.703035,-0.003906,0.011719,1.019531,-1,0.6585525540811924,-0.2194944901765701,
2025-08-06T12:56:48.708346,-0.003906,0.011719,1.019531,-1,0.6585525540811924,-0.2194944901765701,
2025-08-06T12:56:49.709184,-0.007812,0.011719,1.019531,-1,0.6585380568074828,-0.4389825380248408,
2025-08-06T12:56:52.712456,-0.003906,0.011719,1.015625,-1,0.6610850246801468,-0.2203385252569125,
2025-08-06T12:56:54.224020,-0.003906,0.011719,1.015625,-1,0.6610850246801468,-0.2203385252569125,
2025-08-06T12:56:56.250110,-0.003906,0.011719,1.019531,-1,0.6585525540811924,-0.2194944901765701,
2025-08-06T12:56:58.717848,-0.003906,0.011719,1.019531,-1,0.6585525540811924,-0.2194944901765701,
2025-08-06T12:56:59.220104,-0.003906,0.011719,1.015625,-1,0.6610850246801468,-0.2203385252569125,
2025-08-06T12:57:01.223052,-0.003906,0.007812,1.015625,-1,0.440696608244391,-0.2203466746180019,
2025-08-06T12:57:01.721748,-0.003906,0.011719,1.015625,-1,0.6610850246801468,-0.2203385252569125,
2025-08-06T12:57:03.725558,-0.003906,0.011719,1.015625,-1,0.6610850246801468,-0.2203385252569125,
2025-08-06T12:57:04.730828,-0.003906,0.011719,1.027344,-1,0.6535447393115237,-0.2178254582906934,
2025-08-06T12:57:07.812987,0.003906,0.015625,1.015625,-1,0.8813974792568712,0.2203271203396046,
2025-08-06T12:57:09.313409,-0.003906,0.003906,1.019531,-1,0.2195073788206799,-0.2195073788206799,
2025-08-06T12:57:09.812978,-0.003906,0.011719,1.015625,-1,0.6610850246801468,-0.2203385252569125,
2025-08-06T12:57:10.313383,-0.003906,0.007812,1.011719,-1,0.4423979374283344,-0.2211973202646514,
2025-08-06T12:57:11.817256,-0.003906,0.015625,1.015625,-1,0.8813974792568712,-0.2203271203396046,
2025-08-06T12:57:12.315851,-0.003906,0.011719,1.011719,-1,0.6636370467315315,-0.2211890761607455,
2025-08-06T12:57:12.821136,-0.003906,0.011719,1.019531,-1,0.6585525540811924,-0.2194944901765701,
2025-08-06T12:57:13.317688,-0.003906,0.007812,1.019531,-1,0.4390083141781417,-0.2195025462409984,
2025-08-06T12:57:13.817088,-0.003906,0.015625,1.019531,-1,0.8780212720239244,-0.2194832158151633,
2025-08-06T12:57:14.323097,0.003906,0.011719,1.019531,-1,0.6585525540811924,0.2194944901765701,
2025-08-06T12:57:17.321257,-0.003906,0.011719,1.023438,-1,0.6560387701732742,-0.2186566827176238,
2025-08-06T12:57:17.823257,-0.003906,0.011719,1.019531,-1,0.6585525540811924,-0.2194944901765701,
2025-08-06T12:57:18.322257,-0.003906,0.007812,1.027344,-1,0.4356698126898492,-0.2178333319679526,
2025-08-06T12:57:18.825259,-0.003906,0.011719,1.023438,-1,0.6560387701732742,-0.2186566827176238,
2025-08-06T12:57:19.826665,-0.003906,0.015625,1.007812,-1,0.8882292657912181,-0.222034766746131,
2025-08-06T12:57:20.336697,-0.007812,0.015625,1.015625,-1,0.8813779281484703,-0.4406477247589351,
2025-08-06T12:57:23.831517,-0.003906,0.011719,1.011719,-1,0.6636370467315315,-0.2211890761607455,
2025-08-06T12:57:24.335080,-0.003906,0.007812,1.019531,-1,0.4390083141781417,-0.2195025462409984,
2025-08-06T12:57:25.858005,0.003906,0.011719,1.019531,-1,0.6585525540811924,0.2194944901765701,
2025-08-06T12:57:26.392944,-0.003906,0.015625,1.015625,-1,0.8813974792568712,-0.2203271203396046,
2025-08-06T12:57:26.856799,-0.003906,0.011719,1.007812,-1,0.6662095084908791,-0.2220464389197426,
2025-08-06T12:57:27.358215,-0.003906,0.015625,1.015625,-1,0.8813974792568712,-0.2203271203396046,
2025-08-06T12:57:27.859748,-0.003906,0.015625,1.015625,-1,0.8813974792568712,-0.2203271203396046,
2025-08-06T12:57:28.861815,-0.003906,0.011719,1.023438,-1,0.6560387701732742,-0.2186566827176238,
2025-08-06T12:57:29.868885,-0.003906,0.011719,1.015625,-1,0.6610850246801468,-0.2203385252569125,
2025-08-06T12:57:30.866252,-0.003906,0.015625,1.019531,-1,0.8780212720239244,-0.2194832158151633,
2025-08-06T12:57:31.365559,-0.003906,0.011719,1.015625,-1,0.6610850246801468,-0.2203385252569125,
2025-08-06T12:57:31.865470,-0.003906,0.011719,1.019531,-1,0.6585525540811924,-0.2194944901765701,
2025-08-06T12:57:32.367272,-0.003906,0.007812,1.019531,-1,0.4390083141781417,-0.2195025462409984,
2025-08-06T12:57:32.869594,-0.003906,0.015625,1.015625,-1,0.8813974792568712,-0.2203271203396046,
2025-08-06T12:57:33.867082,0.003906,0.015625,1.023438,-1,0.8746699746402803,0.218645536959768,
2025-08-06T12:57:34.867080,-0.003906,0.011719,1.019531,-1,0.6585525540811924,-0.2194944901765701,
2025-08-06T12:57:35.367396,-0.003906,0.007812,1.011719,-1,0.4423979374283344,-0.2211973202646514,
2025-08-06T12:57:35.868345,-0.003906,0.011719,1.011719,-1,0.6636370467315315,-0.2211890761607455,
2025-08-06T12:57:36.368165,0.003906,0.011719,1.015625,-1,0.6610850246801468,0.2203385252569125,
2025-08-06T12:57:37.872551,-0.003906,0.011719,1.015625,-1,0.6610850246801468,-0.2203385252569125,
2025-08-06T12:57:38.882564,-0.003906,0.011719,1.015625,-1,0.6610850246801468,-0.2203385252569125,
2025-08-06T12:57:40.375708,-0.003906,0.007812,1.019531,-1,0.4390083141781417,-0.2195025462409984,
2025-08-06T12:57:40.874775,-0.003906,0.011719,1.019531,-1,0.6585525540811924,-0.2194944901765701,
2025-08-06T12:57:41.506863,-0.003906,0.011719,1.015625,-1,0.6610850246801468,-0.2203385252569125,
2025-08-06T12:57:43.378561,-0.035156,0.015625,1.0,-1,0.8946211198835303,-2.01321565251269,
2025-08-06T12:57:44.381337,-0.003906,0.011719,1.015625,-1,0.6610850246801468,-0.2203385252569125,
2025-08-06T12:57:45.882912,-0.003906,0.011719,1.011719,-1,0.6636370467315315,-0.2211890761607455,
2025-08-06T12:57:46.394550,-0.003906,0.007812,1.019531,-1,0.4390083141781417,-0.2195025462409984,
2025-08-06T12:57:48.891565,-0.007812,0.019531,1.019531,-1,1.0974400701854,-0.4389310059315812,
2025-08-06T12:57:49.390817,-0.003906,0.015625,1.019531,-1,0.8780212720239244,-0.2194832158151633,
2025-08-06T12:57:49.885833,-0.003906,0.015625,1.015625,-1,0.8813974792568712,-0.2203271203396046,
2025-08-06T12:57:50.395308,-0.003906,0.007812,1.023438,-1,0.4373324787034078,-0.2186646468807166,
2025-08-06T12:57:50.893090,-0.003906,0.011719,1.015625,-1,0.6610850246801468,-0.2203385252569125,
2025-08-06T12:57:51.392567,-0.003906,0.007812,1.023438,-1,0.4373324787034078,-0.2186646468807166,
2025-08-06T12:57:52.894770,-0.003906,0.007812,1.015625,-1,0.440696608244391,-0.2203466746180019,
2025-08-06T12:57:53.399765,-0.003906,0.011719,1.015625,-1,0.6610850246801468,-0.2203385252569125,
2025-08-06T12:57:53.893802,-0.003906,0.011719,1.019531,-1,0.6585525540811924,-0.2194944901765701,
2025-08-06T12:57:54.396788,-0.003906,0.015625,1.027344,-1,0.8713450088071322,-0.2178144391557953,
2025-08-06T12:57:55.896396,-0.003906,0.011719,1.019531,-1,0.6585525540811924,-0.2194944901765701,
2025-08-06T12:57:56.895751,-0.003906,0.011719,1.015625,-1,0.6610850246801468,-0.2203385252569125,
2025-08-06T12:57:57.898898,-0.003906,0.007812,1.011719,-1,0.4423979374283344,-0.2211973202646514,
2025-08-06T12:57:58.402943,-0.003906,0.007812,1.019531,-1,0.4390083141781417,-0.2195025462409984,
2025-08-06T12:57:58.900898,0.003906,0.015625,1.015625,-1,0.8813974792568712,0.2203271203396046,
2025-08-06T12:58:00.406327,-0.003906,0.007812,1.011719,-1,0.4423979374283344,-0.2211973202646514,
2025-08-06T12:58:00.909138,-0.003906,0.015625,1.007812,-1,0.8882292657912181,-0.222034766746131,
2025-08-06T12:58:02.914030,-0.003906,0.011719,1.015625,-1,0.6610850246801468,-0.2203385252569125,
2025-08-06T12:58:04.415937,-0.003906,0.011719,1.015625,-1,0.6610850246801468,-0.2203385252569125,
2025-08-06T12:58:04.917204,-0.003906,0.011719,1.023438,-1,0.6560387701732742,-0.2186566827176238,
2025-08-06T12:58:05.917827,-0.003906,0.007812,1.015625,-1,0.440696608244391,-0.2203466746180019,
2025-08-06T12:58:06.416913,-0.003906,0.011719,1.019531,-1,0.6585525540811924,-0.2194944901765701,
2025-08-06T12:58:07.920483,-0.003906,0.011719,1.015625,-1,0.6610850246801468,-0.2203385252569125,
2025-08-06T12:58:10.424842,-0.003906,0.011719,1.003906,-1,0.6688013239768625,-0.2229102515819349,
2025-08-06T12:58:10.923443,-0.003906,0.007812,1.019531,-1,0.4390083141781417,-0.2195025462409984,
2025-08-06T12:58:12.422656,0.007812,0.007812,1.015625,-1,0.4406868315807243,0.4406868315807243,
2025-08-06T12:58:12.923669,-0.003906,0.015625,1.019531,-1,0.8780212720239244,-0.2194832158151633,
2025-08-06T12:58:14.429936,-0.003906,0.015625,1.011719,-1,0.8847997491400248,-0.2211775386640661,
2025-08-06T12:58:14.928451,-0.003906,0.007812,1.015625,-1,0.440696608244391,-0.2203466746180019,
2025-08-06T12:58:17.427218,-0.003906,0.015625,1.015625,-1,0.8813974792568712,-0.2203271203396046,
2025-08-06T12:58:17.937804,-0.003906,0.011719,1.015625,-1,0.6610850246801468,-0.2203385252569125,
2025-08-06T12:58:18.430438,0.003906,0.011719,1.019531,-1,0.6585525540811924,0.2194944901765701,
2025-08-06T12:58:18.929419,0.003906,0.019531,1.015625,-1,1.101683871375512,0.2203124597146971,
2025-08-06T12:58:19.428939,-0.003906,0.007812,1.015625,-1,0.440696608244391,-0.2203466746180019,
2025-08-06T12:58:20.936423,-0.003906,0.015625,1.023438,-1,0.8746699746402803,-0.218645536959768,
2025-08-06T12:58:21.946673,-0.003906,0.011719,1.019531,-1,0.6585525540811924,-0.2194944901765701,
2025-08-06T12:58:22.931686,-0.003906,0.015625,1.019531,-1,0.8780212720239244,-0.2194832158151633,
2025-08-06T12:58:23.432831,-0.007812,0.015625,1.015625,-1,0.8813779281484703,-0.4406477247589351,
2025-08-06T12:58:23.941070,-0.003906,0.011719,1.015625,-1,0.6610850246801468,-0.2203385252569125,
2025-08-06T12:58:24.434570,-0.003906,0.011719,1.015625,-1,0.6610850246801468,-0.2203385252569125,
2025-08-06T12:58:24.935517,-0.003906,0.019531,1.015625,-1,1.101683871375512,-0.2203124597146971,
2025-08-06T12:58:26.940786,-0.003906,0.011719,1.015625,-1,0.6610850246801468,-0.2203385252569125,
2025-08-06T12:58:32.943521,-0.003906,0.007812,1.019531,-1,0.4390083141781417,-0.2195025462409984,
2025-08-06T12:58:33.961867,-0.003906,0.015625,1.015625,-1,0.8813974792568712,-0.2203271203396046,
2025-08-06T12:58:35.446351,0.007812,0.011719,1.015625,-1,0.6610703595179453,0.4406705335816567,
2025-08-06T12:58:36.448295,-0.003906,0.007812,1.019531,-1,0.4390083141781417,-0.2195025462409984,
2025-08-06T12:58:36.946461,-0.003906,0.011719,1.023438,-1,0.6560387701732742,-0.2186566827176238,
2025-08-06T12:58:37.948357,-0.007812,0.011719,1.015625,-1,0.6610703595179453,-0.4406705335816567,
2025-08-06T12:58:38.458829,-0.003906,0.011719,1.019531,-1,0.6585525540811924,-0.2194944901765701,
2025-08-06T12:58:39.949909,0.003906,0.011719,1.023438,-1,0.6560387701732742,0.2186566827176238,
2025-08-06T12:58:40.455987,-0.007812,0.003906,1.011719,-1,0.2211973202646514,-0.4423979374283344,
2025-08-06T12:58:41.955858,-0.003906,0.011719,1.015625,-1,0.6610850246801468,-0.2203385252569125,
2025-08-06T12:58:42.450832,-0.007812,0.011719,1.03125,-1,0.651055589864598,-0.4339948333820096,
2025-08-06T12:58:46.456749,0.003906,0.011719,1.019531,-1,0.6585525540811924,0.2194944901765701,
2025-08-06T12:58:46.959820,-0.003906,0.011719,1.023438,-1,0.6560387701732742,-0.2186566827176238,
2025-08-06T12:58:47.457350,-0.003906,0.015625,1.015625,-1,0.8813974792568712,-0.2203271203396046,
2025-08-06T12:58:47.957925,0.003906,0.011719,1.019531,-1,0.6585525540811924,0.2194944901765701,
2025-08-06T12:58:48.457819,-0.003906,0.011719,1.019531,-1,0.6585525540811924,-0.2194944901765701,
2025-08-06T12:58:49.462649,-0.003906,0.011719,1.019531,-1,0.6585525540811924,-0.2194944901765701,
2025-08-06T12:58:49.961417,-0.003906,0.011719,1.019531,-1,0.6585525540811924,-0.2194944901765701,
2025-08-06T12:58:50.457897,-0.003906,0.015625,1.015625,-1,0.8813974792568712,-0.2203271203396046,
2025-08-06T12:58:51.461838,-0.003906,0.007812,1.019531,-1,0.4390083141781417,-0.2195025462409984,
2025-08-06T12:58:52.461026,-0.003906,0.015625,1.015625,-1,0.8813974792568712,-0.2203271203396046,
2025-08-06T12:58:53.965099,-0.003906,0.015625,1.019531,-1,0.8780212720239244,-0.2194832158151633,
2025-08-06T12:58:56.239417,-0.007812,0.011719,1.019531,-1,0.6585380568074828,-0.4389825380248408,
2025-08-06T12:58:57.312417,-0.003906,0.011719,1.019531,-1,0.6585525540811924,-0.2194944901765701,
2025-08-06T12:58:57.832417,0.007812,0.007812,1.011719,-1,0.4423880470997661,0.4423880470997661,
2025-08-06T12:58:58.851527,0.003906,0.011719,1.015625,-1,0.6610850246801468,0.2203385252569125,
2025-08-06T12:58:59.330526,-0.003906,0.011719,1.015625,-1,0.6610850246801468,-0.2203385252569125,
2025-08-06T12:58:59.833569,-0.003906,0.015625,1.011719,-1,0.8847997491400248,-0.2211775386640661,
2025-08-06T12:59:00.338300,0.007812,0.011719,1.019531,-1,0.6585380568074828,0.4389825380248408,
2025-08-06T12:59:01.335328,-0.003906,0.003906,1.011719,-1,0.2212022656500535,-0.2212022656500535,
2025-08-06T12:59:01.434328,-0.003906,0.011719,1.019531,-1,0.6585525540811924,-0.2194944901765701,
2025-08-06T12:59:01.911873,-0.003906,0.015625,1.015625,-1,0.8813974792568712,-0.2203271203396046,
2025-08-06T12:59:04.424741,-0.003906,0.007812,1.007812,-1,0.4441128939204043,-0.2220547792655734,
2025-08-06T12:59:04.915345,-0.003906,0.011719,1.023438,-1,0.6560387701732742,-0.2186566827176238,
2025-08-06T13:02:55.959397,-0.003906,0.015625,1.007812,-1,0.8882292657912181,-0.222034766746131,
2025-08-06T13:02:56.458855,-0.003906,0.015625,1.015625,-1,0.8813974792568712,-0.2203271203396046,
2025-08-06T13:02:57.969003,-0.003906,0.011719,1.011719,-1,0.6636370467315315,-0.2211890761607455,
2025-08-06T13:02:59.969913,-0.003906,0.011719,1.019531,-1,0.6585525540811924,-0.2194944901765701,
2025-08-06T13:03:00.463855,-0.003906,0.011719,1.011719,-1,0.6636370467315315,-0.2211890761607455,
2025-08-06T13:03:01.969248,-0.003906,0.011719,1.019531,-1,0.6585525540811924,-0.2194944901765701,
2025-08-06T13:03:02.966620,-0.003906,0.003906,1.015625,-1,0.220351563166734,-0.220351563166734,
2025-08-06T13:03:03.467376,-0.003906,0.007812,1.015625,-1,0.440696608244391,-0.2203466746180019,
2025-08-06T13:03:03.982637,-0.003906,0.011719,1.015625,-1,0.6610850246801468,-0.2203385252569125,
2025-08-06T13:03:04.473218,-0.003906,0.011719,1.015625,-1,0.6610850246801468,-0.2203385252569125,
2025-08-06T13:03:04.977426,-0.003906,0.015625,1.023438,-1,0.8746699746402803,-0.218645536959768,
2025-08-06T13:03:05.472785,-0.003906,0.007812,1.023438,-1,0.4373324787034078,-0.2186646468807166,
2025-08-06T13:03:06.978341,-0.007812,0.015625,1.019531,-1,0.878001944723601,-0.4389599902946896,
2025-08-06T13:03:07.976878,-0.003906,0.011719,1.023438,-1,0.6560387701732742,-0.2186566827176238,
2025-08-06T13:03:08.476860,-0.003906,0.011719,1.011719,-1,0.6636370467315315,-0.2211890761607455,
2025-08-06T13:03:10.481023,0.003906,0.003906,1.023438,-1,0.218669424328471,0.218669424328471,
2025-08-06T13:03:10.979574,-0.003906,0.011719,1.015625,-1,0.6610850246801468,-0.2203385252569125,
2025-08-06T13:03:11.982880,-0.003906,0.011719,1.011719,-1,0.6636370467315315,-0.2211890761607455,
2025-08-06T13:03:12.983013,-0.003906,0.015625,1.015625,-1,0.8813974792568712,-0.2203271203396046,
2025-08-06T13:03:13.481374,-0.003906,0.007812,1.015625,-1,0.440696608244391,-0.2203466746180019,
2025-08-06T13:03:13.982524,-0.003906,0.007812,1.011719,-1,0.4423979374283344,-0.2211973202646514,
2025-08-06T13:03:14.986408,-0.003906,0.015625,1.023438,-1,0.8746699746402803,-0.218645536959768,
2025-08-06T13:03:15.983015,-0.003906,0.011719,1.011719,-1,0.6636370467315315,-0.2211890761607455,
2025-08-06T13:03:18.986301,0.003906,0.011719,1.011719,-1,0.6636370467315315,0.2211890761607455,
2025-08-06T13:03:19.987633,-0.003906,0.011719,1.019531,-1,0.6585525540811924,-0.2194944901765701,
2025-08-06T13:03:20.486186,-0.003906,0.011719,1.011719,-1,0.6636370467315315,-0.2211890761607455,
2025-08-06T13:03:20.986003,-0.003906,0.015625,1.015625,-1,0.8813974792568712,-0.2203271203396046,
2025-08-06T13:03:21.490003,-0.003906,0.011719,1.015625,-1,0.6610850246801468,-0.2203385252569125,
2025-08-06T13:03:21.987001,-0.003906,0.015625,1.019531,-1,0.8780212720239244,-0.2194832158151633,
2025-08-06T13:03:22.487001,0.003906,0.019531,1.023438,-1,1.0932757087945513,0.2186312094366695,
2025-08-06T13:03:22.987001,-0.003906,0.011719,1.023438,-1,0.6560387701732742,-0.2186566827176238,
2025-08-06T13:03:23.487001,-0.003906,0.011719,1.019531,-1,0.6585525540811924,-0.2194944901765701,
2025-08-06T13:03:24.013001,-0.003906,0.007812,1.019531,-1,0.4390083141781417,-0.2195025462409984,
2025-08-06T13:03:25.514000,-0.003906,0.015625,1.023438,-1,0.8746699746402803,-0.218645536959768,
2025-08-06T13:03:26.511902,-0.003906,0.011719,1.011719,-1,0.6636370467315315,-0.2211890761607455,
2025-08-06T13:03:27.518903,-0.003906,0.011719,1.019531,-1,0.6585525540811924,-0.2194944901765701,
2025-08-06T13:03:28.513901,0.003906,0.015625,1.015625,-1,0.8813974792568712,0.2203271203396046,
2025-08-06T13:03:29.522494,0.003906,0.015625,1.019531,-1,0.8780212720239244,0.2194832158151633,
2025-08-06T13:03:30.018491,-0.007812,0.015625,1.019531,-1,0.878001944723601,-0.4389599902946896,
2025-08-06T13:03:32.517522,-0.003906,0.015625,1.019531,-1,0.8780212720239244,-0.2194832158151633,
2025-08-06T13:03:34.020522,-0.003906,0.015625,1.019531,-1,0.8780212720239244,-0.2194832158151633,
2025-08-06T13:03:34.516522,-0.003906,0.015625,1.019531,-1,0.8780212720239244,-0.2194832158151633,
2025-08-06T13:03:35.030523,-0.007812,0.011719,1.019531,-1,0.6585380568074828,-0.4389825380248408,
2025-08-06T13:03:35.530522,0.003906,0.007812,1.019531,-1,0.4390083141781417,0.2195025462409984,
2025-08-06T13:03:37.022225,-0.003906,0.015625,1.019531,-1,0.8780212720239244,-0.2194832158151633,
2025-08-06T13:03:38.042114,0.003906,0.011719,1.019531,-1,0.6585525540811924,0.2194944901765701,
2025-08-06T13:03:39.022113,-0.003906,0.007812,1.019531,-1,0.4390083141781417,-0.2195025462409984,
2025-08-06T13:03:40.522115,0.003906,0.019531,1.019531,-1,1.09746422581127,0.2194687229956665,
2025-08-06T13:03:41.020117,-0.003906,0.011719,1.011719,-1,0.6636370467315315,-0.2211890761607455,
2025-08-06T13:03:41.519117,0.003906,0.015625,1.023438,-1,0.8746699746402803,0.218645536959768,
2025-08-06T13:03:43.063744,-0.003906,0.011719,1.023438,-1,0.6560387701732742,-0.2186566827176238,
2025-08-06T13:03:43.640746,-0.011719,0.011719,1.011719,-1,0.663597479605488,-0.663597479605488,
2025-08-06T13:03:44.148748,-0.003906,0.007812,1.019531,-1,0.4390083141781417,-0.2195025462409984,
2025-08-06T13:03:44.642745,-0.003906,0.011719,1.019531,-1,0.6585525540811924,-0.2194944901765701,
2025-08-06T13:03:47.147182,-0.003906,0.015625,1.015625,-1,0.8813974792568712,-0.2203271203396046,
2025-08-06T13:03:51.160367,-0.003906,0.011719,1.023438,-1,0.6560387701732742,-0.2186566827176238,
2025-08-06T13:03:51.663897,-0.003906,0.011719,1.019531,-1,0.6585525540811924,-0.2194944901765701,
2025-08-06T13:03:52.656342,-0.003906,0.011719,1.019531,-1,0.6585525540811924,-0.2194944901765701,
2025-08-06T13:03:53.160296,-0.003906,0.011719,1.023438,-1,0.6560387701732742,-0.2186566827176238,
2025-08-06T13:03:53.652816,0.003906,0.007812,1.015625,-1,0.440696608244391,0.2203466746180019,
2025-08-06T13:03:55.654040,-0.003906,0.011719,1.019531,-1,0.6585525540811924,-0.2194944901765701,
2025-08-06T13:03:56.657162,-0.003906,0.015625,1.015625,-1,0.8813974792568712,-0.2203271203396046,
2025-08-06T13:03:57.156123,-0.003906,0.011719,1.019531,-1,0.6585525540811924,-0.2194944901765701,
2025-08-06T13:04:01.163266,0.003906,0.007812,1.015625,-1,0.440696608244391,0.2203466746180019,
2025-08-06T13:04:01.661503,-0.003906,0.015625,1.019531,-1,0.8780212720239244,-0.2194832158151633,
2025-08-06T13:04:02.665543,0.003906,0.015625,1.015625,-1,0.8813974792568712,0.2203271203396046,
2025-08-06T13:04:03.166071,0.003906,0.011719,1.023438,-1,0.6560387701732742,0.2186566827176238,
2025-08-06T13:04:05.674221,-0.007812,0.011719,1.011719,-1,0.6636222110785278,-0.4423715596291307,
2025-08-06T13:04:06.673511,-0.003906,0.015625,1.019531,-1,0.8780212720239244,-0.2194832158151633,
2025-08-06T13:04:08.171846,0.003906,0.011719,1.015625,-1,0.6610850246801468,0.2203385252569125,
2025-08-06T13:04:09.675356,-0.003906,0.015625,1.023438,-1,0.8746699746402803,-0.218645536959768,
2025-08-06T13:04:10.179891,0.003906,0.011719,1.023438,-1,0.6560387701732742,0.2186566827176238,
2025-08-06T13:04:11.180471,-0.003906,0.015625,1.011719,-1,0.8847997491400248,-0.2211775386640661,
2025-08-06T13:04:11.677296,-0.003906,0.007812,1.019531,-1,0.4390083141781417,-0.2195025462409984,
2025-08-06T13:04:12.180708,-0.003906,0.011719,1.027344,-1,0.6535447393115237,-0.2178254582906934,
2025-08-06T13:04:12.678705,0.003906,0.015625,1.019531,-1,0.8780212720239244,0.2194832158151633,
2025-08-06T13:04:15.682843,0.003906,0.011719,1.023438,-1,0.6560387701732742,0.2186566827176238,
2025-08-06T13:04:16.682343,-0.003906,0.011719,1.011719,-1,0.6636370467315315,-0.2211890761607455,
2025-08-06T13:04:17.180856,-0.003906,0.015625,1.023438,-1,0.8746699746402803,-0.218645536959768,
2025-08-06T13:04:18.200845,-0.003906,0.011719,1.019531,-1,0.6585525540811924,-0.2194944901765701,
2025-08-06T13:04:19.185266,-0.003906,0.011719,1.011719,-1,0.6636370467315315,-0.2211890761607455,
2025-08-06T13:04:19.684279,-0.011719,0.007812,1.023438,-1,0.4373069965951363,-0.6560244382772132,
2025-08-06T13:04:23.188453,-0.003906,0.011719,1.023438,-1,0.6560387701732742,-0.2186566827176238,
2025-08-06T13:04:23.691852,-0.003906,0.011719,1.023438,-1,0.6560387701732742,-0.2186566827176238,
2025-08-06T13:04:24.203396,-0.003906,0.015625,1.011719,-1,0.8847997491400248,-0.2211775386640661,
2025-08-06T13:04:24.691343,0.003906,0.015625,1.015625,-1,0.8813974792568712,0.2203271203396046,
2025-08-06T13:04:25.190827,0.007812,0.003906,1.027344,-1,0.2178333319679526,0.4356698126898492,
2025-08-06T13:04:25.695354,-0.003906,0.011719,1.015625,-1,0.6610850246801468,-0.2203385252569125,
2025-08-06T13:04:26.194854,-0.003906,0.011719,1.003906,-1,0.6688013239768625,-0.2229102515819349,
2025-08-06T13:04:27.193320,-0.011719,0.011719,1.023438,-1,0.6560005465332732,-0.6560005465332732,
2025-08-06T13:04:28.206578,-0.003906,0.015625,1.023438,-1,0.8746699746402803,-0.218645536959768,
2025-08-06T13:04:29.197548,-0.003906,0.011719,1.015625,-1,0.6610850246801468,-0.2203385252569125,
2025-08-06T13:04:31.201876,-0.003906,0.011719,1.019531,-1,0.6585525540811924,-0.2194944901765701,
2025-08-06T13:04:31.700139,0.003906,0.015625,1.015625,-1,0.8813974792568712,0.2203271203396046,
2025-08-06T13:04:33.203342,-0.003906,0.011719,1.019531,-1,0.6585525540811924,-0.2194944901765701,
2025-08-06T13:04:34.709106,-0.003906,0.015625,1.019531,-1,0.8780212720239244,-0.2194832158151633,
2025-08-06T13:04:35.219863,-0.003906,0.011719,1.011719,-1,0.6636370467315315,-0.2211890761607455,
2025-08-06T13:04:35.707034,0.003906,0.011719,1.019531,-1,0.6585525540811924,0.2194944901765701,
2025-08-06T13:04:37.213867,-0.003906,0.007812,1.023438,-1,0.4373324787034078,-0.2186646468807166,
2025-08-06T13:04:37.706829,-0.003906,0.011719,1.015625,-1,0.6610850246801468,-0.2203385252569125,
2025-08-06T13:04:38.710820,0.003906,0.015625,1.015625,-1,0.8813974792568712,0.2203271203396046,
2025-08-06T13:04:39.707350,0.003906,0.015625,1.023438,-1,0.8746699746402803,0.218645536959768,
2025-08-06T13:04:40.710761,-0.003906,0.007812,1.015625,-1,0.440696608244391,-0.2203466746180019,
2025-08-06T13:04:46.219581,-0.003906,0.007812,1.019531,-1,0.4390083141781417,-0.2195025462409984,
2025-08-06T13:04:47.218682,0.003906,0.011719,1.019531,-1,0.6585525540811924,0.2194944901765701,
2025-08-06T13:04:47.717008,0.003906,0.011719,1.015625,-1,0.6610850246801468,0.2203385252569125,
2025-08-06T13:04:48.219837,0.007812,0.011719,1.007812,-1,0.666194499649477,0.44408620818827,
2025-08-06T13:04:49.720885,0.003906,0.003906,1.019531,-1,0.2195073788206799,0.2195073788206799,
2025-08-06T13:04:50.223827,-0.003906,0.003906,1.015625,-1,0.220351563166734,-0.220351563166734,
2025-08-06T13:04:52.726054,-0.003906,0.011719,1.023438,-1,0.6560387701732742,-0.2186566827176238,
2025-08-06T13:04:53.723178,-0.003906,0.015625,1.015625,-1,0.8813974792568712,-0.2203271203396046,
2025-08-06T13:04:54.723901,0.007812,0.011719,1.019531,-1,0.6585380568074828,0.4389825380248408,
2025-08-06T13:04:55.723391,-0.003906,0.011719,1.015625,-1,0.6610850246801468,-0.2203385252569125,
2025-08-06T13:04:57.229590,-0.003906,0.015625,1.015625,-1,0.8813974792568712,-0.2203271203396046,
2025-08-06T13:04:57.730405,-0.007812,0.015625,1.019531,-1,0.878001944723601,-0.4389599902946896,
2025-08-06T13:04:59.729370,-0.003906,0.011719,1.019531,-1,0.6585525540811924,-0.2194944901765701,
2025-08-06T13:05:00.229031,-0.003906,0.011719,1.019531,-1,0.6585525540811924,-0.2194944901765701,
2025-08-06T13:05:02.733011,-0.003906,0.011719,1.015625,-1,0.6610850246801468,-0.2203385252569125,
2025-08-06T13:05:03.734821,0.003906,0.015625,1.011719,-1,0.8847997491400248,0.2211775386640661,
2025-08-06T13:05:04.738049,-0.007812,0.011719,1.019531,-1,0.6585380568074828,-0.4389825380248408,
2025-08-06T13:05:05.238457,0.003906,0.015625,1.019531,-1,0.8780212720239244,0.2194832158151633,
2025-08-06T13:05:06.239235,-0.003906,0.015625,1.019531,-1,0.8780212720239244,-0.2194832158151633,
2025-08-06T13:05:06.739833,-0.003906,0.015625,1.019531,-1,0.8780212720239244,-0.2194832158151633,
2025-08-06T13:05:07.754700,0.003906,0.015625,1.023438,-1,0.8746699746402803,0.218645536959768,
2025-08-06T13:05:09.739396,-0.003906,0.011719,1.015625,-1,0.6610850246801468,-0.2203385252569125,
2025-08-06T13:05:10.243453,0.003906,0.015625,1.011719,-1,0.8847997491400248,0.2211775386640661,
2025-08-06T13:05:10.744487,-0.003906,0.015625,1.011719,-1,0.8847997491400248,-0.2211775386640661,
2025-08-06T13:05:11.744839,0.003906,0.011719,1.015625,-1,0.6610850246801468,0.2203385252569125,
2025-08-06T13:05:12.252125,0.003906,0.011719,1.023438,-1,0.6560387701732742,0.2186566827176238,
2025-08-06T13:05:13.248356,0.003906,0.011719,1.015625,-1,0.6610850246801468,0.2203385252569125,
2025-08-06T13:05:13.747819,-0.003906,0.011719,1.019531,-1,0.6585525540811924,-0.2194944901765701,
2025-08-06T13:05:14.749021,-0.003906,0.015625,1.015625,-1,0.8813974792568712,-0.2203271203396046,
2025-08-06T13:05:15.247969,-0.003906,0.007812,1.011719,-1,0.4423979374283344,-0.2211973202646514,
2025-08-06T13:05:16.253408,-0.003906,0.015625,1.019531,-1,0.8780212720239244,-0.2194832158151633,
2025-08-06T13:05:18.758327,-0.003906,0.011719,1.023438,-1,0.6560387701732742,-0.2186566827176238,
2025-08-06T13:05:19.252009,-0.003906,0.011719,1.019531,-1,0.6585525540811924,-0.2194944901765701,
2025-08-06T13:05:20.256435,0.003906,0.011719,1.019531,-1,0.6585525540811924,0.2194944901765701,
2025-08-06T13:05:20.754740,-0.003906,0.011719,1.019531,-1,0.6585525540811924,-0.2194944901765701,
2025-08-06T13:05:22.761838,-0.003906,0.015625,1.011719,-1,0.8847997491400248,-0.2211775386640661,
2025-08-06T13:05:24.257463,-0.003906,0.011719,1.019531,-1,0.6585525540811924,-0.2194944901765701,
2025-08-06T13:05:28.263678,0.003906,0.007812,1.011719,-1,0.4423979374283344,0.2211973202646514,
2025-08-06T13:05:29.263938,0.003906,0.011719,1.027344,-1,0.6535447393115237,0.2178254582906934,
2025-08-06T13:05:29.766902,-0.003906,0.007812,1.023438,-1,0.4373324787034078,-0.2186646468807166,
2025-08-06T13:05:31.768172,-0.003906,0.007812,1.023438,-1,0.4373324787034078,-0.2186646468807166,
2025-08-06T13:05:32.270173,-0.003906,0.011719,1.019531,-1,0.6585525540811924,-0.2194944901765701,
2025-08-06T13:05:32.772828,-0.003906,0.015625,1.015625,-1,0.8813974792568712,-0.2203271203396046,
2025-08-06T13:05:33.772055,-0.003906,0.015625,1.011719,-1,0.8847997491400248,-0.2211775386640661,
2025-08-06T13:05:37.274295,0.003906,0.011719,1.023438,-1,0.6560387701732742,0.2186566827176238,
2025-08-06T13:05:38.293429,-0.003906,0.015625,1.015625,-1,0.8813974792568712,-0.2203271203396046,
2025-08-06T13:05:38.778171,-0.003906,0.007812,1.023438,-1,0.4373324787034078,-0.2186646468807166,
2025-08-06T13:05:40.777544,-0.003906,0.011719,1.019531,-1,0.6585525540811924,-0.2194944901765701,
2025-08-06T13:05:42.281793,-0.003906,0.015625,1.015625,-1,0.8813974792568712,-0.2203271203396046,
2025-08-06T13:05:43.781567,0.003906,0.011719,1.027344,-1,0.6535447393115237,0.2178254582906934,
2025-08-06T13:05:44.285942,0.003906,0.011719,1.023438,-1,0.6560387701732742,0.2186566827176238,
2025-08-06T13:05:45.286966,0.003906,0.011719,1.023438,-1,0.6560387701732742,0.2186566827176238,
2025-08-06T13:05:45.785250,-0.011719,0.011719,1.003906,-1,0.6687608259927019,-0.6687608259927019,
2025-08-06T13:05:46.791394,-0.003906,0.011719,1.015625,-1,0.6610850246801468,-0.2203385252569125,
2025-08-06T13:05:48.793966,0.003906,0.011719,1.007812,-1,0.6662095084908791,0.2220464389197426,
2025-08-06T13:05:49.789975,0.003906,0.003906,1.023438,-1,0.218669424328471,0.218669424328471,
2025-08-06T13:05:50.289219,-0.003906,0.011719,1.023438,-1,0.6560387701732742,-0.2186566827176238,
2025-08-06T13:05:51.788450,-0.003906,0.015625,1.015625,-1,0.8813974792568712,-0.2203271203396046,
2025-08-06T13:05:52.788821,0.003906,0.011719,1.015625,-1,0.6610850246801468,0.2203385252569125,
2025-08-06T13:05:53.798616,-0.003906,0.015625,1.011719,-1,0.8847997491400248,-0.2211775386640661,
2025-08-06T13:05:54.291714,-0.003906,0.015625,1.019531,-1,0.8780212720239244,-0.2194832158151633,
2025-08-06T13:05:55.794771,-0.003906,0.011719,1.015625,-1,0.6610850246801468,-0.2203385252569125,
2025-08-06T13:05:56.794377,0.003906,0.015625,1.015625,-1,0.8813974792568712,0.2203271203396046,
2025-08-06T13:05:57.294680,0.003906,0.011719,1.019531,-1,0.6585525540811924,0.2194944901765701,
2025-08-06T13:05:57.801417,-0.007812,0.007812,1.019531,-1,0.4389986494443306,-0.4389986494443306,
2025-08-06T13:05:58.296748,-0.003906,0.007812,1.015625,-1,0.440696608244391,-0.2203466746180019,
2025-08-06T13:05:59.819955,0.003906,0.011719,1.019531,-1,0.6585525540811924,0.2194944901765701,
2025-08-06T13:06:00.826262,0.003906,0.015625,1.019531,-1,0.8780212720239244,0.2194832158151633,
2025-08-06T13:06:01.819178,-0.003906,0.011719,1.019531,-1,0.6585525540811924,-0.2194944901765701,
2025-08-06T13:06:03.340385,-0.003906,0.015625,1.027344,-1,0.8713450088071322,-0.2178144391557953,
2025-08-06T13:06:03.821792,-0.003906,0.011719,1.019531,-1,0.6585525540811924,-0.2194944901765701,
2025-08-06T13:06:05.325170,-0.003906,0.011719,1.023438,-1,0.6560387701732742,-0.2186566827176238,
2025-08-06T13:06:06.821043,-0.003906,0.011719,1.019531,-1,0.6585525540811924,-0.2194944901765701,
2025-08-06T13:06:08.830012,-0.007812,0.011719,1.019531,-1,0.6585380568074828,-0.4389825380248408,
2025-08-06T13:06:10.324016,-0.003906,0.011719,1.019531,-1,0.6585525540811924,-0.2194944901765701,
2025-08-06T13:06:11.321128,-0.003906,0.015625,1.015625,-1,0.8813974792568712,-0.2203271203396046,
2025-08-06T13:06:12.824848,0.003906,0.015625,1.019531,-1,0.8780212720239244,0.2194832158151633,
2025-08-06T13:09:31.456328,-0.003906,0.015625,1.019531,-1,0.8780212720239244,-0.2194832158151633,
2025-08-06T13:09:31.965620,0.003906,0.011719,1.023438,-1,0.6560387701732742,0.2186566827176238,
2025-08-06T13:09:32.960763,-0.003906,0.011719,1.019531,-1,0.6585525540811924,-0.2194944901765701,
2025-08-06T13:09:33.461746,-0.003906,0.011719,1.015625,-1,0.6610850246801468,-0.2203385252569125,
2025-08-06T13:09:33.961185,-0.003906,0.011719,1.015625,-1,0.6610850246801468,-0.2203385252569125,
2025-08-06T13:09:34.960690,-0.003906,0.007812,1.011719,-1,0.4423979374283344,-0.2211973202646514,
2025-08-06T13:09:35.467919,0.003906,0.019531,1.019531,-1,1.09746422581127,0.2194687229956665,
2025-08-06T13:09:36.465257,-0.003906,0.003906,1.011719,-1,0.2212022656500535,-0.2212022656500535,
2025-08-06T13:09:38.468547,-0.003906,0.015625,1.015625,-1,0.8813974792568712,-0.2203271203396046,
2025-08-06T13:09:38.972594,0.003906,0.015625,1.019531,-1,0.8780212720239244,0.2194832158151633,
2025-08-06T13:09:39.489211,-0.003906,0.011719,1.019531,-1,0.6585525540811924,-0.2194944901765701,
2025-08-06T13:09:39.982214,0.003906,0.023438,1.015625,-1,1.3219940783706607,0.2202945403293463,
2025-08-06T13:09:40.978134,-0.003906,0.011719,1.023438,-1,0.6560387701732742,-0.2186566827176238,
2025-08-06T13:09:41.472222,-0.003906,0.011719,1.015625,-1,0.6610850246801468,-0.2203385252569125,
2025-08-06T13:09:42.480630,0.003906,0.015625,1.015625,-1,0.8813974792568712,0.2203271203396046,
2025-08-06T13:09:42.985628,-0.003906,0.015625,1.019531,-1,0.8780212720239244,-0.2194832158151633,
2025-08-06T13:09:45.485171,-0.003906,0.015625,1.023438,-1,0.8746699746402803,-0.218645536959768,
2025-08-06T13:09:46.481098,0.003906,0.007812,1.015625,-1,0.440696608244391,0.2203466746180019,
2025-08-06T13:09:48.178109,-0.003906,0.007812,1.003906,-1,0.445840753767532,-0.2229186896483265,
2025-08-06T13:09:49.784292,0.003906,0.011719,1.015625,-1,0.6610850246801468,0.2203385252569125,
2025-08-06T13:09:50.311526,-0.003906,0.015625,1.011719,-1,0.8847997491400248,-0.2211775386640661,
2025-08-06T13:09:51.056530,-0.003906,0.011719,1.015625,-1,0.6610850246801468,-0.2203385252569125,
2025-08-06T13:09:51.296526,0.003906,0.011719,1.011719,-1,0.6636370467315315,0.2211890761607455,
2025-08-06T13:09:52.789554,0.003906,0.011719,1.019531,-1,0.6585525540811924,0.2194944901765701,
2025-08-06T13:09:54.793878,0.003906,0.011719,1.015625,-1,0.6610850246801468,0.2203385252569125,
2025-08-06T13:09:57.299603,-0.003906,0.011719,1.015625,-1,0.6610850246801468,-0.2203385252569125,
2025-08-06T13:09:58.796798,-0.003906,0.011719,1.019531,-1,0.6585525540811924,-0.2194944901765701,
2025-08-06T13:10:00.294660,-0.003906,0.015625,1.015625,-1,0.8813974792568712,-0.2203271203396046,
2025-08-06T13:10:01.793609,-0.003906,0.007812,1.019531,-1,0.4390083141781417,-0.2195025462409984,
2025-08-06T13:10:02.294606,0.003906,0.011719,1.019531,-1,0.6585525540811924,0.2194944901765701,
2025-08-06T13:10:05.299379,-0.003906,0.011719,1.015625,-1,0.6610850246801468,-0.2203385252569125,
2025-08-06T13:10:06.306885,-0.003906,0.007812,1.019531,-1,0.4390083141781417,-0.2195025462409984,
2025-08-06T13:10:10.804151,-0.003906,0.011719,1.019531,-1,0.6585525540811924,-0.2194944901765701,
2025-08-06T13:10:11.801614,0.003906,0.019531,1.023438,-1,1.0932757087945513,0.2186312094366695,
2025-08-06T13:10:14.425694,0.003906,0.015625,1.019531,-1,0.8780212720239244,0.2194832158151633,
2025-08-06T13:10:14.810690,-0.003906,0.015625,1.015625,-1,0.8813974792568712,-0.2203271203396046,
2025-08-06T13:10:15.809707,-0.007812,0.011719,1.019531,-1,0.6585380568074828,-0.4389825380248408,
2025-08-06T13:10:16.307708,-0.003906,0.015625,1.023438,-1,0.8746699746402803,-0.218645536959768,
2025-08-06T13:10:17.811272,-0.003906,0.015625,1.011719,-1,0.8847997491400248,-0.2211775386640661,
2025-08-06T13:10:18.823269,-0.003906,0.015625,1.015625,-1,0.8813974792568712,-0.2203271203396046,
2025-08-06T13:10:19.343272,-0.003906,0.011719,1.015625,-1,0.6610850246801468,-0.2203385252569125,
2025-08-06T13:10:19.850270,-0.003906,0.011719,1.019531,-1,0.6585525540811924,-0.2194944901765701,
2025-08-06T13:10:20.317270,0.003906,0.011719,1.015625,-1,0.6610850246801468,0.2203385252569125,
2025-08-06T13:10:22.318574,-0.003906,0.015625,1.015625,-1,0.8813974792568712,-0.2203271203396046,
2025-08-06T13:10:22.820575,-0.003906,0.011719,1.03125,-1,0.6510695985569274,-0.2170005293006272,
2025-08-06T13:11:35.866818,-0.003906,0.011719,1.023438,-1,0.6560387701732742,-0.2186566827176238,
2025-08-06T13:11:36.355980,-0.003906,0.015625,1.019531,-1,0.8780212720239244,-0.2194832158151633,
2025-08-06T13:11:37.858400,-0.003906,0.007812,1.015625,-1,0.440696608244391,-0.2203466746180019,
2025-08-06T13:11:39.355869,-0.003906,0.007812,1.023438,-1,0.4373324787034078,-0.2186646468807166,
2025-08-06T13:11:40.357830,-0.003906,0.015625,1.011719,-1,0.8847997491400248,-0.2211775386640661,
2025-08-06T13:11:40.858293,-0.003906,0.011719,1.019531,-1,0.6585525540811924,-0.2194944901765701,
2025-08-06T13:11:41.371735,0.003906,0.011719,1.011719,-1,0.6636370467315315,0.2211890761607455,
2025-08-06T13:11:41.860645,-0.003906,0.011719,1.019531,-1,0.6585525540811924,-0.2194944901765701,
2025-08-06T13:11:43.361962,0.003906,0.011719,1.019531,-1,0.6585525540811924,0.2194944901765701,
2025-08-06T13:11:44.364854,-0.003906,0.007812,1.015625,-1,0.440696608244391,-0.2203466746180019,
2025-08-06T13:11:44.867828,0.003906,0.011719,1.019531,-1,0.6585525540811924,0.2194944901765701,
2025-08-06T13:11:46.871656,0.003906,0.015625,1.019531,-1,0.8780212720239244,0.2194832158151633,
2025-08-06T13:11:47.369652,0.003906,0.007812,1.023438,-1,0.4373324787034078,0.2186646468807166,
2025-08-06T13:11:49.873362,-0.003906,0.015625,1.011719,-1,0.8847997491400248,-0.2211775386640661,
2025-08-06T13:11:50.376404,0.003906,0.015625,1.015625,-1,0.8813974792568712,0.2203271203396046,
2025-08-06T13:11:50.882827,-0.003906,0.011719,1.015625,-1,0.6610850246801468,-0.2203385252569125,
2025-08-06T13:11:51.380994,-0.003906,0.011719,1.015625,-1,0.6610850246801468,-0.2203385252569125,
2025-08-06T13:11:52.379400,0.003906,0.011719,1.015625,-1,0.6610850246801468,0.2203385252569125,
2025-08-06T13:11:52.877380,-0.003906,0.011719,1.019531,-1,0.6585525540811924,-0.2194944901765701,
2025-08-06T13:11:53.880749,-0.003906,0.019531,1.019531,-1,1.09746422581127,-0.2194687229956665,
2025-08-06T13:11:54.886251,0.003906,0.015625,1.019531,-1,0.8780212720239244,0.2194832158151633,
2025-08-06T13:11:55.378277,-0.003906,0.007812,1.015625,-1,0.440696608244391,-0.2203466746180019,
2025-08-06T13:11:56.399421,-0.003906,0.007812,1.019531,-1,0.4390083141781417,-0.2195025462409984,
2025-08-06T13:11:58.889411,-0.003906,0.011719,1.019531,-1,0.6585525540811924,-0.2194944901765701,
2025-08-06T13:11:59.898264,-0.003906,0.015625,1.019531,-1,0.8780212720239244,-0.2194832158151633,
2025-08-06T13:12:01.889884,0.003906,0.011719,1.011719,-1,0.6636370467315315,0.2211890761607455,
2025-08-06T13:12:02.397377,-0.003906,0.015625,1.015625,-1,0.8813974792568712,-0.2203271203396046,
2025-08-06T13:12:03.893804,0.003906,0.011719,1.019531,-1,0.6585525540811924,0.2194944901765701,
2025-08-06T13:12:04.903131,-0.003906,0.015625,1.019531,-1,0.8780212720239244,-0.2194832158151633,
2025-08-06T13:12:05.895225,-0.003906,0.015625,1.019531,-1,0.8780212720239244,-0.2194832158151633,
2025-08-06T13:12:08.401615,-0.003906,0.011719,1.011719,-1,0.6636370467315315,-0.2211890761607455,
2025-08-06T13:12:09.400367,0.003906,0.019531,1.015625,-1,1.101683871375512,0.2203124597146971,
2025-08-06T13:12:09.900900,-0.003906,0.011719,1.019531,-1,0.6585525540811924,-0.2194944901765701,
2025-08-06T13:12:12.656821,-0.003906,0.015625,1.015625,-1,0.8813974792568712,-0.2203271203396046,
2025-08-06T13:12:13.158819,-0.003906,0.011719,1.011719,-1,0.6636370467315315,-0.2211890761607455,
2025-08-06T13:12:15.164300,-0.003906,0.011719,1.019531,-1,0.6585525540811924,-0.2194944901765701,
2025-08-06T13:12:16.157965,-0.003906,0.007812,1.015625,-1,0.440696608244391,-0.2203466746180019,
2025-08-06T13:12:16.659344,-0.003906,0.007812,1.023438,-1,0.4373324787034078,-0.2186646468807166,
2025-08-06T13:12:17.158484,-0.003906,0.011719,1.011719,-1,0.6636370467315315,-0.2211890761607455,
2025-08-06T13:12:18.156342,-0.003906,0.011719,1.011719,-1,0.6636370467315315,-0.2211890761607455,
2025-08-06T13:12:19.665560,-0.003906,0.011719,1.011719,-1,0.6636370467315315,-0.2211890761607455,
2025-08-06T13:12:20.164477,-0.003906,0.015625,1.019531,-1,0.8780212720239244,-0.2194832158151633,
2025-08-06T13:12:22.159824,-0.003906,0.011719,1.015625,-1,0.6610850246801468,-0.2203385252569125,
2025-08-06T13:12:23.178148,-0.003906,0.011719,1.019531,-1,0.6585525540811924,-0.2194944901765701,
2025-08-06T13:12:24.171348,-0.003906,0.007812,1.023438,-1,0.4373324787034078,-0.2186646468807166,
2025-08-06T13:12:29.164848,-0.003906,0.019531,1.023438,-1,1.0932757087945513,-0.2186312094366695,
2025-08-06T13:12:29.680754,0.003906,0.007812,1.015625,-1,0.440696608244391,0.2203466746180019,
2025-08-06T13:12:30.302755,-0.003906,0.007812,1.019531,-1,0.4390083141781417,-0.2195025462409984,
2025-08-06T13:12:30.815793,-0.007812,0.015625,1.015625,-1,0.8813779281484703,-0.4406477247589351,
2025-08-06T13:12:35.278603,-0.003906,0.015625,1.011719,-1,0.8847997491400248,-0.2211775386640661,
2025-08-06T13:12:36.271602,-0.003906,0.015625,1.019531,-1,0.8780212720239244,-0.2194832158151633,
2025-08-06T13:12:36.774823,-0.003906,0.011719,1.019531,-1,0.6585525540811924,-0.2194944901765701,
2025-08-06T13:12:37.778319,0.003906,0.007812,1.015625,-1,0.440696608244391,0.2203466746180019,
2025-08-06T13:12:38.774201,-0.003906,0.007812,1.015625,-1,0.440696608244391,-0.2203466746180019,
2025-08-06T13:12:39.777227,-0.003906,0.011719,1.011719,-1,0.6636370467315315,-0.2211890761607455,
2025-08-06T13:12:41.278805,-0.003906,0.011719,1.03125,-1,0.6510695985569274,-0.2170005293006272,
2025-08-06T13:12:42.282941,-0.003906,0.011719,1.011719,-1,0.6636370467315315,-0.2211890761607455,
2025-08-06T13:12:43.283850,-0.003906,0.011719,1.023438,-1,0.6560387701732742,-0.2186566827176238,
2025-08-06T13:12:45.104917,-0.003906,0.015625,1.023438,-1,0.8746699746402803,-0.218645536959768,
2025-08-06T13:12:46.184835,-0.003906,0.011719,1.015625,-1,0.6610850246801468,-0.2203385252569125,
2025-08-06T13:12:47.184528,-0.003906,0.011719,1.015625,-1,0.6610850246801468,-0.2203385252569125,
2025-08-06T13:12:48.183798,-0.007812,0.015625,1.019531,-1,0.878001944723601,-0.4389599902946896,
2025-08-06T13:12:49.685388,-0.003906,0.011719,1.019531,-1,0.6585525540811924,-0.2194944901765701,
2025-08-06T13:12:51.293788,-0.003906,0.011719,1.015625,-1,0.6610850246801468,-0.2203385252569125,
2025-08-06T13:12:51.384788,-0.003906,0.015625,1.015625,-1,0.8813974792568712,-0.2203271203396046,
2025-08-06T13:12:51.863695,-0.003906,0.007812,1.015625,-1,0.440696608244391,-0.2203466746180019,
2025-08-06T13:12:52.365279,-0.003906,0.015625,1.019531,-1,0.8780212720239244,-0.2194832158151633,
2025-08-06T13:12:52.870007,0.003906,0.015625,1.019531,-1,0.8780212720239244,0.2194832158151633,
2025-08-06T13:12:53.368587,-0.003906,0.019531,1.015625,-1,1.101683871375512,-0.2203124597146971,
2025-08-06T13:12:53.863336,-0.003906,0.007812,1.015625,-1,0.440696608244391,-0.2203466746180019,
2025-08-06T13:12:54.868059,-0.003906,0.015625,1.015625,-1,0.8813974792568712,-0.2203271203396046,
2025-08-06T13:12:55.368194,0.003906,0.011719,1.011719,-1,0.6636370467315315,0.2211890761607455,
2025-08-06T13:12:56.869561,-0.003906,0.011719,1.019531,-1,0.6585525540811924,-0.2194944901765701,
2025-08-06T13:12:57.369706,0.003906,0.011719,1.015625,-1,0.6610850246801468,0.2203385252569125,
2025-08-06T13:12:57.868712,-0.003906,0.011719,1.015625,-1,0.6610850246801468,-0.2203385252569125,
2025-08-06T13:12:58.873866,-0.003906,0.011719,1.019531,-1,0.6585525540811924,-0.2194944901765701,
2025-08-06T13:12:59.392117,-0.003906,0.007812,1.015625,-1,0.440696608244391,-0.2203466746180019,
2025-08-06T13:13:01.405441,-0.003906,0.007812,1.019531,-1,0.4390083141781417,-0.2195025462409984,
2025-08-06T13:13:02.376056,-0.003906,0.011719,1.015625,-1,0.6610850246801468,-0.2203385252569125,
2025-08-06T13:13:02.878382,-0.003906,0.011719,1.015625,-1,0.6610850246801468,-0.2203385252569125,
2025-08-06T13:13:03.382381,-0.003906,0.011719,1.019531,-1,0.6585525540811924,-0.2194944901765701,
2025-08-06T13:13:03.878212,0.003906,0.015625,1.015625,-1,0.8813974792568712,0.2203271203396046,
2025-08-06T13:13:04.381736,0.003906,0.007812,1.019531,-1,0.4390083141781417,0.2195025462409984,
2025-08-06T13:13:05.379081,-0.003906,0.015625,1.027344,-1,0.8713450088071322,-0.2178144391557953,
2025-08-06T13:13:06.379523,-0.003906,0.011719,1.007812,-1,0.6662095084908791,-0.2220464389197426,
2025-08-06T13:13:06.878380,0.011719,0.003906,1.058594,-1,0.2113960471456122,0.6342537769033951,
2025-08-06T13:13:07.380192,0.003906,0.019531,1.050781,-1,1.0648339646125051,0.2129441202719444,
2025-08-06T13:13:09.392938,0.003906,0.011719,1.027344,-1,0.6535447393115237,0.2178254582906934,
2025-08-06T13:13:10.883083,0.007812,0.011719,1.007812,-1,0.666194499649477,0.44408620818827,
2025-08-06T13:13:12.885515,-0.003906,0.011719,1.015625,-1,0.6610850246801468,-0.2203385252569125,
2025-08-06T13:13:13.383154,0.003906,0.011719,1.023438,-1,0.6560387701732742,0.2186566827176238,
2025-08-06T13:13:14.899642,-0.007812,0.015625,1.003906,-1,0.8916643376654739,-0.4457901386049559,
2025-08-06T13:13:15.387115,0.003906,0.011719,1.019531,-1,0.6585525540811924,0.2194944901765701,
2025-08-06T13:13:15.887206,-0.003906,0.007812,1.019531,-1,0.4390083141781417,-0.2195025462409984,
2025-08-06T13:13:16.891830,-0.003906,0.007812,1.015625,-1,0.440696608244391,-0.2203466746180019,
2025-08-06T13:13:21.898444,-0.003906,0.011719,1.023438,-1,0.6560387701732742,-0.2186566827176238,
2025-08-06T13:13:22.397451,-0.003906,0.011719,1.011719,-1,0.6636370467315315,-0.2211890761607455,
2025-08-06T13:13:25.899276,-0.003906,0.007812,1.011719,-1,0.4423979374283344,-0.2211973202646514,
2025-08-06T13:13:26.402014,-0.003906,0.011719,1.011719,-1,0.6636370467315315,-0.2211890761607455,
2025-08-06T13:13:27.903224,0.003906,0.011719,1.023438,-1,0.6560387701732742,0.2186566827176238,
2025-08-06T13:13:29.404360,-0.003906,0.011719,1.011719,-1,0.6636370467315315,-0.2211890761607455,
2025-08-06T13:13:29.907360,-0.003906,0.015625,1.015625,-1,0.8813974792568712,-0.2203271203396046,
2025-08-06T13:13:30.911671,0.003906,0.011719,1.019531,-1,0.6585525540811924,0.2194944901765701,
2025-08-06T13:13:32.409376,-0.003906,0.011719,1.015625,-1,0.6610850246801468,-0.2203385252569125,
2025-08-06T13:13:33.409763,0.003906,0.007812,1.023438,-1,0.4373324787034078,0.2186646468807166,
2025-08-06T13:13:34.913228,-0.003906,0.019531,1.019531,-1,1.09746422581127,-0.2194687229956665,
2025-08-06T13:13:35.416009,-0.003906,0.011719,1.023438,-1,0.6560387701732742,-0.2186566827176238,
2025-08-06T13:13:35.914129,-0.003906,0.015625,1.015625,-1,0.8813974792568712,-0.2203271203396046,
2025-08-06T13:13:36.925413,-0.003906,0.011719,1.019531,-1,0.6585525540811924,-0.2194944901765701,
2025-08-06T13:13:37.412809,0.007812,0.007812,1.019531,-1,0.4389986494443306,0.4389986494443306,
2025-08-06T13:13:39.419870,-0.011719,0.015625,1.023438,-1,0.8746190160693441,-0.6559671103024578,
2025-08-06T13:13:39.921831,-0.003906,0.007812,1.015625,-1,0.440696608244391,-0.2203466746180019,
2025-08-06T13:13:40.425622,-0.003906,0.015625,1.019531,-1,0.8780212720239244,-0.2194832158151633,
2025-08-06T13:13:41.425273,-0.003906,0.011719,1.011719,-1,0.6636370467315315,-0.2211890761607455,
2025-08-06T13:13:43.439681,-0.003906,0.007812,1.019531,-1,0.4390083141781417,-0.2195025462409984,
2025-08-06T13:13:45.436380,-0.003906,0.015625,1.023438,-1,0.8746699746402803,-0.218645536959768,
2025-08-06T13:13:47.939365,-0.003906,0.011719,1.015625,-1,0.6610850246801468,-0.2203385252569125,
2025-08-06T13:13:49.939343,0.003906,0.011719,1.007812,-1,0.6662095084908791,0.2220464389197426,
2025-08-06T13:13:51.940107,-0.003906,0.015625,1.015625,-1,0.8813974792568712,-0.2203271203396046,
2025-08-06T13:13:52.449421,-0.003906,0.011719,1.015625,-1,0.6610850246801468,-0.2203385252569125,
2025-08-06T13:13:52.948749,0.007812,0.007812,1.019531,-1,0.4389986494443306,0.4389986494443306,
2025-08-06T13:13:53.442767,0.003906,0.011719,1.011719,-1,0.6636370467315315,0.2211890761607455,
2025-08-06T13:13:53.953310,-0.007812,0.011719,1.019531,-1,0.6585380568074828,-0.4389825380248408,
2025-08-06T13:13:54.457311,-0.003906,0.015625,1.019531,-1,0.8780212720239244,-0.2194832158151633,
2025-08-06T13:13:54.944707,-0.003906,0.015625,1.019531,-1,0.8780212720239244,-0.2194832158151633,
2025-08-06T13:13:56.448217,-0.003906,0.011719,1.027344,-1,0.6535447393115237,-0.2178254582906934,
2025-08-06T13:13:56.948141,-0.003906,0.011719,1.011719,-1,0.6636370467315315,-0.2211890761607455,
2025-08-06T13:13:57.448424,0.003906,0.007812,1.015625,-1,0.440696608244391,0.2203466746180019,
2025-08-06T13:13:59.952413,-0.007812,0.011719,1.023438,-1,0.6560244382772132,-0.4373069965951363,
2025-08-06T13:14:00.448802,-0.003906,0.007812,1.019531,-1,0.4390083141781417,-0.2195025462409984,
2025-08-06T13:14:01.455395,-0.003906,0.015625,1.015625,-1,0.8813974792568712,-0.2203271203396046,
2025-08-06T13:14:01.961018,-0.003906,0.007812,1.019531,-1,0.4390083141781417,-0.2195025462409984,
2025-08-06T13:14:02.456166,-0.003906,0.015625,1.019531,-1,0.8780212720239244,-0.2194832158151633,
2025-08-06T13:14:02.964651,-0.003906,0.015625,1.019531,-1,0.8780212720239244,-0.2194832158151633,
2025-08-06T13:14:03.456359,-0.003906,0.011719,1.011719,-1,0.6636370467315315,-0.2211890761607455,
2025-08-06T13:14:04.457719,-0.003906,0.011719,1.023438,-1,0.6560387701732742,-0.2186566827176238,
2025-08-06T13:14:06.457904,-0.003906,0.007812,1.019531,-1,0.4390083141781417,-0.2195025462409984,
2025-08-06T13:14:06.966212,-0.003906,0.011719,1.027344,-1,0.6535447393115237,-0.2178254582906934,
2025-08-06T13:14:07.462972,-0.003906,0.011719,1.023438,-1,0.6560387701732742,-0.2186566827176238,
2025-08-06T13:14:07.968822,-0.003906,0.011719,1.019531,-1,0.6585525540811924,-0.2194944901765701,
2025-08-06T13:14:09.463352,-0.007812,0.007812,1.019531,-1,0.4389986494443306,-0.4389986494443306,
2025-08-06T13:14:09.966148,-0.003906,0.007812,1.027344,-1,0.4356698126898492,-0.2178333319679526,
2025-08-06T13:14:10.468546,-0.003906,0.011719,1.023438,-1,0.6560387701732742,-0.2186566827176238,
2025-08-06T13:14:11.468892,-0.003906,0.011719,1.019531,-1,0.6585525540811924,-0.2194944901765701,
2025-08-06T13:14:11.982865,-0.003906,0.019531,1.015625,-1,1.101683871375512,-0.2203124597146971,
2025-08-06T13:14:14.988315,0.003906,0.011719,1.015625,-1,0.6610850246801468,0.2203385252569125,
2025-08-06T13:14:16.977849,-0.003906,0.011719,1.019531,-1,0.6585525540811924,-0.2194944901765701,
2025-08-06T13:14:17.478343,0.003906,0.011719,1.019531,-1,0.6585525540811924,0.2194944901765701,
2025-08-06T13:14:19.991346,-0.003906,0.011719,1.011719,-1,0.6636370467315315,-0.2211890761607455,
2025-08-06T13:14:20.474465,-0.003906,0.007812,1.015625,-1,0.440696608244391,-0.2203466746180019,
2025-08-06T13:14:21.983863,0.003906,0.011719,1.019531,-1,0.6585525540811924,0.2194944901765701,
2025-08-06T13:14:22.478367,-0.003906,0.011719,1.023438,-1,0.6560387701732742,-0.2186566827176238,
2025-08-06T13:14:23.992548,-0.003906,0.007812,0.996094,-1,0.4493371229598329,-0.2246668342373881,
2025-08-06T13:14:25.485894,-0.003906,0.007812,1.007812,-1,0.4441128939204043,-0.2220547792655734,
2025-08-06T13:14:25.993408,-0.003906,0.011719,1.015625,-1,0.6610850246801468,-0.2203385252569125,
2025-08-06T13:14:29.000001,0.003906,0.003906,1.019531,-1,0.2195073788206799,0.2195073788206799,
2025-08-06T13:14:29.487747,0.003906,0.015625,1.027344,-1,0.8713450088071322,0.2178144391557953,
2025-08-06T13:14:30.489822,-0.011719,0.011719,1.019531,-1,0.6585138893897594,-0.6585138893897594,
2025-08-06T13:14:31.998164,-0.003906,0.015625,1.023438,-1,0.8746699746402803,-0.218645536959768,
2025-08-06T13:14:32.997867,0.003906,0.007812,1.015625,-1,0.440696608244391,0.2203466746180019,
2025-08-06T13:14:33.499691,-0.003906,0.011719,1.011719,-1,0.6636370467315315,-0.2211890761607455,
2025-08-06T13:14:34.498361,-0.003906,0.011719,1.019531,-1,0.6585525540811924,-0.2194944901765701,
2025-08-06T13:14:34.994547,-0.003906,0.015625,1.019531,-1,0.8780212720239244,-0.2194832158151633,
2025-08-06T13:14:35.994806,0.003906,0.011719,1.023438,-1,0.6560387701732742,0.2186566827176238,
2025-08-06T13:14:36.496440,-0.003906,0.015625,1.007812,-1,0.8882292657912181,-0.222034766746131,
2025-08-06T13:14:38.501347,0.003906,0.011719,1.019531,-1,0.6585525540811924,0.2194944901765701,
2025-08-06T13:14:38.999681,-0.003906,0.011719,1.015625,-1,0.6610850246801468,-0.2203385252569125,
2025-08-06T13:14:41.008439,0.003906,0.015625,1.015625,-1,0.8813974792568712,0.2203271203396046,
2025-08-06T13:14:41.506827,0.003906,0.007812,1.019531,-1,0.4390083141781417,0.2195025462409984,
2025-08-06T13:14:42.006386,-0.007812,0.007812,1.03125,-1,0.4340104018259795,-0.4340104018259795,
2025-08-06T13:14:43.005791,-0.003906,0.015625,1.015625,-1,0.8813974792568712,-0.2203271203396046,
2025-08-06T13:14:44.015308,0.003906,0.011719,1.019531,-1,0.6585525540811924,0.2194944901765701,
2025-08-06T13:14:45.510383,0.003906,0.011719,1.007812,-1,0.6662095084908791,0.2220464389197426,
2025-08-06T13:14:46.011642,-0.003906,0.011719,1.03125,-1,0.6510695985569274,-0.2170005293006272,
2025-08-06T13:14:47.013857,-0.003906,0.015625,1.007812,-1,0.8882292657912181,-0.222034766746131,
2025-08-06T13:14:47.512566,0.003906,0.003906,1.019531,-1,0.2195073788206799,0.2195073788206799,
2025-08-06T13:14:48.518614,-0.003906,0.007812,1.015625,-1,0.440696608244391,-0.2203466746180019,
2025-08-06T13:14:49.016679,0.003906,0.007812,1.023438,-1,0.4373324787034078,0.2186646468807166,
2025-08-06T13:14:49.525910,-0.003906,0.015625,1.015625,-1,0.8813974792568712,-0.2203271203396046,
2025-08-06T13:14:50.013641,0.007812,0.015625,1.023438,-1,0.8746508678011791,0.4372847060532876,
2025-08-06T13:14:51.513350,-0.003906,0.011719,1.019531,-1,0.6585525540811924,-0.2194944901765701,
2025-08-06T13:14:52.015525,0.003906,0.015625,1.019531,-1,0.8780212720239244,0.2194832158151633,
2025-08-06T13:14:52.521747,-0.003906,0.011719,1.019531,-1,0.6585525540811924,-0.2194944901765701,
2025-08-06T13:14:53.015856,0.003906,0.011719,1.015625,-1,0.6610850246801468,0.2203385252569125,
2025-08-06T13:14:54.019731,-0.003906,0.011719,1.019531,-1,0.6585525540811924,-0.2194944901765701,
2025-08-06T13:14:54.520350,-0.003906,0.011719,1.015625,-1,0.6610850246801468,-0.2203385252569125,
2025-08-06T13:14:55.522302,0.003906,0.011719,1.015625,-1,0.6610850246801468,0.2203385252569125,
2025-08-06T13:14:58.022406,0.003906,0.007812,1.011719,-1,0.4423979374283344,0.2211973202646514,
2025-08-06T13:15:01.030433,-0.003906,0.015625,1.011719,-1,0.8847997491400248,-0.2211775386640661,
2025-08-06T13:15:02.030694,-0.007812,0.015625,1.011719,-1,0.8847799707547714,-0.4423484856673467,
2025-08-06T13:15:03.035914,0.003906,0.015625,1.023438,-1,0.8746699746402803,0.218645536959768,
2025-08-06T13:15:03.530842,-0.003906,0.007812,1.015625,-1,0.440696608244391,-0.2203466746180019,
2025-08-06T13:15:04.032975,-0.003906,0.011719,1.015625,-1,0.6610850246801468,-0.2203385252569125,
2025-08-06T13:15:05.033351,-0.003906,0.007812,1.019531,-1,0.4390083141781417,-0.2195025462409984,
2025-08-06T13:15:05.534861,-0.003906,0.019531,1.011719,-1,1.105936086165227,-0.2211627076333394,
2025-08-06T13:15:09.541645,0.003906,0.015625,1.011719,-1,0.8847997491400248,0.2211775386640661,
2025-08-06T13:15:10.546462,-0.003906,0.015625,1.019531,-1,0.8780212720239244,-0.2194832158151633,
2025-08-06T13:15:11.543923,0.003906,0.015625,1.015625,-1,0.8813974792568712,0.2203271203396046,
2025-08-06T13:15:12.045352,-0.003906,0.011719,1.023438,-1,0.6560387701732742,-0.2186566827176238,
2025-08-06T13:15:16.552819,0.003906,0.011719,1.015625,-1,0.6610850246801468,0.2203385252569125,
2025-08-06T13:15:17.055428,0.003906,0.011719,1.015625,-1,0.6610850246801468,0.2203385252569125,
2025-08-06T13:15:19.056066,-0.003906,0.015625,1.011719,-1,0.8847997491400248,-0.2211775386640661,
2025-08-06T13:15:23.062932,0.003906,0.011719,1.015625,-1,0.6610850246801468,0.2203385252569125,
2025-08-06T13:15:24.064287,-0.003906,0.007812,1.015625,-1,0.440696608244391,-0.2203466746180019,
2025-08-06T13:15:24.572549,-0.003906,0.011719,1.027344,-1,0.6535447393115237,-0.2178254582906934,
2025-08-06T13:15:25.070371,-0.003906,0.007812,1.019531,-1,0.4390083141781417,-0.2195025462409984,
2025-08-06T13:15:27.067465,-0.003906,0.019531,1.019531,-1,1.09746422581127,-0.2194687229956665,
2025-08-06T13:15:28.066217,-0.003906,0.015625,1.015625,-1,0.8813974792568712,-0.2203271203396046,
2025-08-06T13:15:31.575086,-0.003906,0.015625,1.019531,-1,0.8780212720239244,-0.2194832158151633,
2025-08-06T13:15:32.579273,-0.003906,0.007812,1.019531,-1,0.4390083141781417,-0.2195025462409984,
2025-08-06T13:15:33.077369,0.003906,0.011719,1.015625,-1,0.6610850246801468,0.2203385252569125,
2025-08-06T13:15:34.081647,-0.003906,0.015625,1.007812,-1,0.8882292657912181,-0.222034766746131,
2025-08-06T13:15:35.081375,0.003906,0.011719,1.023438,-1,0.6560387701732742,0.2186566827176238,
2025-08-06T13:15:36.082145,-0.003906,0.007812,1.023438,-1,0.4373324787034078,-0.2186646468807166,
2025-08-06T13:15:36.582352,-0.003906,0.011719,1.015625,-1,0.6610850246801468,-0.2203385252569125,
2025-08-06T13:15:37.083270,-0.003906,0.011719,1.023438,-1,0.6560387701732742,-0.2186566827176238,
2025-08-06T13:15:40.088183,-0.007812,0.011719,1.015625,-1,0.6610703595179453,-0.4406705335816567,
2025-08-06T13:15:41.588031,-0.003906,0.007812,1.019531,-1,0.4390083141781417,-0.2195025462409984,
2025-08-06T13:15:42.599823,-0.003906,0.011719,1.015625,-1,0.6610850246801468,-0.2203385252569125,
2025-08-06T13:15:43.092040,0.003906,0.011719,1.019531,-1,0.6585525540811924,0.2194944901765701,
2025-08-06T13:15:43.594835,0.003906,0.003906,1.027344,-1,0.2178380551330046,0.2178380551330046,
2025-08-06T13:15:45.094349,-0.003906,0.015625,1.023438,-1,0.8746699746402803,-0.218645536959768,
2025-08-06T13:15:47.597492,-0.003906,0.011719,1.007812,-1,0.6662095084908791,-0.2220464389197426,
2025-08-06T13:15:49.599509,0.003906,0.007812,1.011719,-1,0.4423979374283344,0.2211973202646514,
2025-08-06T13:15:53.104522,-0.003906,0.007812,1.019531,-1,0.4390083141781417,-0.2195025462409984,
2025-08-06T13:15:53.606418,0.003906,0.011719,1.015625,-1,0.6610850246801468,0.2203385252569125,
2025-08-06T13:15:54.111868,0.003906,0.015625,1.011719,-1,0.8847997491400248,0.2211775386640661,
2025-08-06T13:15:56.609983,-0.003906,0.007812,1.015625,-1,0.440696608244391,-0.2203466746180019,
2025-08-06T13:15:57.609365,0.003906,0.015625,1.019531,-1,0.8780212720239244,0.2194832158151633,
2025-08-06T13:15:58.108857,-0.003906,0.011719,1.015625,-1,0.6610850246801468,-0.2203385252569125,
2025-08-06T13:15:58.614701,0.003906,0.015625,1.015625,-1,0.8813974792568712,0.2203271203396046,
2025-08-06T13:16:00.617540,-0.003906,0.007812,1.015625,-1,0.440696608244391,-0.2203466746180019,
2025-08-06T13:16:01.118042,-0.003906,0.011719,1.019531,-1,0.6585525540811924,-0.2194944901765701,
2025-08-06T13:16:01.620042,-0.003906,0.011719,1.019531,-1,0.6585525540811924,-0.2194944901765701,
2025-08-06T13:16:02.629511,0.003906,0.011719,1.023438,-1,0.6560387701732742,0.2186566827176238,
2025-08-06T13:16:03.120381,-0.003906,0.015625,1.011719,-1,0.8847997491400248,-0.2211775386640661,
2025-08-06T13:16:03.620423,0.003906,0.015625,1.019531,-1,0.8780212720239244,0.2194832158151633,
2025-08-06T13:16:04.625341,-0.003906,0.011719,1.023438,-1,0.6560387701732742,-0.2186566827176238,
2025-08-06T13:16:05.623678,-0.003906,0.007812,1.015625,-1,0.440696608244391,-0.2203466746180019,
2025-08-06T13:16:06.123302,0.003906,0.011719,1.027344,-1,0.6535447393115237,0.2178254582906934,
2025-08-06T13:16:06.634343,-0.003906,0.011719,1.019531,-1,0.6585525540811924,-0.2194944901765701,
2025-08-06T13:16:07.145818,-0.007812,0.011719,1.019531,-1,0.6585380568074828,-0.4389825380248408,
2025-08-06T13:16:07.630030,-0.003906,0.011719,1.023438,-1,0.6560387701732742,-0.2186566827176238,
2025-08-06T13:16:08.629109,-0.003906,0.015625,1.011719,-1,0.8847997491400248,-0.2211775386640661,
2025-08-06T13:16:09.629963,-0.003906,0.007812,1.019531,-1,0.4390083141781417,-0.2195025462409984,
2025-08-06T13:16:10.138119,-0.003906,0.011719,1.027344,-1,0.6535447393115237,-0.2178254582906934,
2025-08-06T13:16:10.632819,-0.003906,0.011719,1.015625,-1,0.6610850246801468,-0.2203385252569125,
2025-08-06T13:16:11.132879,0.003906,0.011719,1.011719,-1,0.6636370467315315,0.2211890761607455,
2025-08-06T13:16:11.633445,-0.003906,0.011719,1.019531,-1,0.6585525540811924,-0.2194944901765701,
2025-08-06T13:16:12.134453,0.003906,0.011719,1.015625,-1,0.6610850246801468,0.2203385252569125,
2025-08-06T13:16:14.140964,0.007812,0.015625,1.011719,-1,0.8847799707547714,0.4423484856673467,
2025-08-06T13:16:15.139360,0.003906,0.019531,1.027344,-1,1.0891200973080457,0.2178002743837658,
2025-08-06T13:16:15.639696,-0.003906,0.007812,1.015625,-1,0.440696608244391,-0.2203466746180019,
2025-08-06T13:16:16.140193,-0.003906,0.011719,1.011719,-1,0.6636370467315315,-0.2211890761607455,
2025-08-06T13:16:17.138299,-0.003906,0.015625,1.011719,-1,0.8847997491400248,-0.2211775386640661,
2025-08-06T13:16:17.640827,-0.003906,0.007812,1.015625,-1,0.440696608244391,-0.2203466746180019,
2025-08-06T13:16:19.647193,-0.003906,0.011719,1.027344,-1,0.6535447393115237,-0.2178254582906934,
2025-08-06T13:16:22.149432,-0.003906,0.007812,1.019531,-1,0.4390083141781417,-0.2195025462409984,
2025-08-06T13:16:22.655525,-0.003906,0.011719,1.023438,-1,0.6560387701732742,-0.2186566827176238,
2025-08-06T13:16:23.653110,-0.003906,0.015625,1.023438,-1,0.8746699746402803,-0.218645536959768,
2025-08-06T13:16:25.653343,-0.003906,0.007812,1.019531,-1,0.4390083141781417,-0.2195025462409984,
2025-08-06T13:16:27.158360,-0.003906,0.007812,1.019531,-1,0.4390083141781417,-0.2195025462409984,
2025-08-06T13:16:29.163090,-0.003906,0.015625,1.011719,-1,0.8847997491400248,-0.2211775386640661,
2025-08-06T13:16:29.661065,-0.003906,0.011719,1.019531,-1,0.6585525540811924,-0.2194944901765701,
2025-08-06T13:16:32.667231,0.003906,0.007812,1.015625,-1,0.440696608244391,0.2203466746180019,
2025-08-06T13:16:33.668915,-0.003906,0.011719,1.019531,-1,0.6585525540811924,-0.2194944901765701,
2025-08-06T13:16:35.669865,-0.003906,0.007812,1.019531,-1,0.4390083141781417,-0.2195025462409984,
2025-08-06T13:16:36.171207,-0.003906,0.011719,1.019531,-1,0.6585525540811924,-0.2194944901765701,
2025-08-06T13:16:37.674375,0.003906,0.011719,1.011719,-1,0.6636370467315315,0.2211890761607455,
2025-08-06T13:16:41.675821,-0.003906,0.007812,1.015625,-1,0.440696608244391,-0.2203466746180019,
2025-08-06T13:16:42.183823,0.003906,0.007812,1.019531,-1,0.4390083141781417,0.2195025462409984,
2025-08-06T13:16:44.183648,0.003906,0.011719,1.015625,-1,0.6610850246801468,0.2203385252569125,
2025-08-06T13:16:45.181009,-0.003906,0.007812,1.019531,-1,0.4390083141781417,-0.2195025462409984,
2025-08-06T13:16:45.681341,0.003906,0.007812,1.019531,-1,0.4390083141781417,0.2195025462409984,
2025-08-06T13:16:46.182084,-0.003906,0.015625,1.015625,-1,0.8813974792568712,-0.2203271203396046,
2025-08-06T13:16:47.687655,-0.003906,0.011719,1.015625,-1,0.6610850246801468,-0.2203385252569125,
2025-08-06T13:16:49.692079,-0.003906,0.011719,1.007812,-1,0.6662095084908791,-0.2220464389197426,
2025-08-06T13:16:50.189713,-0.003906,0.011719,1.011719,-1,0.6636370467315315,-0.2211890761607455,
2025-08-06T13:16:51.696665,0.003906,0.011719,1.019531,-1,0.6585525540811924,0.2194944901765701,
2025-08-06T13:16:52.191547,-0.003906,0.011719,1.023438,-1,0.6560387701732742,-0.2186566827176238,
2025-08-06T13:16:52.697606,0.003906,0.007812,1.011719,-1,0.4423979374283344,0.2211973202646514,
2025-08-06T13:16:57.702813,-0.003906,0.011719,1.019531,-1,0.6585525540811924,-0.2194944901765701,
2025-08-06T13:16:58.205368,-0.003906,0.015625,1.015625,-1,0.8813974792568712,-0.2203271203396046,
2025-08-06T13:16:59.209256,-0.003906,0.003906,1.023438,-1,0.218669424328471,-0.218669424328471,
2025-08-06T13:16:59.706514,-0.003906,0.011719,1.019531,-1,0.6585525540811924,-0.2194944901765701,
2025-08-06T13:17:00.209867,-0.003906,0.011719,1.015625,-1,0.6610850246801468,-0.2203385252569125,
2025-08-06T13:17:01.211820,-0.003906,0.011719,1.011719,-1,0.6636370467315315,-0.2211890761607455,
2025-08-06T13:17:01.718373,-0.003906,0.019531,1.011719,-1,1.105936086165227,-0.2211627076333394,
2025-08-06T13:17:02.228375,0.007812,0.011719,1.011719,-1,0.6636222110785278,0.4423715596291307,
2025-08-06T13:17:02.713373,-0.003906,0.019531,1.011719,-1,1.105936086165227,-0.2211627076333394,
2025-08-06T13:17:03.711692,-0.003906,0.011719,1.015625,-1,0.6610850246801468,-0.2203385252569125,
2025-08-06T13:17:04.214459,-0.003906,0.015625,1.023438,-1,0.8746699746402803,-0.218645536959768,
2025-08-06T13:17:04.718944,-0.003906,0.015625,1.015625,-1,0.8813974792568712,-0.2203271203396046,
2025-08-06T13:17:05.716205,-0.003906,0.019531,1.019531,-1,1.09746422581127,-0.2194687229956665,
2025-08-06T13:17:06.212264,-0.003906,0.011719,1.023438,-1,0.6560387701732742,-0.2186566827176238,
2025-08-06T13:17:06.714931,-0.003906,0.011719,1.015625,-1,0.6610850246801468,-0.2203385252569125,
2025-08-06T13:17:09.221352,0.003906,0.011719,1.019531,-1,0.6585525540811924,0.2194944901765701,
2025-08-06T13:17:09.716075,0.003906,0.007812,1.015625,-1,0.440696608244391,0.2203466746180019,
2025-08-06T13:17:10.217060,0.003906,0.011719,1.015625,-1,0.6610850246801468,0.2203385252569125,
2025-08-06T13:17:10.718764,-0.003906,0.011719,1.019531,-1,0.6585525540811924,-0.2194944901765701,
2025-08-06T13:17:12.224658,-0.003906,0.011719,1.015625,-1,0.6610850246801468,-0.2203385252569125,
2025-08-06T13:17:12.724859,-0.003906,0.007812,1.015625,-1,0.440696608244391,-0.2203466746180019,
2025-08-06T13:17:15.228948,-0.003906,0.015625,1.015625,-1,0.8813974792568712,-0.2203271203396046,
2025-08-06T13:17:16.230963,-0.003906,0.011719,1.019531,-1,0.6585525540811924,-0.2194944901765701,
2025-08-06T13:17:16.735651,-0.003906,0.007812,1.023438,-1,0.4373324787034078,-0.2186646468807166,
2025-08-06T13:17:17.236481,0.003906,0.015625,1.011719,-1,0.8847997491400248,0.2211775386640661,
2025-08-06T13:17:17.732342,0.003906,0.011719,1.011719,-1,0.6636370467315315,0.2211890761607455,
2025-08-06T13:17:18.733386,0.003906,0.011719,1.019531,-1,0.6585525540811924,0.2194944901765701,
2025-08-06T13:17:19.236802,-0.003906,0.011719,1.011719,-1,0.6636370467315315,-0.2211890761607455,
2025-08-06T13:17:20.234820,-0.003906,0.015625,1.015625,-1,0.8813974792568712,-0.2203271203396046,
2025-08-06T13:17:20.735839,-0.003906,0.011719,1.019531,-1,0.6585525540811924,-0.2194944901765701,
2025-08-06T13:17:22.235246,-0.003906,0.011719,1.015625,-1,0.6610850246801468,-0.2203385252569125,
2025-08-06T13:17:22.738193,-0.003906,0.007812,1.015625,-1,0.440696608244391,-0.2203466746180019,
2025-08-06T13:17:23.238537,0.003906,0.011719,1.023438,-1,0.6560387701732742,0.2186566827176238,
2025-08-06T13:17:25.239683,0.003906,0.011719,1.023438,-1,0.6560387701732742,0.2186566827176238,
2025-08-06T13:17:28.244317,-0.003906,0.011719,1.023438,-1,0.6560387701732742,-0.2186566827176238,
2025-08-06T13:17:29.746836,-0.003906,0.011719,1.011719,-1,0.6636370467315315,-0.2211890761607455,
2025-08-06T13:17:32.752305,0.003906,0.015625,1.015625,-1,0.8813974792568712,0.2203271203396046,
2025-08-06T13:17:34.252248,0.003906,0.019531,1.027344,-1,1.0891200973080457,0.2178002743837658,
2025-08-06T13:17:37.254914,-0.003906,0.011719,1.039062,-1,0.6461751354080733,-0.2153692737227123,
2025-08-06T13:17:37.755712,-0.003906,0.011719,1.015625,-1,0.6610850246801468,-0.2203385252569125,
2025-08-06T13:17:38.254660,-0.003906,0.011719,1.011719,-1,0.6636370467315315,-0.2211890761607455,
2025-08-06T13:17:39.757817,-0.003906,0.015625,1.015625,-1,0.8813974792568712,-0.2203271203396046,
2025-08-06T13:17:40.775191,-0.007812,0.015625,1.003906,-1,0.8916643376654739,-0.4457901386049559,
2025-08-06T13:17:43.269317,-0.003906,0.007812,1.015625,-1,0.440696608244391,-0.2203466746180019,
2025-08-06T13:17:43.764917,0.003906,0.011719,1.015625,-1,0.6610850246801468,0.2203385252569125,
2025-08-06T13:17:44.268170,-0.003906,0.007812,1.015625,-1,0.440696608244391,-0.2203466746180019,
2025-08-06T13:17:44.766017,-0.003906,0.011719,1.019531,-1,0.6585525540811924,-0.2194944901765701,
2025-08-06T13:17:46.268434,-0.003906,0.015625,1.027344,-1,0.8713450088071322,-0.2178144391557953,
2025-08-06T13:17:46.768380,0.003906,0.019531,1.011719,-1,1.105936086165227,0.2211627076333394,
2025-08-06T13:17:47.271558,0.007812,0.011719,1.015625,-1,0.6610703595179453,0.4406705335816567,
2025-08-06T13:17:47.771888,-0.003906,0.011719,1.023438,-1,0.6560387701732742,-0.2186566827176238,
2025-08-06T13:17:48.270081,-0.003906,0.011719,1.019531,-1,0.6585525540811924,-0.2194944901765701,
2025-08-06T13:17:48.770888,0.003906,0.011719,1.023438,-1,0.6560387701732742,0.2186566827176238,
2025-08-06T13:17:49.276239,0.003906,0.011719,1.023438,-1,0.6560387701732742,0.2186566827176238,
2025-08-06T13:17:50.780560,-0.003906,0.007812,1.015625,-1,0.440696608244391,-0.2203466746180019,
2025-08-06T13:17:51.783406,-0.003906,0.011719,1.015625,-1,0.6610850246801468,-0.2203385252569125,
2025-08-06T13:17:52.277408,0.007812,0.015625,1.019531,-1,0.878001944723601,0.4389599902946896,
2025-08-06T13:17:52.781821,0.003906,0.011719,1.015625,-1,0.6610850246801468,0.2203385252569125,
2025-08-06T13:17:54.780422,0.003906,0.007812,1.011719,-1,0.4423979374283344,0.2211973202646514,
2025-08-06T13:17:55.780098,0.003906,0.011719,1.019531,-1,0.6585525540811924,0.2194944901765701,
2025-08-06T13:17:56.280369,0.003906,0.015625,1.011719,-1,0.8847997491400248,0.2211775386640661,
2025-08-06T13:17:56.786475,0.003906,0.011719,1.027344,-1,0.6535447393115237,0.2178254582906934,
2025-08-06T13:17:57.283166,-0.003906,0.015625,1.019531,-1,0.8780212720239244,-0.2194832158151633,
2025-08-06T13:17:58.292116,-0.003906,0.011719,1.007812,-1,0.6662095084908791,-0.2220464389197426,
2025-08-06T13:17:59.286328,-0.003906,0.019531,1.011719,-1,1.105936086165227,-0.2211627076333394,
2025-08-06T13:18:00.790166,-0.003906,0.015625,1.015625,-1,0.8813974792568712,-0.2203271203396046,
2025-08-06T13:18:01.291297,-0.003906,0.015625,1.015625,-1,0.8813974792568712,-0.2203271203396046,
2025-08-06T13:18:02.292268,-0.003906,0.007812,1.027344,-1,0.4356698126898492,-0.2178333319679526,
2025-08-06T13:18:03.303454,0.003906,0.015625,1.019531,-1,0.8780212720239244,0.2194832158151633,
2025-08-06T13:18:04.799614,-0.003906,0.011719,1.011719,-1,0.6636370467315315,-0.2211890761607455,
2025-08-06T13:18:05.301631,-0.003906,0.011719,1.023438,-1,0.6560387701732742,-0.2186566827176238,
2025-08-06T13:18:05.798395,-0.003906,0.019531,1.023438,-1,1.0932757087945513,-0.2186312094366695,
2025-08-06T13:18:06.800313,0.003906,0.015625,1.019531,-1,0.8780212720239244,0.2194832158151633,
2025-08-06T13:18:07.801058,0.003906,0.015625,1.019531,-1,0.8780212720239244,0.2194832158151633,
2025-08-06T13:18:08.799500,-0.003906,0.015625,1.023438,-1,0.8746699746402803,-0.218645536959768,
2025-08-06T13:18:09.805576,0.003906,0.011719,1.015625,-1,0.6610850246801468,0.2203385252569125,
2025-08-06T13:18:10.804343,-0.003906,0.011719,1.015625,-1,0.6610850246801468,-0.2203385252569125,
2025-08-06T13:18:11.305435,-0.007812,0.011719,1.015625,-1,0.6610703595179453,-0.4406705335816567,
2025-08-06T13:18:13.808946,-0.003906,0.007812,1.015625,-1,0.440696608244391,-0.2203466746180019,
2025-08-06T13:18:14.306465,0.011719,0.019531,1.023438,-1,1.093212019743413,0.6559241290730046,
2025-08-06T13:18:14.810367,-0.015625,0.019531,1.027344,-1,1.089002052328208,-0.8711939088988692,
2025-08-06T13:18:15.330977,0.003906,0.019531,1.023438,-1,1.0932757087945513,0.2186312094366695,
2025-08-06T13:18:16.310789,-0.003906,0.011719,1.007812,-1,0.6662095084908791,-0.2220464389197426,
2025-08-06T13:18:16.813402,-0.003906,0.011719,1.023438,-1,0.6560387701732742,-0.2186566827176238,
2025-08-06T13:18:18.315110,-0.003906,0.011719,1.019531,-1,0.6585525540811924,-0.2194944901765701,
2025-08-06T13:18:18.815954,-0.003906,0.015625,1.015625,-1,0.8813974792568712,-0.2203271203396046,
2025-08-06T13:18:19.826857,0.003906,0.019531,1.03125,-1,1.0849959537016989,0.2169756304015307,
2025-08-06T13:18:20.316374,0.003906,0.011719,1.015625,-1,0.6610850246801468,0.2203385252569125,
2025-08-06T13:18:20.817177,-0.003906,0.007812,1.019531,-1,0.4390083141781417,-0.2195025462409984,
2025-08-06T13:18:22.820873,0.003906,0.015625,1.019531,-1,0.8780212720239244,0.2194832158151633,
2025-08-06T13:18:24.322261,0.003906,0.015625,1.011719,-1,0.8847997491400248,0.2211775386640661,
2025-08-06T13:18:24.822697,-0.003906,0.007812,1.015625,-1,0.440696608244391,-0.2203466746180019,
2025-08-06T13:18:25.327157,-0.003906,0.007812,1.011719,-1,0.4423979374283344,-0.2211973202646514,
2025-08-06T13:18:26.334109,0.003906,0.011719,1.011719,-1,0.6636370467315315,0.2211890761607455,
2025-08-06T13:18:27.833095,0.003906,0.011719,1.011719,-1,0.6636370467315315,0.2211890761607455,
2025-08-06T13:18:31.334404,-0.003906,0.007812,1.015625,-1,0.440696608244391,-0.2203466746180019,
2025-08-06T13:18:31.892379,0.003906,0.015625,1.019531,-1,0.8780212720239244,0.2194832158151633,
2025-08-06T13:18:32.433773,-0.003906,0.007812,1.007812,-1,0.4441128939204043,-0.2220547792655734,
2025-08-06T13:18:33.421834,-0.003906,0.011719,1.011719,-1,0.6636370467315315,-0.2211890761607455,
2025-08-06T13:18:34.837902,0.003906,0.011719,1.023438,-1,0.6560387701732742,0.2186566827176238,
2025-08-06T13:18:36.366229,0.003906,0.011719,1.007812,-1,0.6662095084908791,0.2220464389197426,
2025-08-06T13:18:36.928616,-0.003906,0.011719,1.019531,-1,0.6585525540811924,-0.2194944901765701,
2025-08-06T13:18:37.343066,0.003906,0.015625,1.011719,-1,0.8847997491400248,0.2211775386640661,
2025-08-06T13:18:37.905647,0.003906,0.015625,1.011719,-1,0.8847997491400248,0.2211775386640661,
2025-08-06T13:18:38.903710,-0.003906,0.011719,1.015625,-1,0.6610850246801468,-0.2203385252569125,
2025-08-06T13:18:39.888691,-0.003906,0.015625,1.019531,-1,0.8780212720239244,-0.2194832158151633,
2025-08-06T13:18:40.410878,-0.003906,0.015625,1.011719,-1,0.8847997491400248,-0.2211775386640661,
2025-08-06T13:18:40.920131,-0.003906,0.023438,1.015625,-1,1.3219940783706607,-0.2202945403293463,
2025-08-06T13:18:41.416382,0.003906,0.011719,1.015625,-1,0.6610850246801468,0.2203385252569125,
2025-08-06T13:18:42.850878,-0.003906,0.011719,1.015625,-1,0.6610850246801468,-0.2203385252569125,
2025-08-06T13:18:44.854818,-0.003906,0.007812,1.019531,-1,0.4390083141781417,-0.2195025462409984,
2025-08-06T13:18:45.407386,-0.003906,0.015625,1.015625,-1,0.8813974792568712,-0.2203271203396046,
2025-08-06T13:18:45.856723,-0.003906,0.015625,1.019531,-1,0.8780212720239244,-0.2194832158151633,
2025-08-06T13:18:48.366864,-0.003906,0.011719,1.019531,-1,0.6585525540811924,-0.2194944901765701,
2025-08-06T13:18:48.856447,0.003906,0.011719,1.015625,-1,0.6610850246801468,0.2203385252569125,
2025-08-06T13:18:49.359323,-0.003906,0.015625,1.023438,-1,0.8746699746402803,-0.218645536959768,
2025-08-06T13:18:49.858260,-0.003906,0.011719,1.011719,-1,0.6636370467315315,-0.2211890761607455,
2025-08-06T13:18:50.357760,-0.003906,0.011719,1.015625,-1,0.6610850246801468,-0.2203385252569125,
2025-08-06T13:18:53.363807,0.003906,0.019531,1.011719,-1,1.105936086165227,0.2211627076333394,
2025-08-06T13:18:54.369340,-0.003906,0.011719,1.019531,-1,0.6585525540811924,-0.2194944901765701,
2025-08-06T13:18:56.872846,-0.003906,0.011719,1.027344,-1,0.6535447393115237,-0.2178254582906934,
2025-08-06T13:18:57.868406,-0.003906,0.015625,1.015625,-1,0.8813974792568712,-0.2203271203396046,
2025-08-06T13:18:59.372956,0.003906,0.007812,1.007812,-1,0.4441128939204043,0.2220547792655734,
2025-08-06T13:19:01.384975,-0.003906,0.011719,1.015625,-1,0.6610850246801468,-0.2203385252569125,
2025-08-06T13:19:02.377869,-0.003906,0.015625,1.015625,-1,0.8813974792568712,-0.2203271203396046,
2025-08-06T13:19:03.380377,-0.003906,0.011719,1.023438,-1,0.6560387701732742,-0.2186566827176238,
2025-08-06T13:19:03.880605,0.003906,0.011719,1.023438,-1,0.6560387701732742,0.2186566827176238,
2025-08-06T13:19:04.901332,-0.003906,0.011719,1.011719,-1,0.6636370467315315,-0.2211890761607455,
2025-08-06T13:19:05.896412,-0.007812,0.015625,1.015625,-1,0.8813779281484703,-0.4406477247589351,
2025-08-06T13:19:06.438408,-0.003906,0.011719,1.003906,-1,0.6688013239768625,-0.2229102515819349,
2025-08-06T13:19:07.463701,-0.007812,0.011719,1.019531,-1,0.6585380568074828,-0.4389825380248408,
2025-08-06T13:19:07.887130,0.003906,0.015625,1.023438,-1,0.8746699746402803,0.218645536959768,
2025-08-06T13:19:08.411364,-0.003906,0.015625,1.019531,-1,0.8780212720239244,-0.2194832158151633,
2025-08-06T13:19:10.881883,-0.003906,0.007812,1.007812,-1,0.4441128939204043,-0.2220547792655734,
2025-08-06T13:19:11.926660,0.007812,0.015625,1.019531,-1,0.878001944723601,0.4389599902946896,
2025-08-06T13:19:14.389823,0.003906,0.007812,1.019531,-1,0.4390083141781417,0.2195025462409984,
2025-08-06T13:19:14.897655,-0.003906,0.011719,1.011719,-1,0.6636370467315315,-0.2211890761607455,
2025-08-06T13:19:15.963225,-0.003906,0.015625,1.019531,-1,0.8780212720239244,-0.2194832158151633,
2025-08-06T13:19:18.403146,-0.003906,0.011719,1.019531,-1,0.6585525540811924,-0.2194944901765701,
2025-08-06T13:19:19.395569,-0.003906,0.015625,1.023438,-1,0.8746699746402803,-0.218645536959768,
2025-08-06T13:19:19.906004,-0.003906,0.011719,1.019531,-1,0.6585525540811924,-0.2194944901765701,
2025-08-06T13:19:23.414951,-0.003906,0.011719,1.011719,-1,0.6636370467315315,-0.2211890761607455,
2025-08-06T13:19:23.927961,-0.003906,0.015625,1.015625,-1,0.8813974792568712,-0.2203271203396046,
2025-08-06T13:19:24.462499,-0.003906,0.015625,1.019531,-1,0.8780212720239244,-0.2194832158151633,
2025-08-06T13:19:24.900293,0.003906,0.015625,1.015625,-1,0.8813974792568712,0.2203271203396046,
2025-08-06T13:19:25.453847,-0.003906,0.007812,1.015625,-1,0.440696608244391,-0.2203466746180019,
2025-08-06T13:19:26.907120,-0.003906,0.015625,1.019531,-1,0.8780212720239244,-0.2194832158151633,
2025-08-06T13:19:27.438320,0.003906,0.011719,1.011719,-1,0.6636370467315315,0.2211890761607455,
2025-08-06T13:19:27.904404,-0.003906,0.015625,1.023438,-1,0.8746699746402803,-0.218645536959768,
2025-08-06T13:19:28.946319,-0.003906,0.011719,1.015625,-1,0.6610850246801468,-0.2203385252569125,
2025-08-06T13:19:29.461888,-0.007812,0.011719,1.019531,-1,0.6585380568074828,-0.4389825380248408,
2025-08-06T13:19:29.907672,-0.003906,0.007812,1.019531,-1,0.4390083141781417,-0.2195025462409984,
2025-08-06T13:19:31.407976,-0.003906,0.019531,1.019531,-1,1.09746422581127,-0.2194687229956665,
2025-08-06T13:19:33.911060,0.003906,0.015625,1.015625,-1,0.8813974792568712,0.2203271203396046,
2025-08-06T13:19:35.110143,-0.003906,0.007812,1.019531,-1,0.4390083141781417,-0.2195025462409984,
2025-08-06T13:19:35.420342,-0.003906,0.015625,1.019531,-1,0.8780212720239244,-0.2194832158151633,
2025-08-06T13:19:35.941565,0.003906,0.011719,1.015625,-1,0.6610850246801468,0.2203385252569125,
2025-08-06T13:19:36.913105,-0.003906,0.011719,1.023438,-1,0.6560387701732742,-0.2186566827176238,
2025-08-06T13:19:37.485853,0.003906,0.015625,1.027344,-1,0.8713450088071322,0.2178144391557953,
2025-08-06T13:19:38.416553,0.003906,0.007812,1.019531,-1,0.4390083141781417,0.2195025462409984,
2025-08-06T13:19:40.416826,-0.003906,0.015625,1.011719,-1,0.8847997491400248,-0.2211775386640661,
2025-08-06T13:19:43.428840,-0.003906,0.015625,1.011719,-1,0.8847997491400248,-0.2211775386640661,
2025-08-06T13:19:44.465280,0.003906,0.015625,1.019531,-1,0.8780212720239244,0.2194832158151633,
2025-08-06T13:19:45.428376,-0.003906,0.015625,1.015625,-1,0.8813974792568712,-0.2203271203396046,
2025-08-06T13:19:47.927308,-0.003906,0.011719,1.019531,-1,0.6585525540811924,-0.2194944901765701,
2025-08-06T13:19:48.424829,-0.003906,0.011719,1.019531,-1,0.6585525540811924,-0.2194944901765701,
2025-08-06T13:19:51.995633,-0.003906,0.011719,1.011719,-1,0.6636370467315315,-0.2211890761607455,
2025-08-06T13:19:52.533200,-0.003906,0.019531,1.027344,-1,1.0891200973080457,-0.2178002743837658,
2025-08-06T13:19:52.990291,-0.003906,0.015625,1.015625,-1,0.8813974792568712,-0.2203271203396046,
2025-08-06T13:19:53.989790,-0.003906,0.011719,1.019531,-1,0.6585525540811924,-0.2194944901765701,
2025-08-06T13:19:55.465349,-0.003906,0.007812,1.019531,-1,0.4390083141781417,-0.2195025462409984,
2025-08-06T13:19:57.007751,0.003906,0.015625,1.023438,-1,0.8746699746402803,0.218645536959768,
2025-08-06T13:19:58.448319,-0.003906,0.007812,1.023438,-1,0.4373324787034078,-0.2186646468807166,
2025-08-06T13:20:01.443752,-0.003906,0.011719,1.023438,-1,0.6560387701732742,-0.2186566827176238,
2025-08-06T13:20:01.945948,-0.003906,0.011719,1.019531,-1,0.6585525540811924,-0.2194944901765701,
2025-08-06T13:20:03.456486,-0.003906,0.007812,1.019531,-1,0.4390083141781417,-0.2195025462409984,
2025-08-06T13:20:05.023858,-0.003906,0.015625,1.007812,-1,0.8882292657912181,-0.222034766746131,
2025-08-06T13:20:08.451250,-0.003906,0.011719,1.019531,-1,0.6585525540811924,-0.2194944901765701,
2025-08-06T13:20:08.951584,-0.003906,0.011719,1.023438,-1,0.6560387701732742,-0.2186566827176238,
2025-08-06T13:20:09.584322,-0.003906,0.011719,1.019531,-1,0.6585525540811924,-0.2194944901765701,
2025-08-06T13:20:10.456374,-0.003906,0.011719,1.007812,-1,0.6662095084908791,-0.2220464389197426,
2025-08-06T13:20:12.465108,-0.003906,0.007812,1.011719,-1,0.4423979374283344,-0.2211973202646514,
2025-08-06T13:20:13.687685,0.003906,0.011719,1.015625,-1,0.6610850246801468,0.2203385252569125,
2025-08-06T13:20:14.999950,0.003906,0.015625,1.019531,-1,0.8780212720239244,0.2194832158151633,
2025-08-06T13:20:15.651343,0.003906,0.011719,1.019531,-1,0.6585525540811924,0.2194944901765701,
2025-08-06T13:20:15.989874,-0.007812,0.015625,1.003906,-1,0.8916643376654739,-0.4457901386049559,
2025-08-06T13:20:18.064764,-0.003906,0.015625,1.011719,-1,0.8847997491400248,-0.2211775386640661,
2025-08-06T13:20:18.495310,-0.003906,0.015625,1.015625,-1,0.8813974792568712,-0.2203271203396046,
2025-08-06T13:20:19.033827,-0.003906,0.007812,1.019531,-1,0.4390083141781417,-0.2195025462409984,
2025-08-06T13:20:20.560345,-0.003906,0.007812,1.039062,-1,0.4307568114933137,-0.2153768840336683,
2025-08-06T13:20:21.999357,-0.003906,0.011719,1.015625,-1,0.6610850246801468,-0.2203385252569125,
2025-08-06T13:20:22.991550,-0.003906,0.007812,1.019531,-1,0.4390083141781417,-0.2195025462409984,
2025-08-06T13:20:23.525191,-0.003906,0.015625,1.015625,-1,0.8813974792568712,-0.2203271203396046,
2025-08-06T13:20:27.020828,-0.003906,0.011719,1.03125,-1,0.6510695985569274,-0.2170005293006272,
2025-08-06T13:20:27.563319,0.003906,0.011719,1.015625,-1,0.6610850246801468,0.2203385252569125,
2025-08-06T13:20:28.014045,0.003906,0.011719,1.035156,-1,0.6486131341157197,0.216181824502603,
2025-08-06T13:20:28.740340,-0.003906,0.011719,1.015625,-1,0.6610850246801468,-0.2203385252569125,
2025-08-06T13:20:30.091300,-0.003906,0.015625,1.015625,-1,0.8813974792568712,-0.2203271203396046,
2025-08-06T13:20:34.014393,-0.003906,0.011719,1.015625,-1,0.6610850246801468,-0.2203385252569125,
2025-08-06T13:20:34.535087,-0.003906,0.011719,1.023438,-1,0.6560387701732742,-0.2186566827176238,
2025-08-06T13:20:35.707185,0.003906,0.007812,1.011719,-1,0.4423979374283344,0.2211973202646514,
2025-08-06T13:20:36.065389,-0.003906,0.015625,1.015625,-1,0.8813974792568712,-0.2203271203396046,
2025-08-06T13:20:36.577598,-0.003906,0.011719,1.015625,-1,0.6610850246801468,-0.2203385252569125,
2025-08-06T13:20:36.998679,-0.003906,0.011719,1.015625,-1,0.6610850246801468,-0.2203385252569125,
2025-08-06T13:20:38.502837,-0.003906,0.015625,1.019531,-1,0.8780212720239244,-0.2194832158151633,
2025-08-06T13:20:39.043820,-0.003906,0.015625,1.019531,-1,0.8780212720239244,-0.2194832158151633,
2025-08-06T13:20:40.005005,0.003906,0.011719,1.011719,-1,0.6636370467315315,0.2211890761607455,
2025-08-06T13:20:40.507648,-0.003906,0.007812,1.015625,-1,0.440696608244391,-0.2203466746180019,
2025-08-06T13:20:41.029326,-0.003906,0.007812,1.011719,-1,0.4423979374283344,-0.2211973202646514,
2025-08-06T13:20:42.038235,-0.003906,0.011719,1.011719,-1,0.6636370467315315,-0.2211890761607455,
2025-08-06T13:20:43.511430,-0.003906,0.011719,1.015625,-1,0.6610850246801468,-0.2203385252569125,
2025-08-06T13:20:44.004740,-0.003906,0.007812,1.015625,-1,0.440696608244391,-0.2203466746180019,
2025-08-06T13:20:45.019166,-0.003906,0.011719,1.027344,-1,0.6535447393115237,-0.2178254582906934,
2025-08-06T13:20:46.155662,-0.003906,0.011719,1.019531,-1,0.6585525540811924,-0.2194944901765701,
2025-08-06T13:20:47.516612,-0.003906,0.011719,1.019531,-1,0.6585525540811924,-0.2194944901765701,
2025-08-06T13:20:48.055615,-0.003906,0.015625,1.011719,-1,0.8847997491400248,-0.2211775386640661,
2025-08-06T13:20:49.030763,0.003906,0.011719,1.015625,-1,0.6610850246801468,0.2203385252569125,
2025-08-06T13:20:50.557748,-0.003906,0.015625,1.019531,-1,0.8780212720239244,-0.2194832158151633,
2025-08-06T13:20:51.073249,-0.003906,0.011719,1.011719,-1,0.6636370467315315,-0.2211890761607455,
2025-08-06T13:20:52.606674,-0.003906,0.015625,1.019531,-1,0.8780212720239244,-0.2194832158151633,
2025-08-06T13:20:53.049430,-0.003906,0.007812,1.023438,-1,0.4373324787034078,-0.2186646468807166,
2025-08-06T13:20:53.535343,-0.003906,0.007812,1.015625,-1,0.440696608244391,-0.2203466746180019,
2025-08-06T13:20:56.030322,-0.003906,0.011719,1.015625,-1,0.6610850246801468,-0.2203385252569125,
2025-08-06T13:20:57.032854,-0.003906,0.011719,1.023438,-1,0.6560387701732742,-0.2186566827176238,
2025-08-06T13:20:57.533853,-0.003906,0.015625,1.015625,-1,0.8813974792568712,-0.2203271203396046,
2025-08-06T13:20:58.541703,0.003906,0.011719,1.023438,-1,0.6560387701732742,0.2186566827176238,
2025-08-06T13:20:59.034937,0.003906,0.007812,1.015625,-1,0.440696608244391,0.2203466746180019,
2025-08-06T13:20:59.546689,-0.003906,0.007812,1.015625,-1,0.440696608244391,-0.2203466746180019,
2025-08-06T13:21:00.113008,0.003906,0.011719,1.011719,-1,0.6636370467315315,0.2211890761607455,
2025-08-06T13:21:00.541240,0.003906,0.015625,1.019531,-1,0.8780212720239244,0.2194832158151633,
2025-08-06T13:21:02.081075,-0.003906,0.015625,1.023438,-1,0.8746699746402803,-0.218645536959768,
2025-08-06T13:21:03.054594,0.003906,0.011719,1.019531,-1,0.6585525540811924,0.2194944901765701,
2025-08-06T13:21:03.607789,0.003906,0.015625,1.015625,-1,0.8813974792568712,0.2203271203396046,
2025-08-06T13:21:04.698199,-0.003906,0.015625,1.011719,-1,0.8847997491400248,-0.2211775386640661,
2025-08-06T13:21:05.055712,-0.003906,0.011719,1.015625,-1,0.6610850246801468,-0.2203385252569125,
2025-08-06T13:21:05.593399,-0.003906,0.011719,1.011719,-1,0.6636370467315315,-0.2211890761607455,
2025-08-06T13:21:06.044444,-0.003906,0.015625,1.011719,-1,0.8847997491400248,-0.2211775386640661,
2025-08-06T13:21:07.123116,0.003906,0.003906,0.992188,-1,0.225556471644184,0.225556471644184,
2025-08-06T13:21:07.674693,-0.003906,0.007812,1.003906,-1,0.445840753767532,-0.2229186896483265,
2025-08-06T13:21:08.583435,-0.003906,0.007812,1.027344,-1,0.4356698126898492,-0.2178333319679526,
2025-08-06T13:21:09.069367,-0.003906,0.011719,1.019531,-1,0.6585525540811924,-0.2194944901765701,
2025-08-06T13:21:14.571467,-0.003906,0.011719,1.027344,-1,0.6535447393115237,-0.2178254582906934,
2025-08-06T13:21:15.645724,0.003906,0.015625,1.015625,-1,0.8813974792568712,0.2203271203396046,
2025-08-06T13:21:16.156360,-0.003906,0.015625,1.019531,-1,0.8780212720239244,-0.2194832158151633,
2025-08-06T13:21:17.539395,-0.003906,0.007812,1.015625,-1,0.440696608244391,-0.2203466746180019,
2025-08-06T13:21:18.732644,-0.003906,0.007812,1.023438,-1,0.4373324787034078,-0.2186646468807166,
2025-08-06T13:21:19.307103,-0.003906,0.011719,1.003906,-1,0.6688013239768625,-0.2229102515819349,
2025-08-06T13:21:19.744199,0.007812,0.011719,1.03125,-1,0.651055589864598,0.4339948333820096,
2025-08-06T13:21:21.274446,-0.011719,0.007812,1.019531,-1,0.4389825380248408,-0.6585380568074828,
2025-08-06T13:21:21.689820,-0.003906,0.019531,1.019531,-1,1.09746422581127,-0.2194687229956665,
2025-08-06T13:21:22.169649,0.003906,0.015625,1.015625,-1,0.8813974792568712,0.2203271203396046,
2025-08-06T13:21:24.246848,-0.003906,0.011719,1.015625,-1,0.6610850246801468,-0.2203385252569125,
2025-08-06T13:21:27.190826,-0.003906,0.011719,1.019531,-1,0.6585525540811924,-0.2194944901765701,
2025-08-06T13:21:27.737378,0.003906,0.011719,1.019531,-1,0.6585525540811924,0.2194944901765701,
2025-08-06T13:21:28.239259,-0.003906,0.011719,1.015625,-1,0.6610850246801468,-0.2203385252569125,
2025-08-06T13:21:29.160522,-0.007812,0.015625,1.027344,-1,0.871326119033981,-0.4356225827833431,
2025-08-06T13:21:30.189467,-0.003906,0.007812,1.015625,-1,0.440696608244391,-0.2203466746180019,
2025-08-06T13:21:30.794901,-0.003906,0.011719,1.015625,-1,0.6610850246801468,-0.2203385252569125,
2025-08-06T13:21:31.215602,-0.015625,0.007812,1.035156,-1,0.4323359517287647,-0.8647518703066528,
2025-08-06T13:21:32.333165,0.144531,-0.070312,1.023438,-1,-3.89165141094046,8.019558774192003,
2025-08-06T13:21:32.733639,0.285156,0.148438,0.957031,-1,8.454800168739983,16.406454625657336,
2025-08-06T13:21:33.165650,0.292969,0.085938,0.875,-1,5.3207866870815925,18.429023620830268,
2025-08-06T13:21:33.666877,0.332031,0.03125,0.875,-1,1.9124566591904573,20.767840765101933,
2025-08-06T13:21:34.268840,-0.046875,0.066406,1.136719,-1,3.34053021275662,-2.357359535661211,
2025-08-06T13:21:34.694154,-0.015625,0.109375,1.074219,-1,5.81310514011331,-0.82904853240354,
2025-08-06T13:21:35.245359,-0.070312,0.03125,1.066406,-1,1.6748827095140422,-3.77064378740963,
2025-08-06T13:21:35.783785,-0.140625,0.042969,0.929688,-1,2.616533614662939,-8.592344958541764,
2025-08-06T13:21:36.228063,-0.015625,-0.039062,0.953125,-1,-2.3465293508010405,-0.9384033401891728,
2025-08-06T13:21:36.777845,-0.066406,0.007812,1.019531,-1,0.4380832888043952,-3.72652275917334,
2025-08-06T13:21:37.220319,-0.070312,0.011719,1.011719,-1,0.6620452510160703,-3.975258693608283,
2025-08-06T13:21:37.767171,-0.0625,0.007812,1.019531,-1,0.4381889785477995,-3.5078931155100523,
2025-08-06T13:21:38.179231,-0.066406,0.003906,1.023438,-1,0.2182121571826083,-3.712418233401648,
2025-08-06T13:21:38.740267,-0.070312,0.011719,1.011719,-1,0.6620452510160703,-3.975258693608283,
2025-08-06T13:21:39.398836,-0.074219,0.003906,1.015625,-1,0.2197671715610985,-4.179553101843748,
2025-08-06T13:21:39.725979,-0.070312,0.003906,1.007812,-1,0.2215229860152852,-3.990856907066824,
2025-08-06T13:21:40.694469,-0.074219,0.003906,1.007812,-1,0.2214617311051551,-4.2118381888858565,
2025-08-06T13:21:41.258428,-0.078125,0.007812,1.019531,-1,0.4377283170553865,-4.381790785458593,
2025-08-06T13:21:41.953205,-0.074219,0.003906,1.019531,-1,0.2189296605080144,-4.163597164070146,
2025-08-06T13:21:42.363108,-0.074219,0.011719,1.015625,-1,0.6593319071763242,-4.179306677081632,
2025-08-06T13:21:42.676445,-0.074219,0.003906,1.015625,-1,0.2197671715610985,-4.179553101843748,
2025-08-06T13:21:43.194057,-0.074219,0.007812,1.007812,-1,0.4429168451083676,-4.2117436345319925,
2025-08-06T13:21:43.759700,-0.074219,0.003906,1.019531,-1,0.2189296605080144,-4.163597164070146,
2025-08-06T13:21:44.403301,-0.070312,0.003906,1.007812,-1,0.2215229860152852,-3.990856907066824,
2025-08-06T13:21:44.832667,-0.074219,0.007812,1.011719,-1,0.4412156541442312,-4.195538116812858,
2025-08-06T13:21:45.278664,-0.070312,0.003906,1.019531,-1,0.2189888377267212,-3.945130365750476,
2025-08-06T13:21:45.703664,-0.074219,0.007812,1.011719,-1,0.4412156541442312,-4.195538116812858,
2025-08-06T13:21:46.249821,-0.066406,0.007812,1.023438,-1,0.436417984288692,-3.712337351223369,
2025-08-06T13:21:46.807203,-0.070312,0.007812,1.011719,-1,0.4413367519281536,-3.975406384866421,
2025-08-06T13:21:47.245204,-0.070312,0.003906,1.003906,-1,0.2223806804043943,-4.006333843185414,
2025-08-06T13:21:47.787203,-0.070312,0.003906,1.019531,-1,0.2189888377267212,-3.945130365750476,
2025-08-06T13:21:48.209203,-0.078125,0.007812,1.007812,-1,0.442787861442546,-4.432538027454945,
2025-08-06T13:21:48.724168,-0.070312,0.007812,1.015625,-1,0.4396475897690352,-3.960166982639457,
2025-08-06T13:21:49.208015,-0.074219,0.003906,1.015625,-1,0.2197671715610985,-4.179553101843748,
2025-08-06T13:21:49.753410,-0.074219,0.007812,1.011719,-1,0.4412156541442312,-4.195538116812858,
2025-08-06T13:21:50.253871,-0.074219,0.007812,1.003906,-1,0.4446307286515319,-4.228070399130722,
2025-08-06T13:21:50.818129,-0.078125,0.003906,1.03125,-1,0.216394467854629,-4.332283025735447,
2025-08-06T13:21:51.261637,-0.082031,0.015625,1.03125,-1,0.8653185582569363,-4.5475088439572575,
2025-08-06T13:21:51.690286,-0.070312,0.019531,1.015625,-1,1.0990620033875442,-3.959554007490287,
2025-08-06T13:21:52.201319,-0.074219,0.015625,1.011719,-1,0.8824354530316566,-4.195164247190032,
2025-08-06T13:21:52.769731,-0.070312,0.011719,1.007812,-1,0.6645991750243075,-3.990617870788554,
2025-08-06T13:21:53.223353,-0.058594,0.027344,1.03125,-1,1.516419640629385,-3.250819327659169,
2025-08-06T13:21:53.842334,-0.070312,0.007812,1.007812,-1,0.4430393494364731,-3.990767280638349,
2025-08-06T13:21:54.246344,-0.074219,0.015625,1.015625,-1,0.8790602804446449,-4.179091116786744,
2025-08-06T13:21:54.753838,-0.074219,0.015625,1.015625,-1,0.8790602804446449,-4.179091116786744,
2025-08-06T13:21:55.289871,-0.070312,0.015625,1.007812,-1,0.8860824254812231,-3.990408774127534,
2025-08-06T13:21:55.851674,-0.070312,0.011719,1.015625,-1,0.659511478806085,-3.9600209833076647,
2025-08-06T13:21:56.399157,-0.070312,0.015625,1.007812,-1,0.8860824254812231,-3.990408774127534,
2025-08-06T13:21:56.716649,-0.070312,0.015625,1.019531,-1,0.8759474304583958,-3.9446974592464015,
2025-08-06T13:21:57.263790,-0.066406,0.011719,1.003906,-1,0.6673481179519283,-3.784209567124768,
2025-08-06T13:21:57.709703,-0.074219,0.015625,1.011719,-1,0.8824354530316566,-4.195164247190032,
2025-08-06T13:21:58.252514,-0.074219,0.023438,1.011719,-1,1.3235506112733313,-4.194541331940415,
2025-08-06T13:21:58.696827,-0.070312,0.011719,1.015625,-1,0.659511478806085,-3.9600209833076647,
2025-08-06T13:21:59.248974,-0.074219,0.015625,1.011719,-1,0.8824354530316566,-4.195164247190032,
2025-08-06T13:21:59.895576,-0.070312,0.015625,1.019531,-1,0.8759474304583958,-3.9446974592464015,
2025-08-06T13:22:00.233309,-0.074219,0.015625,1.015625,-1,0.8790602804446449,-4.179091116786744,
2025-08-06T13:22:00.792084,-0.074219,0.019531,1.019531,-1,1.0945765010030104,-4.162866514422745,
2025-08-06T13:22:01.219013,-0.070312,0.015625,1.019531,-1,0.8759474304583958,-3.9446974592464015,
2025-08-06T13:22:01.773354,-0.074219,0.011719,1.019531,-1,0.6568194542417054,-4.163353550657151,
2025-08-06T13:22:02.197377,-0.066406,0.015625,1.019531,-1,0.876171428032863,-3.726195505459816,
2025-08-06T13:22:02.742876,-0.070312,0.011719,1.007812,-1,0.6645991750243075,-3.990617870788554,
2025-08-06T13:22:03.277876,-0.074219,0.019531,1.007812,-1,1.1072330153369714,-4.211081851662468,
2025-08-06T13:22:03.725877,-0.078125,0.015625,1.003906,-1,0.8890038723818121,-4.449311456508369,
2025-08-06T13:22:04.385877,-0.078125,0.015625,1.011719,-1,0.8821804749424016,-4.415096222521653,
2025-08-06T13:22:04.901472,-0.074219,0.011719,1.011719,-1,0.661863602311014,-4.195382304387747,
2025-08-06T13:22:05.208417,-0.074219,0.019531,1.015625,-1,1.0987627980003676,-4.178814021344229,
2025-08-06T13:22:05.783706,-0.070312,0.007812,1.007812,-1,0.4430393494364731,-3.990767280638349,
2025-08-06T13:22:06.244305,-0.074219,0.015625,1.011719,-1,0.8824354530316566,-4.195164247190032,
2025-08-06T13:22:06.770319,-0.070312,0.015625,1.011719,-1,0.882677621000814,-3.975052001874419,
2025-08-06T13:22:07.204836,-0.074219,0.019531,1.015625,-1,1.0987627980003676,-4.178814021344229,
2025-08-06T13:22:07.765693,-0.066406,0.019531,1.007812,-1,1.10782898445145,-3.7691357978354745,
2025-08-06T13:22:08.307105,-0.074219,0.015625,1.011719,-1,0.8824354530316566,-4.195164247190032,
2025-08-06T13:22:08.741345,-0.074219,0.015625,1.015625,-1,0.8790602804446449,-4.179091116786744,
2025-08-06T13:22:09.288026,-0.070312,0.011719,1.011719,-1,0.6620452510160703,-3.975258693608283,
2025-08-06T13:22:09.816862,-0.066406,0.015625,1.003906,-1,0.8897472194815572,-3.78400967482739,
2025-08-06T13:22:10.226756,-0.074219,0.015625,1.015625,-1,0.8790602804446449,-4.179091116786744,
2025-08-06T13:22:10.787842,-0.066406,0.019531,1.015625,-1,1.0993451870049025,-3.740233940400369,
2025-08-06T13:22:11.255125,-0.078125,0.011719,1.011719,-1,0.6616723448247972,-4.41532562301725,
2025-08-06T13:22:11.713657,-0.070312,0.015625,1.023438,-1,0.8726197340321947,-3.929689254469079,
2025-08-06T13:22:12.357679,-0.070312,0.023438,1.019531,-1,1.3138212334336523,-3.9441204328156063,
2025-08-06T13:22:12.796425,-0.074219,0.015625,1.011719,-1,0.8824354530316566,-4.195164247190032,
2025-08-06T13:22:13.245408,-0.070312,0.011719,1.011719,-1,0.6620452510160703,-3.975258693608283,
2025-08-06T13:22:13.786929,-0.070312,0.011719,1.015625,-1,0.659511478806085,-3.9600209833076647,
2025-08-06T13:22:14.219815,-0.074219,0.019531,1.011719,-1,1.1029811491242274,-4.1948839424456885,
2025-08-06T13:22:14.770439,-0.074219,0.015625,1.011719,-1,0.8824354530316566,-4.195164247190032,
2025-08-06T13:22:15.293383,-0.070312,0.011719,1.011719,-1,0.6620452510160703,-3.975258693608283,
2025-08-06T13:22:15.750143,-0.070312,0.019531,1.019531,-1,1.0948722985581978,-3.94443780441863,
2025-08-06T13:22:16.285938,-0.074219,0.011719,1.007812,-1,0.6644154165847265,-4.211586009682766,
2025-08-06T13:22:16.736114,-0.074219,0.019531,1.011719,-1,1.1029811491242274,-4.1948839424456885,
2025-08-06T13:22:17.286941,-0.078125,0.019531,1.011719,-1,1.1026624730935723,-4.414801336352567,
2025-08-06T13:22:17.713353,-0.070312,0.015625,1.011719,-1,0.882677621000814,-3.975052001874419,
2025-08-06T13:22:18.265295,-0.070312,0.015625,1.019531,-1,0.8759474304583958,-3.9446974592464015,
2025-08-06T13:22:18.814344,-0.070312,0.011719,1.011719,-1,0.6620452510160703,-3.975258693608283,
2025-08-06T13:22:19.239830,-0.074219,0.011719,1.011719,-1,0.661863602311014,-4.195382304387747,
2025-08-06T13:22:19.751114,-0.0625,0.015625,1.011719,-1,0.8831230918210211,-3.534594001765025,
2025-08-06T13:22:20.341330,-0.070312,0.015625,1.015625,-1,0.8792996795163592,-3.9598166591906674,
2025-08-06T13:22:20.766327,-0.078125,0.011719,1.011719,-1,0.6616723448247972,-4.41532562301725,
2025-08-06T13:22:21.317334,-0.070312,0.019531,1.015625,-1,1.0990620033875442,-3.959554007490287,
2025-08-06T13:22:21.755320,-0.074219,0.011719,1.015625,-1,0.6593319071763242,-4.179306677081632,
2025-08-06T13:22:22.304625,-0.074219,0.015625,1.019531,-1,0.8757107582865988,-4.163140449323331,
2025-08-06T13:22:22.720491,-0.074219,0.011719,1.003906,-1,0.6669862684536116,-4.227910934139552,
2025-08-06T13:22:23.232709,-0.074219,0.019531,1.015625,-1,1.0987627980003676,-4.178814021344229,
2025-08-06T13:22:23.744394,-0.070312,0.015625,1.011719,-1,0.882677621000814,-3.975052001874419,
2025-08-06T13:22:24.254347,-0.070312,0.015625,1.019531,-1,0.8759474304583958,-3.9446974592464015,
2025-08-06T13:22:24.801568,-0.074219,0.011719,1.011719,-1,0.661863602311014,-4.195382304387747,
2025-08-06T13:22:25.247362,-0.070312,0.011719,1.011719,-1,0.6620452510160703,-3.975258693608283,
2025-08-06T13:22:25.789864,-0.070312,0.015625,1.007812,-1,0.8860824254812231,-3.990408774127534,
2025-08-06T13:22:26.305351,-0.074219,0.011719,1.011719,-1,0.661863602311014,-4.195382304387747,
2025-08-06T13:22:26.810836,-0.070312,0.015625,1.015625,-1,0.8792996795163592,-3.9598166591906674,
2025-08-06T13:22:27.230115,-0.074219,0.015625,1.003906,-1,0.8892648146423924,-4.227687765693737,
2025-08-06T13:22:27.744369,-0.070312,0.015625,1.011719,-1,0.882677621000814,-3.975052001874419,
2025-08-06T13:22:28.290200,-0.070312,0.019531,1.019531,-1,1.0948722985581978,-3.94443780441863,
2025-08-06T13:22:28.808977,-0.074219,0.007812,1.019531,-1,0.4378529282934181,-4.16350582156797,
2025-08-06T13:22:29.276647,-0.070312,0.023438,1.015625,-1,1.318848239976308,-3.9592329734027016,
2025-08-06T13:22:29.728913,-0.0625,0.015625,1.011719,-1,0.8831230918210211,-3.534594001765025,
2025-08-06T13:22:30.272578,-0.074219,0.015625,1.015625,-1,0.8790602804446449,-4.179091116786744,
2025-08-06T13:22:30.806836,-0.074219,0.019531,1.011719,-1,1.1029811491242274,-4.1948839424456885,
2025-08-06T13:22:31.316906,-0.074219,0.007812,1.007812,-1,0.4429168451083676,-4.2117436345319925,
2025-08-06T13:22:31.783408,-0.074219,0.015625,1.007812,-1,0.885837445081153,-4.211365416252368,
2025-08-06T13:22:32.244828,-0.078125,0.023438,1.011719,-1,1.3231682493190118,-4.41444090325224,
2025-08-06T13:22:32.782338,-0.074219,0.015625,1.011719,-1,0.8824354530316566,-4.195164247190032,
2025-08-06T13:22:33.445370,-0.066406,0.011719,1.011719,-1,0.6622171739186216,-3.75507386729858,
2025-08-06T13:22:33.883681,-0.074219,0.019531,1.011719,-1,1.1029811491242274,-4.1948839424456885,
2025-08-06T13:22:34.307892,-0.074219,0.011719,1.011719,-1,0.661863602311014,-4.195382304387747,
2025-08-06T13:22:34.752752,-0.070312,0.019531,1.015625,-1,1.0990620033875442,-3.959554007490287,
2025-08-06T13:22:35.295540,-0.074219,0.015625,1.011719,-1,0.8824354530316566,-4.195164247190032,
2025-08-06T13:22:35.836828,-0.070312,0.011719,1.015625,-1,0.659511478806085,-3.9600209833076647,
2025-08-06T13:22:36.282833,-0.066406,0.015625,1.007812,-1,0.8863142906072571,-3.769389784892654,
2025-08-06T13:22:36.827384,-0.078125,0.011719,1.019531,-1,0.6566325350784901,-4.381630592043893,
2025-08-06T13:22:37.290388,-0.074219,0.015625,1.011719,-1,0.8824354530316566,-4.195164247190032,
2025-08-06T13:22:37.833386,-0.070312,0.015625,1.011719,-1,0.882677621000814,-3.975052001874419,
2025-08-06T13:22:38.246383,-0.070312,0.019531,1.007812,-1,1.1075391957439158,-3.990139988221692,
2025-08-06T13:22:38.747386,-0.078125,0.011719,1.011719,-1,0.6616723448247972,-4.41532562301725,
2025-08-06T13:22:39.433383,-0.074219,0.015625,1.015625,-1,0.8790602804446449,-4.179091116786744,
2025-08-06T13:22:39.747393,-0.074219,0.023438,1.011719,-1,1.3235506112733313,-4.194541331940415,
2025-08-06T13:22:40.535880,-0.070312,0.015625,1.019531,-1,0.8759474304583958,-3.9446974592464015,
2025-08-06T13:22:40.776875,-0.074219,0.011719,1.011719,-1,0.661863602311014,-4.195382304387747,
2025-08-06T13:22:41.298826,-0.074219,0.015625,1.019531,-1,0.8757107582865988,-4.163140449323331,
2025-08-06T13:22:41.752782,-0.066406,0.015625,1.003906,-1,0.8897472194815572,-3.78400967482739,
2025-08-06T13:22:42.412626,-0.070312,0.019531,1.015625,-1,1.0990620033875442,-3.959554007490287,
2025-08-06T13:22:42.830075,-0.074219,0.011719,1.015625,-1,0.6593319071763242,-4.179306677081632,
2025-08-06T13:22:43.250218,-0.066406,0.015625,1.011719,-1,0.8829068228431354,-3.754878556396407,
2025-08-06T13:22:43.755375,-0.074219,0.011719,1.011719,-1,0.661863602311014,-4.195382304387747,
2025-08-06T13:22:44.289071,-0.074219,0.015625,1.015625,-1,0.8790602804446449,-4.179091116786744,
2025-08-06T13:22:44.749234,-0.070312,0.015625,1.027344,-1,0.8693180067117757,-3.914798426430872,
2025-08-06T13:22:45.254559,-0.070312,0.019531,1.015625,-1,1.0990620033875442,-3.959554007490287,
2025-08-06T13:22:45.776905,-0.074219,0.019531,1.015625,-1,1.0987627980003676,-4.178814021344229,
2025-08-06T13:22:46.325439,-0.074219,0.015625,1.015625,-1,0.8790602804446449,-4.179091116786744,
2025-08-06T13:22:46.772974,-0.070312,0.011719,1.019531,-1,0.6569969803031029,-3.944899451739895,
2025-08-06T13:22:47.254255,-0.070312,0.019531,1.011719,-1,1.1032838148222464,-3.974786307045472,
2025-08-06T13:22:47.782544,-0.074219,0.019531,1.023438,-1,1.0904208355486065,-4.147035994474838,
2025-08-06T13:22:48.318404,-0.074219,0.015625,1.015625,-1,0.8790602804446449,-4.179091116786744,
2025-08-06T13:22:48.756470,-0.074219,0.011719,1.015625,-1,0.6593319071763242,-4.179306677081632,
2025-08-06T13:22:49.304500,-0.070312,0.015625,1.011719,-1,0.882677621000814,-3.975052001874419,
2025-08-06T13:22:49.819282,-0.070312,0.015625,1.023438,-1,0.8726197340321947,-3.929689254469079,
2025-08-06T13:22:50.259828,-0.066406,0.015625,1.019531,-1,0.876171428032863,-3.726195505459816,
2025-08-06T13:22:50.815344,-0.070312,0.015625,1.007812,-1,0.8860824254812231,-3.990408774127534,
2025-08-06T13:22:51.261365,-0.070312,0.015625,1.019531,-1,0.8759474304583958,-3.9446974592464015,
2025-08-06T13:22:51.802152,-0.074219,0.019531,1.011719,-1,1.1029811491242274,-4.1948839424456885,
2025-08-06T13:22:52.312152,-0.070312,0.019531,1.015625,-1,1.0990620033875442,-3.959554007490287,
2025-08-06T13:22:52.821861,-0.066406,0.011719,1.011719,-1,0.6622171739186216,-3.75507386729858,
2025-08-06T13:22:53.438592,-0.070312,0.011719,1.023438,-1,0.6545009005032266,-3.9298889500681695,
2025-08-06T13:22:53.880445,-0.070312,0.011719,1.015625,-1,0.659511478806085,-3.9600209833076647,
2025-08-06T13:22:54.510365,-0.074219,0.015625,1.015625,-1,0.8790602804446449,-4.179091116786744,
2025-08-06T13:22:54.834357,-0.078125,0.019531,1.011719,-1,1.1026624730935723,-4.414801336352567,
2025-08-06T13:22:55.404658,-0.070312,0.011719,1.011719,-1,0.6620452510160703,-3.975258693608283,
2025-08-06T13:22:55.846611,-0.070312,0.015625,1.011719,-1,0.882677621000814,-3.975052001874419,
2025-08-06T13:22:56.393623,-0.074219,0.011719,1.007812,-1,0.6644154165847265,-4.211586009682766,
2025-08-06T13:22:56.914930,-0.074219,0.015625,1.015625,-1,0.8790602804446449,-4.179091116786744,
2025-08-06T13:22:57.338946,-0.066406,0.015625,1.011719,-1,0.8829068228431354,-3.754878556396407,
2025-08-06T13:22:57.889912,-0.0625,0.011719,1.011719,-1,0.6623793959670224,-3.5347779145463614,
2025-08-06T13:22:58.350264,-0.070312,0.015625,1.011719,-1,0.882677621000814,-3.975052001874419,
2025-08-06T13:22:58.914532,-0.070312,0.019531,1.011719,-1,1.1032838148222464,-3.974786307045472,
2025-08-06T13:22:59.348093,-0.074219,0.019531,1.015625,-1,1.0987627980003676,-4.178814021344229,
2025-08-06T13:22:59.888387,-0.078125,0.015625,1.015625,-1,0.8788082160947002,-4.398186932818698,
2025-08-06T13:23:00.502687,-0.074219,0.015625,1.015625,-1,0.8790602804446449,-4.179091116786744,
2025-08-06T13:23:00.918869,-0.074219,0.011719,1.015625,-1,0.6593319071763242,-4.179306677081632,
2025-08-06T13:23:01.394373,-0.074219,0.015625,1.011719,-1,0.8824354530316566,-4.195164247190032,
2025-08-06T13:23:01.842432,-0.070312,0.011719,1.011719,-1,0.6620452510160703,-3.975258693608283,
2025-08-06T13:23:02.437404,-0.070312,0.015625,1.019531,-1,0.8759474304583958,-3.9446974592464015,
2025-08-06T13:23:03.016318,-0.066406,0.019531,1.011719,-1,1.1035702752112522,-3.75462749123489,
2025-08-06T13:23:03.352132,-0.074219,0.015625,1.015625,-1,0.8790602804446449,-4.179091116786744,
2025-08-06T13:23:03.900961,-0.078125,0.015625,1.015625,-1,0.8788082160947002,-4.398186932818698,
2025-08-06T13:23:04.340143,-0.074219,0.011719,1.007812,-1,0.6644154165847265,-4.211586009682766,
2025-08-06T13:23:04.899699,-0.074219,0.019531,1.011719,-1,1.1029811491242274,-4.1948839424456885,
2025-08-06T13:23:05.343700,-0.078125,0.007812,1.019531,-1,0.4377283170553865,-4.381790785458593,
2025-08-06T13:23:05.923474,-0.070312,0.011719,1.015625,-1,0.659511478806085,-3.9600209833076647,
2025-08-06T13:23:06.434474,-0.074219,0.015625,1.023438,-1,0.8723857482373869,-4.147306815880882,
2025-08-06T13:23:06.849103,-0.074219,0.015625,1.023438,-1,0.8723857482373869,-4.147306815880882,
2025-08-06T13:23:07.360210,-0.074219,0.019531,1.015625,-1,1.0987627980003676,-4.178814021344229,
2025-08-06T13:23:07.934289,-0.074219,0.015625,1.007812,-1,0.885837445081153,-4.211365416252368,
2025-08-06T13:23:08.374287,-0.070312,0.023438,1.007812,-1,1.3290195583790962,-3.989811457540183,
2025-08-06T13:23:09.060863,-0.066406,0.019531,1.011719,-1,1.1035702752112522,-3.75462749123489,
2025-08-06T13:23:09.375861,-0.074219,0.011719,1.015625,-1,0.6593319071763242,-4.179306677081632,
2025-08-06T13:23:09.919858,-0.074219,0.011719,1.011719,-1,0.661863602311014,-4.195382304387747,
2025-08-06T13:23:10.433859,-0.078125,0.011719,1.011719,-1,0.6616723448247972,-4.41532562301725,
2025-08-06T13:23:10.982608,-0.078125,0.011719,1.023438,-1,0.6541405910729506,-4.364970565735547,
2025-08-06T13:23:11.440778,-0.074219,0.019531,1.015625,-1,1.0987627980003676,-4.178814021344229,
2025-08-06T13:23:11.867650,-0.070312,0.011719,1.015625,-1,0.659511478806085,-3.9600209833076647,
2025-08-06T13:23:12.435404,-0.070312,0.019531,1.007812,-1,1.1075391957439158,-3.990139988221692,
2025-08-06T13:23:12.857593,-0.070312,0.015625,1.015625,-1,0.8792996795163592,-3.9598166591906674,
2025-08-06T13:23:13.510856,-0.074219,0.015625,1.019531,-1,0.8757107582865988,-4.163140449323331,
2025-08-06T13:23:13.946176,-0.078125,0.011719,1.015625,-1,0.6591428354176316,-4.398413707523402,
2025-08-06T13:23:14.385859,-0.066406,0.007812,1.023438,-1,0.436417984288692,-3.712337351223369,
2025-08-06T13:23:36.530732,-0.074219,0.011719,1.019531,-1,0.6568194542417054,-4.163353550657151,
2025-08-06T13:23:36.743822,-0.070312,0.015625,1.011719,-1,0.882677621000814,-3.975052001874419,
2025-08-06T13:23:37.259523,-0.074219,0.015625,1.015625,-1,0.8790602804446449,-4.179091116786744,
2025-08-06T13:23:37.679968,-0.078125,0.015625,1.011719,-1,0.8821804749424016,-4.415096222521653,
2025-08-06T13:23:38.195736,-0.078125,0.011719,1.011719,-1,0.6616723448247972,-4.41532562301725,
2025-08-06T13:23:38.790611,-0.074219,0.015625,1.011719,-1,0.8824354530316566,-4.195164247190032,
2025-08-06T13:23:39.248874,-0.070312,0.007812,1.011719,-1,0.4413367519281536,-3.975406384866421,
2025-08-06T13:23:39.699812,-0.074219,0.023438,1.019531,-1,1.3134663212654785,-4.1625316885074,
2025-08-06T13:23:40.239354,-0.074219,0.011719,1.015625,-1,0.6593319071763242,-4.179306677081632,
2025-08-06T13:23:40.690962,-0.074219,0.015625,1.011719,-1,0.8824354530316566,-4.195164247190032,
2025-08-06T13:23:41.136585,-0.078125,0.015625,1.015625,-1,0.8788082160947002,-4.398186932818698,
2025-08-06T13:23:41.760839,-0.074219,0.015625,1.011719,-1,0.8824354530316566,-4.195164247190032,
2025-08-06T13:23:42.356533,-0.066406,0.011719,1.019531,-1,0.6571649992509749,-3.726386374364592,
2025-08-06T13:23:42.698823,-0.074219,0.015625,1.011719,-1,0.8824354530316566,-4.195164247190032,
2025-08-06T13:23:43.203253,-0.074219,0.019531,1.015625,-1,1.0987627980003676,-4.178814021344229,
2025-08-06T13:23:43.673308,-0.078125,0.011719,1.007812,-1,0.6642219390273632,-4.4323722037370175,
2025-08-06T13:23:44.224744,-0.066406,0.015625,1.015625,-1,0.8795262593266958,-3.740482129009342,
2025-08-06T13:23:44.675561,-0.070312,0.015625,1.015625,-1,0.8792996795163592,-3.9598166591906674,
2025-08-06T13:23:45.203583,-0.074219,0.015625,1.011719,-1,0.8824354530316566,-4.195164247190032,
2025-08-06T13:23:45.863799,-0.070312,0.011719,1.007812,-1,0.6645991750243075,-3.990617870788554,
2025-08-06T13:23:46.195007,-0.078125,0.007812,1.015625,-1,0.4394018303998351,-4.398575748855442,
2025-08-06T13:23:46.732851,-0.074219,0.015625,1.011719,-1,0.8824354530316566,-4.195164247190032,
2025-08-06T13:23:47.181915,-0.070312,0.015625,1.007812,-1,0.8860824254812231,-3.990408774127534,
2025-08-06T13:23:47.712144,-0.078125,0.015625,1.011719,-1,0.8821804749424016,-4.415096222521653,
2025-08-06T13:23:48.228346,-0.074219,0.019531,1.015625,-1,1.0987627980003676,-4.178814021344229,
2025-08-06T13:23:48.803515,-0.070312,0.019531,1.011719,-1,1.1032838148222464,-3.974786307045472,
2025-08-06T13:23:49.250281,-0.070312,0.011719,1.011719,-1,0.6620452510160703,-3.975258693608283,
2025-08-06T13:23:49.692277,-0.070312,0.007812,1.007812,-1,0.4430393494364731,-3.990767280638349,
2025-08-06T13:23:50.232839,-0.074219,0.015625,1.019531,-1,0.8757107582865988,-4.163140449323331,
2025-08-06T13:23:50.679852,-0.070312,0.015625,1.019531,-1,0.8759474304583958,-3.9446974592464015,
2025-08-06T13:23:51.229849,-0.074219,0.015625,1.011719,-1,0.8824354530316566,-4.195164247190032,
2025-08-06T13:23:51.657972,-0.074219,0.011719,1.023438,-1,0.6543253896095329,-4.147517494862795,
2025-08-06T13:23:52.203943,-0.078125,0.011719,1.023438,-1,0.6541405910729506,-4.364970565735547,
2025-08-06T13:23:52.742942,-0.074219,0.015625,1.015625,-1,0.8790602804446449,-4.179091116786744,
2025-08-06T13:23:53.161843,-0.074219,0.011719,1.019531,-1,0.6568194542417054,-4.163353550657151,
2025-08-06T13:23:53.681383,-0.074219,0.007812,1.011719,-1,0.4412156541442312,-4.195538116812858,
2025-08-06T13:23:54.215382,-0.074219,0.019531,1.015625,-1,1.0987627980003676,-4.178814021344229,
2025-08-06T13:23:54.664381,-0.074219,0.015625,1.015625,-1,0.8790602804446449,-4.179091116786744,
2025-08-06T13:23:55.175703,-0.082031,0.015625,1.015625,-1,0.8785434598731011,-4.617153946649332,
2025-08-06T13:23:55.657314,-0.070312,0.011719,1.015625,-1,0.659511478806085,-3.9600209833076647,
2025-08-06T13:23:56.165822,-0.070312,0.015625,1.011719,-1,0.882677621000814,-3.975052001874419,
2025-08-06T13:23:56.704956,-0.066406,0.007812,1.011719,-1,0.4414513659207105,-3.75521342640752,
2025-08-06T13:23:57.155954,-0.078125,0.011719,1.015625,-1,0.6591428354176316,-4.398413707523402,
2025-08-06T13:23:57.679895,-0.070312,0.007812,1.019531,-1,0.4379712775456259,-3.945043784869436,
2025-08-06T13:23:58.234768,-0.074219,0.015625,1.023438,-1,0.8723857482373869,-4.147306815880882,
2025-08-06T13:23:58.734146,-0.074219,0.019531,1.011719,-1,1.1029811491242274,-4.1948839424456885,
2025-08-06T13:23:59.350178,-0.074219,0.023438,1.015625,-1,1.318489239368982,-4.178475332923178,
2025-08-06T13:23:59.680177,-0.066406,0.015625,1.015625,-1,0.8795262593266958,-3.740482129009342,
2025-08-06T13:24:00.197177,-0.074219,0.015625,1.019531,-1,0.8757107582865988,-4.163140449323331,
2025-08-06T13:24:00.710547,-0.070312,0.023438,1.015625,-1,1.318848239976308,-3.9592329734027016,
2025-08-06T13:24:01.157546,-0.074219,0.007812,1.015625,-1,0.4395278767543178,-4.1794607051913015,
2025-08-06T13:24:01.713367,-0.074219,0.011719,1.011719,-1,0.661863602311014,-4.195382304387747,
2025-08-06T13:24:02.238331,-0.066406,0.019531,1.007812,-1,1.10782898445145,-3.7691357978354745,
2025-08-06T13:24:02.659274,-0.074219,0.011719,1.011719,-1,0.661863602311014,-4.195382304387747,
2025-08-06T13:24:03.169864,-0.070312,0.007812,1.023438,-1,0.4363072452374559,-3.930031641815989,
2025-08-06T13:24:03.701204,-0.074219,0.019531,1.015625,-1,1.0987627980003676,-4.178814021344229,
2025-08-06T13:24:04.182202,-0.070312,0.015625,1.019531,-1,0.8759474304583958,-3.9446974592464015,
2025-08-06T13:24:04.700206,-0.070312,0.019531,1.007812,-1,1.1075391957439158,-3.990139988221692,
2025-08-06T13:24:05.242509,-0.070312,0.011719,1.015625,-1,0.659511478806085,-3.9600209833076647,
2025-08-06T13:24:05.679415,-0.066406,0.015625,1.011719,-1,0.8829068228431354,-3.754878556396407,
2025-08-06T13:24:06.237753,-0.070312,0.015625,1.019531,-1,0.8759474304583958,-3.9446974592464015,
2025-08-06T13:24:06.751427,-0.074219,0.011719,1.011719,-1,0.661863602311014,-4.195382304387747,
2025-08-06T13:24:07.261848,-0.070312,0.015625,1.007812,-1,0.8860824254812231,-3.990408774127534,
2025-08-06T13:24:07.744284,-0.074219,0.011719,1.015625,-1,0.6593319071763242,-4.179306677081632,
2025-08-06T13:24:08.295281,-0.074219,0.015625,1.015625,-1,0.8790602804446449,-4.179091116786744,
2025-08-06T13:24:08.730454,-0.070312,0.019531,1.011719,-1,1.1032838148222464,-3.974786307045472,
2025-08-06T13:24:09.258847,-0.066406,0.011719,1.015625,-1,0.6596814348035882,-3.7406752018940073,
2025-08-06T13:24:09.717705,-0.070312,0.015625,1.007812,-1,0.8860824254812231,-3.990408774127534,
2025-08-06T13:24:10.179341,-0.066406,0.015625,1.011719,-1,0.8829068228431354,-3.754878556396407,
2025-08-06T13:24:11.031067,-0.074219,0.007812,1.019531,-1,0.4378529282934181,-4.16350582156797,
2025-08-06T13:24:11.474674,-0.070312,0.015625,1.015625,-1,0.8792996795163592,-3.9598166591906674,
2025-08-06T13:24:11.986673,-0.070312,0.015625,1.011719,-1,0.882677621000814,-3.975052001874419,
2025-08-06T13:24:12.237736,-0.074219,0.011719,1.007812,-1,0.6644154165847265,-4.211586009682766,
2025-08-06T13:24:12.677111,-0.074219,0.011719,1.015625,-1,0.6593319071763242,-4.179306677081632,
2025-08-06T13:24:13.320740,-0.074219,0.015625,1.015625,-1,0.8790602804446449,-4.179091116786744,
2025-08-06T13:24:13.762364,-0.078125,0.011719,1.019531,-1,0.6566325350784901,-4.381630592043893,
2025-08-06T13:24:14.212852,-0.078125,0.015625,1.011719,-1,0.8821804749424016,-4.415096222521653,
2025-08-06T13:24:14.757642,-0.074219,0.007812,1.015625,-1,0.4395278767543178,-4.1794607051913015,
2025-08-06T13:24:15.203089,-0.074219,0.015625,1.015625,-1,0.8790602804446449,-4.179091116786744,
2025-08-06T13:24:15.750515,-0.078125,0.015625,1.011719,-1,0.8821804749424016,-4.415096222521653,
2025-08-06T13:24:16.177265,-0.074219,0.011719,1.019531,-1,0.6568194542417054,-4.163353550657151,
2025-08-06T13:24:16.689883,-0.066406,0.019531,1.011719,-1,1.1035702752112522,-3.75462749123489,
2025-08-06T13:24:17.201821,-0.074219,0.015625,1.015625,-1,0.8790602804446449,-4.179091116786744,
2025-08-06T13:24:17.702718,-0.074219,0.015625,1.011719,-1,0.8824354530316566,-4.195164247190032,
2025-08-06T13:24:18.226806,-0.070312,0.007812,1.007812,-1,0.4430393494364731,-3.990767280638349,
2025-08-06T13:24:18.742487,-0.070312,0.011719,1.011719,-1,0.6620452510160703,-3.975258693608283,
2025-08-06T13:24:19.219816,-0.074219,0.015625,1.011719,-1,0.8824354530316566,-4.195164247190032,
2025-08-06T13:24:19.879480,-0.074219,0.015625,1.011719,-1,0.8824354530316566,-4.195164247190032,
2025-08-06T13:24:20.333271,-0.078125,0.015625,1.019531,-1,0.8754615635122167,-4.381406403248674,
2025-08-06T13:24:20.758634,-0.070312,0.019531,1.019531,-1,1.0948722985581978,-3.94443780441863,
2025-08-06T13:24:21.195886,-0.066406,0.007812,1.015625,-1,0.4397608924419089,-3.740813161689677,
2025-08-06T13:24:21.703540,-0.078125,0.023438,1.015625,-1,1.3181112459668023,-4.397539113053031,
2025-08-06T13:24:22.186314,-0.074219,0.03125,1.011719,-1,1.764452471442944,-4.193669831283495,
2025-08-06T13:24:22.815497,-0.070312,0.015625,1.015625,-1,0.8792996795163592,-3.9598166591906674,
2025-08-06T13:24:23.230593,-0.070312,0.015625,1.015625,-1,0.8792996795163592,-3.9598166591906674,
2025-08-06T13:24:23.684966,-0.074219,0.011719,1.015625,-1,0.6593319071763242,-4.179306677081632,
2025-08-06T13:24:24.186830,-0.078125,0.015625,1.015625,-1,0.8788082160947002,-4.398186932818698,
2025-08-06T13:24:24.740703,-0.082031,0.019531,1.0,-1,1.115156860824106,-4.688639957911853,
2025-08-06T13:24:25.252043,-0.066406,0.019531,1.011719,-1,1.1035702752112522,-3.75462749123489,
2025-08-06T13:24:25.697879,-0.070312,0.023438,1.015625,-1,1.318848239976308,-3.9592329734027016,
2025-08-06T13:24:26.192901,-0.074219,0.011719,1.015625,-1,0.6593319071763242,-4.179306677081632,
2025-08-06T13:24:26.721886,-0.066406,0.015625,1.015625,-1,0.8795262593266958,-3.740482129009342,
2025-08-06T13:24:27.198937,-0.078125,0.011719,1.011719,-1,0.6616723448247972,-4.41532562301725,
2025-08-06T13:24:27.723930,-0.074219,0.007812,1.015625,-1,0.4395278767543178,-4.1794607051913015,
2025-08-06T13:24:28.235857,-0.074219,0.015625,1.019531,-1,0.8757107582865988,-4.163140449323331,
2025-08-06T13:24:28.751347,-0.070312,0.019531,1.011719,-1,1.1032838148222464,-3.974786307045472,
2025-08-06T13:24:29.207543,-0.070312,0.007812,1.015625,-1,0.4396475897690352,-3.960166982639457,
2025-08-06T13:24:29.716228,-0.074219,0.023438,1.027344,-1,1.3035328498288263,-4.131001920872915,
2025-08-06T13:24:30.230229,-0.078125,0.019531,1.011719,-1,1.1026624730935723,-4.414801336352567,
2025-08-06T13:24:30.700519,-0.074219,0.011719,1.015625,-1,0.6593319071763242,-4.179306677081632,
2025-08-06T13:24:31.399830,-0.066406,0.011719,1.019531,-1,0.6571649992509749,-3.726386374364592,
2025-08-06T13:24:31.751581,-0.070312,0.015625,1.011719,-1,0.882677621000814,-3.975052001874419,
2025-08-06T13:24:32.260345,-0.074219,0.011719,1.019531,-1,0.6568194542417054,-4.163353550657151,
2025-08-06T13:24:32.710936,-0.070312,0.015625,1.003906,-1,0.8895126503967048,-4.005880476871976,
2025-08-06T13:24:33.230724,-0.074219,0.015625,1.011719,-1,0.8824354530316566,-4.195164247190032,
2025-08-06T13:24:33.755697,-0.074219,0.015625,1.011719,-1,0.8824354530316566,-4.195164247190032,
2025-08-06T13:24:34.332706,-0.0625,0.007812,1.015625,-1,0.439867801328122,-3.521349471982646,
2025-08-06T13:24:34.736706,-0.070312,0.015625,1.019531,-1,0.8759474304583958,-3.9446974592464015,
2025-08-06T13:24:35.288443,-0.074219,0.019531,1.015625,-1,1.0987627980003676,-4.178814021344229,
2025-08-06T13:24:35.730644,-0.070312,0.011719,1.007812,-1,0.6645991750243075,-3.990617870788554,
2025-08-06T13:24:36.240860,-0.058594,-0.007812,0.980469,-1,-0.4556881182129184,-3.4198884893515564,
2025-08-06T13:24:36.757760,-0.054688,0.019531,1.015625,-1,1.100098716893194,-3.08164028593252,
2025-08-06T13:24:37.263425,-0.074219,0.015625,1.019531,-1,0.8757107582865988,-4.163140449323331,
2025-08-06T13:24:37.776239,-0.070312,0.007812,1.019531,-1,0.4379712775456259,-3.945043784869436,
2025-08-06T13:24:38.242916,-0.074219,0.019531,1.003906,-1,1.111516594346942,-4.227400891418085,
2025-08-06T13:24:38.782542,-0.066406,0.015625,1.015625,-1,0.8795262593266958,-3.740482129009342,
2025-08-06T13:24:39.212421,-0.0625,0.011719,1.007812,-1,0.6649372039108671,-3.54844445120525,
2025-08-06T13:24:39.764822,-0.070312,0.011719,1.023438,-1,0.6545009005032266,-3.9298889500681695,
2025-08-06T13:24:40.315855,-0.070312,0.019531,1.011719,-1,1.1032838148222464,-3.974786307045472,
2025-08-06T13:24:40.739524,-0.082031,0.015625,1.03125,-1,0.8653185582569363,-4.5475088439572575,
2025-08-06T13:24:41.364359,-0.085938,0.015625,1.015625,-1,0.8782659737988096,-4.836041888197536,
2025-08-06T13:24:41.820180,-0.078125,0.015625,1.011719,-1,0.8821804749424016,-4.415096222521653,
2025-08-06T13:24:42.240200,-0.0625,0.007812,1.027344,-1,0.4348689935896925,-3.481282826353961,
2025-08-06T13:24:42.714153,-0.074219,0.011719,1.023438,-1,0.6543253896095329,-4.147517494862795,
2025-08-06T13:24:43.249676,-0.078125,0.011719,1.015625,-1,0.6591428354176316,-4.398413707523402,
2025-08-06T13:24:43.799919,-0.078125,0.015625,1.011719,-1,0.8821804749424016,-4.415096222521653,
2025-08-06T13:24:44.231712,-0.074219,0.015625,1.011719,-1,0.8824354530316566,-4.195164247190032,
2025-08-06T13:24:44.785851,-0.074219,0.011719,1.011719,-1,0.661863602311014,-4.195382304387747,
2025-08-06T13:24:45.460032,-0.070312,0.015625,1.003906,-1,0.8895126503967048,-4.005880476871976,
2025-08-06T13:24:45.771197,-0.074219,0.015625,1.011719,-1,0.8824354530316566,-4.195164247190032,
2025-08-06T13:24:46.281317,-0.070312,0.019531,1.015625,-1,1.0990620033875442,-3.959554007490287,
2025-08-06T13:24:46.892550,-0.070312,0.015625,1.019531,-1,0.8759474304583958,-3.9446974592464015,
2025-08-06T13:24:47.303485,-0.074219,0.015625,1.007812,-1,0.885837445081153,-4.211365416252368,
2025-08-06T13:24:47.822762,-0.078125,0.015625,1.007812,-1,0.8855795074738829,-4.432140136110196,
2025-08-06T13:24:48.273592,-0.074219,0.015625,1.023438,-1,0.8723857482373869,-4.147306815880882,
2025-08-06T13:24:48.815728,-0.074219,0.015625,1.015625,-1,0.8790602804446449,-4.179091116786744,
2025-08-06T13:24:49.244906,-0.070312,0.019531,1.015625,-1,1.0990620033875442,-3.959554007490287,
2025-08-06T13:24:49.799354,-0.078125,0.011719,1.007812,-1,0.6642219390273632,-4.4323722037370175,
2025-08-06T13:24:50.247138,-0.070312,0.015625,1.019531,-1,0.8759474304583958,-3.9446974592464015,
2025-08-06T13:24:50.781250,-0.074219,0.019531,1.015625,-1,1.0987627980003676,-4.178814021344229,
2025-08-06T13:24:51.234616,-0.074219,0.015625,1.007812,-1,0.885837445081153,-4.211365416252368,
2025-08-06T13:24:51.771315,-0.074219,0.011719,1.003906,-1,0.6669862684536116,-4.227910934139552,
2025-08-06T13:24:52.318058,-0.074219,0.011719,1.007812,-1,0.6644154165847265,-4.211586009682766,
2025-08-06T13:24:52.757059,-0.066406,0.023438,1.015625,-1,1.3191880168862613,-3.7399305842923662,
2025-08-06T13:24:53.291592,-0.074219,0.011719,1.015625,-1,0.6593319071763242,-4.179306677081632,
2025-08-06T13:24:53.855148,-0.074219,0.015625,1.015625,-1,0.8790602804446449,-4.179091116786744,
2025-08-06T13:24:54.266917,-0.074219,0.019531,1.015625,-1,1.0987627980003676,-4.178814021344229,
2025-08-06T13:24:54.780967,-0.078125,0.015625,1.011719,-1,0.8821804749424016,-4.415096222521653,
2025-08-06T13:24:55.392857,-0.070312,0.011719,1.007812,-1,0.6645991750243075,-3.990617870788554,
2025-08-06T13:24:55.816761,-0.074219,0.011719,1.015625,-1,0.6593319071763242,-4.179306677081632,
2025-08-06T13:24:56.261132,-0.074219,0.015625,1.007812,-1,0.885837445081153,-4.211365416252368,
2025-08-06T13:24:56.913812,-0.074219,0.011719,1.011719,-1,0.661863602311014,-4.195382304387747,
2025-08-06T13:24:57.450812,-0.070312,0.015625,1.015625,-1,0.8792996795163592,-3.9598166591906674,
2025-08-06T13:24:57.796503,-0.074219,0.011719,1.015625,-1,0.6593319071763242,-4.179306677081632,
2025-08-06T13:24:58.342652,-0.074219,0.015625,1.007812,-1,0.885837445081153,-4.211365416252368,
2025-08-06T13:24:58.745057,-0.066406,0.019531,1.015625,-1,1.0993451870049025,-3.740233940400369,
2025-08-06T13:24:59.308457,-0.070312,0.015625,1.011719,-1,0.882677621000814,-3.975052001874419,
2025-08-06T13:24:59.732229,-0.074219,0.015625,1.019531,-1,0.8757107582865988,-4.163140449323331,
2025-08-06T13:25:00.457652,-0.078125,0.019531,1.011719,-1,1.1026624730935723,-4.414801336352567,
2025-08-06T13:25:00.762673,-0.066406,0.023438,1.011719,-1,1.3242574713760034,-3.754320619696118,
2025-08-06T13:25:01.230101,-0.074219,0.015625,1.011719,-1,0.8824354530316566,-4.195164247190032,
2025-08-06T13:25:01.773618,-0.070312,0.019531,1.011719,-1,1.1032838148222464,-3.974786307045472,
2025-08-06T13:25:02.288162,-0.066406,0.015625,1.011719,-1,0.8829068228431354,-3.754878556396407,
2025-08-06T13:25:02.733704,-0.070312,0.015625,1.015625,-1,0.8792996795163592,-3.9598166591906674,
2025-08-06T13:25:03.239846,-0.078125,0.019531,1.011719,-1,1.1026624730935723,-4.414801336352567,
2025-08-06T13:25:03.779871,-0.074219,0.015625,1.015625,-1,0.8790602804446449,-4.179091116786744,
2025-08-06T13:25:04.455914,-0.078125,0.015625,1.019531,-1,0.8754615635122167,-4.381406403248674,
2025-08-06T13:25:04.859931,-0.070312,0.015625,1.015625,-1,0.8792996795163592,-3.9598166591906674,
2025-08-06T13:25:05.271122,-0.078125,0.019531,1.011719,-1,1.1026624730935723,-4.414801336352567,
2025-08-06T13:25:05.784792,-0.066406,0.015625,1.015625,-1,0.8795262593266958,-3.740482129009342,
2025-08-06T13:25:06.236748,-0.070312,0.011719,1.011719,-1,0.6620452510160703,-3.975258693608283,
2025-08-06T13:25:06.737869,-0.074219,0.015625,1.027344,-1,0.8690866661704141,-4.131596950733885,
2025-08-06T13:25:07.267028,-0.074219,0.015625,1.007812,-1,0.885837445081153,-4.211365416252368,
2025-08-06T13:25:07.779941,-0.070312,0.019531,1.007812,-1,1.1075391957439158,-3.990139988221692,
2025-08-06T13:25:08.250234,-0.074219,0.011719,1.023438,-1,0.6543253896095329,-4.147517494862795,
2025-08-06T13:25:08.763445,-0.078125,0.007812,1.015625,-1,0.4394018303998351,-4.398575748855442,
2025-08-06T13:25:09.295427,-0.070312,0.015625,1.011719,-1,0.882677621000814,-3.975052001874419,
2025-08-06T13:25:09.748004,-0.074219,0.015625,1.019531,-1,0.8757107582865988,-4.163140449323331,
2025-08-06T13:25:10.246820,-0.074219,0.015625,1.011719,-1,0.8824354530316566,-4.195164247190032,
2025-08-06T13:25:10.890334,-0.078125,0.011719,1.015625,-1,0.6591428354176316,-4.398413707523402,
2025-08-06T13:25:11.254590,-0.066406,0.019531,1.015625,-1,1.0993451870049025,-3.740233940400369,
2025-08-06T13:25:11.790129,-0.070312,0.015625,1.015625,-1,0.8792996795163592,-3.9598166591906674,
2025-08-06T13:25:12.345195,-0.070312,0.019531,1.015625,-1,1.0990620033875442,-3.959554007490287,
2025-08-06T13:25:12.798857,-0.074219,0.015625,1.015625,-1,0.8790602804446449,-4.179091116786744,
2025-08-06T13:25:13.318900,-0.074219,0.011719,1.011719,-1,0.661863602311014,-4.195382304387747,
2025-08-06T13:25:13.825973,-0.074219,0.015625,1.011719,-1,0.8824354530316566,-4.195164247190032,
2025-08-06T13:25:14.339103,-0.074219,0.019531,1.019531,-1,1.0945765010030104,-4.162866514422745,
2025-08-06T13:25:14.753980,-0.070312,0.011719,1.011719,-1,0.6620452510160703,-3.975258693608283,
2025-08-06T13:25:15.437825,-0.070312,0.015625,1.011719,-1,0.882677621000814,-3.975052001874419,
2025-08-06T13:25:15.819826,-0.070312,0.011719,1.019531,-1,0.6569969803031029,-3.944899451739895,
2025-08-06T13:25:16.271741,-0.070312,0.019531,1.019531,-1,1.0948722985581978,-3.94443780441863,
2025-08-06T13:25:16.823678,-0.070312,0.015625,1.011719,-1,0.882677621000814,-3.975052001874419,
2025-08-06T13:25:17.279454,-0.070312,0.015625,1.015625,-1,0.8792996795163592,-3.9598166591906674,
2025-08-06T13:25:17.816396,-0.070312,0.019531,1.019531,-1,1.0948722985581978,-3.94443780441863,
2025-08-06T13:25:18.330144,-0.074219,0.007812,1.015625,-1,0.4395278767543178,-4.1794607051913015,
2025-08-06T13:25:18.795189,-0.078125,0.019531,1.015625,-1,1.0984477632909195,-4.397895421613334,
2025-08-06T13:25:19.351248,-0.0625,0.015625,1.019531,-1,0.8763827839658782,-3.507584962238166,
2025-08-06T13:25:19.783663,-0.074219,0.015625,1.019531,-1,0.8757107582865988,-4.163140449323331,
2025-08-06T13:25:20.445030,-0.074219,0.023438,1.011719,-1,1.3235506112733313,-4.194541331940415,
2025-08-06T13:25:20.768056,-0.074219,0.015625,1.007812,-1,0.885837445081153,-4.211365416252368,
2025-08-06T13:25:21.309342,-0.078125,0.015625,1.019531,-1,0.8754615635122167,-4.381406403248674,
2025-08-06T13:25:21.860460,-0.074219,0.019531,1.019531,-1,1.0945765010030104,-4.162866514422745,
2025-08-06T13:25:22.300659,-0.078125,0.015625,1.011719,-1,0.8821804749424016,-4.415096222521653,
2025-08-06T13:25:22.847503,-0.074219,0.019531,1.019531,-1,1.0945765010030104,-4.162866514422745,
2025-08-06T13:25:23.290418,-0.070312,0.019531,1.015625,-1,1.0990620033875442,-3.959554007490287,
2025-08-06T13:25:23.808276,-0.074219,0.015625,1.007812,-1,0.885837445081153,-4.211365416252368,
2025-08-06T13:25:24.276414,-0.074219,0.015625,1.015625,-1,0.8790602804446449,-4.179091116786744,
2025-08-06T13:25:24.883678,-0.074219,0.019531,1.015625,-1,1.0987627980003676,-4.178814021344229,
2025-08-06T13:25:25.292319,-0.0625,0.019531,1.015625,-1,1.0996123902373598,-3.520804055435415,
2025-08-06T13:25:25.780524,-0.074219,0.015625,1.019531,-1,0.8757107582865988,-4.163140449323331,
2025-08-06T13:25:26.316106,-0.070312,0.007812,1.015625,-1,0.4396475897690352,-3.960166982639457,
2025-08-06T13:25:26.857254,-0.070312,0.015625,1.007812,-1,0.8860824254812231,-3.990408774127534,
2025-08-06T13:25:27.304399,-0.070312,0.015625,1.011719,-1,0.882677621000814,-3.975052001874419,
2025-08-06T13:25:27.845216,-0.074219,0.019531,1.015625,-1,1.0987627980003676,-4.178814021344229,
2025-08-06T13:25:28.264484,-0.074219,0.015625,1.015625,-1,0.8790602804446449,-4.179091116786744,
2025-08-06T13:25:28.930909,-0.070312,0.015625,1.011719,-1,0.882677621000814,-3.975052001874419,
2025-08-06T13:25:29.281371,-0.078125,0.015625,1.011719,-1,0.8821804749424016,-4.415096222521653,
2025-08-06T13:25:29.807606,-0.074219,0.015625,1.015625,-1,0.8790602804446449,-4.179091116786744,
2025-08-06T13:25:30.416743,-0.074219,0.015625,1.019531,-1,0.8757107582865988,-4.163140449323331,
2025-08-06T13:25:30.820741,-0.070312,0.011719,1.015625,-1,0.659511478806085,-3.9600209833076647,
2025-08-06T13:25:31.324836,-0.074219,0.015625,1.015625,-1,0.8790602804446449,-4.179091116786744,
2025-08-06T13:25:31.848515,-0.070312,0.019531,1.019531,-1,1.0948722985581978,-3.94443780441863,
2025-08-06T13:25:32.266068,-0.074219,0.019531,1.011719,-1,1.1029811491242274,-4.1948839424456885,
2025-08-06T13:25:32.827090,-0.078125,0.015625,1.015625,-1,0.8788082160947002,-4.398186932818698,
2025-08-06T13:25:33.269082,-0.066406,0.015625,1.011719,-1,0.8829068228431354,-3.754878556396407,
2025-08-06T13:25:33.872758,-0.070312,0.015625,1.007812,-1,0.8860824254812231,-3.990408774127534,
2025-08-06T13:25:34.296886,-0.070312,0.011719,1.019531,-1,0.6569969803031029,-3.944899451739895,
2025-08-06T13:25:34.813879,-0.074219,0.015625,1.011719,-1,0.8824354530316566,-4.195164247190032,
2025-08-06T13:25:35.289389,-0.074219,0.015625,1.015625,-1,0.8790602804446449,-4.179091116786744,
2025-08-06T13:25:35.799093,-0.074219,0.019531,1.011719,-1,1.1029811491242274,-4.1948839424456885,
2025-08-06T13:25:36.318118,-0.070312,0.019531,1.015625,-1,1.0990620033875442,-3.959554007490287,
2025-08-06T13:25:36.862779,-0.066406,0.015625,1.011719,-1,0.8829068228431354,-3.754878556396407,
2025-08-06T13:25:37.279058,-0.070312,0.015625,1.015625,-1,0.8792996795163592,-3.9598166591906674,
2025-08-06T13:25:37.807518,-0.070312,0.011719,1.019531,-1,0.6569969803031029,-3.944899451739895,
2025-08-06T13:25:38.280182,-0.074219,0.015625,1.023438,-1,0.8723857482373869,-4.147306815880882,
2025-08-06T13:25:38.781416,-0.070312,0.011719,1.015625,-1,0.659511478806085,-3.9600209833076647,
2025-08-06T13:25:39.295756,-0.078125,0.015625,1.015625,-1,0.8788082160947002,-4.398186932818698,
2025-08-06T13:25:39.823822,-0.074219,0.015625,1.019531,-1,0.8757107582865988,-4.163140449323331,
2025-08-06T13:25:40.344180,-0.074219,0.019531,1.015625,-1,1.0987627980003676,-4.178814021344229,
2025-08-06T13:25:40.782650,-0.070312,0.007812,1.015625,-1,0.4396475897690352,-3.960166982639457,
2025-08-06T13:25:41.295287,-0.074219,0.011719,1.015625,-1,0.6593319071763242,-4.179306677081632,
2025-08-06T13:25:41.863356,-0.078125,0.015625,1.023438,-1,0.8721393804253038,-4.364748924369022,
2025-08-06T13:25:42.375847,-0.074219,0.019531,1.015625,-1,1.0987627980003676,-4.178814021344229,
2025-08-06T13:25:42.787730,-0.074219,0.015625,1.011719,-1,0.8824354530316566,-4.195164247190032,
2025-08-06T13:25:43.307370,-0.074219,0.011719,1.015625,-1,0.6593319071763242,-4.179306677081632,
2025-08-06T13:25:43.830348,-0.074219,0.011719,1.003906,-1,0.6669862684536116,-4.227910934139552,
2025-08-06T13:25:44.291734,-0.078125,0.015625,1.015625,-1,0.8788082160947002,-4.398186932818698,
2025-08-06T13:25:44.944209,-0.074219,0.015625,1.007812,-1,0.885837445081153,-4.211365416252368,
2025-08-06T13:25:45.431364,-0.074219,0.019531,1.019531,-1,1.0945765010030104,-4.162866514422745,
2025-08-06T13:25:45.790358,-0.074219,0.007812,1.011719,-1,0.4412156541442312,-4.195538116812858,
2025-08-06T13:25:46.289171,-0.070312,0.015625,1.007812,-1,0.8860824254812231,-3.990408774127534,
2025-08-06T13:25:46.790355,-0.070312,0.015625,1.019531,-1,0.8759474304583958,-3.9446974592464015,
2025-08-06T13:25:47.291525,-0.074219,0.011719,1.019531,-1,0.6568194542417054,-4.163353550657151,
2025-08-06T13:25:47.789819,-0.070312,0.011719,1.011719,-1,0.6620452510160703,-3.975258693608283,
2025-08-06T13:25:48.292856,-0.074219,0.011719,1.011719,-1,0.661863602311014,-4.195382304387747,
2025-08-06T13:25:48.793526,-0.074219,0.019531,1.011719,-1,1.1029811491242274,-4.1948839424456885,
2025-08-06T13:25:49.292939,-0.074219,0.015625,1.011719,-1,0.8824354530316566,-4.195164247190032,
2025-08-06T13:25:49.795861,-0.074219,0.015625,1.011719,-1,0.8824354530316566,-4.195164247190032,
2025-08-06T13:25:50.309948,-0.074219,0.015625,1.011719,-1,0.8824354530316566,-4.195164247190032,
2025-08-06T13:25:50.793453,-0.074219,0.015625,1.011719,-1,0.8824354530316566,-4.195164247190032,
2025-08-06T13:25:51.296297,-0.070312,0.015625,1.015625,-1,0.8792996795163592,-3.9598166591906674,
2025-08-06T13:25:51.795718,-0.074219,0.011719,1.015625,-1,0.6593319071763242,-4.179306677081632,
2025-08-06T13:25:52.299940,-0.070312,0.011719,1.011719,-1,0.6620452510160703,-3.975258693608283,
2025-08-06T13:25:52.807376,-0.074219,0.019531,1.019531,-1,1.0945765010030104,-4.162866514422745,
2025-08-06T13:25:53.299932,-0.074219,0.015625,1.015625,-1,0.8790602804446449,-4.179091116786744,
2025-08-06T13:25:53.799350,-0.074219,0.015625,1.007812,-1,0.885837445081153,-4.211365416252368,
2025-08-06T13:25:54.299842,-0.074219,0.015625,1.015625,-1,0.8790602804446449,-4.179091116786744,
2025-08-06T13:25:54.800933,-0.074219,0.019531,1.015625,-1,1.0987627980003676,-4.178814021344229,
2025-08-06T13:25:55.299081,-0.074219,0.019531,1.007812,-1,1.1072330153369714,-4.211081851662468,
2025-08-06T13:25:55.839939,-0.074219,0.015625,1.015625,-1,0.8790602804446449,-4.179091116786744,
2025-08-06T13:25:56.390134,-0.074219,0.019531,1.011719,-1,1.1029811491242274,-4.1948839424456885,
2025-08-06T13:25:56.820192,-0.074219,0.011719,1.015625,-1,0.6593319071763242,-4.179306677081632,
2025-08-06T13:25:57.345441,-0.070312,0.007812,1.011719,-1,0.4413367519281536,-3.975406384866421,
2025-08-06T13:25:57.859441,-0.074219,0.011719,1.011719,-1,0.661863602311014,-4.195382304387747,
2025-08-06T13:25:58.364295,-0.070312,0.015625,1.007812,-1,0.8860824254812231,-3.990408774127534,
2025-08-06T13:25:58.876804,-0.078125,0.015625,1.011719,-1,0.8821804749424016,-4.415096222521653,
2025-08-06T13:25:59.530827,-0.074219,0.015625,1.007812,-1,0.885837445081153,-4.211365416252368,
2025-08-06T13:25:59.858542,-0.074219,0.007812,1.015625,-1,0.4395278767543178,-4.1794607051913015,
2025-08-06T13:26:00.515631,-0.074219,0.015625,1.015625,-1,0.8790602804446449,-4.179091116786744,
2025-08-06T13:26:00.851630,-0.074219,0.015625,1.011719,-1,0.8824354530316566,-4.195164247190032,
2025-08-06T13:26:01.402938,-0.078125,0.011719,1.019531,-1,0.6566325350784901,-4.381630592043893,
2025-08-06T13:26:01.843435,-0.074219,0.011719,1.015625,-1,0.6593319071763242,-4.179306677081632,
2025-08-06T13:26:02.390067,-0.074219,0.011719,1.019531,-1,0.6568194542417054,-4.163353550657151,
2025-08-06T13:26:02.817532,-0.074219,0.011719,1.003906,-1,0.6669862684536116,-4.227910934139552,
2025-08-06T13:26:03.363952,-0.078125,0.011719,1.019531,-1,0.6566325350784901,-4.381630592043893,
2025-08-06T13:26:03.905916,-0.070312,0.015625,1.007812,-1,0.8860824254812231,-3.990408774127534,
2025-08-06T13:26:04.347949,-0.074219,0.007812,1.023438,-1,0.4361902394786571,-4.147668034738948,
2025-08-06T13:26:04.882143,-0.074219,0.011719,1.023438,-1,0.6543253896095329,-4.147517494862795,
2025-08-06T13:26:05.337397,-0.070312,0.015625,1.011719,-1,0.882677621000814,-3.975052001874419,
2025-08-06T13:26:05.995844,-0.074219,0.015625,1.019531,-1,0.8757107582865988,-4.163140449323331,
2025-08-06T13:26:06.310610,-0.074219,0.015625,1.011719,-1,0.8824354530316566,-4.195164247190032,
2025-08-06T13:26:06.870359,-0.070312,0.019531,1.011719,-1,1.1032838148222464,-3.974786307045472,
2025-08-06T13:26:07.314649,-0.074219,0.015625,1.015625,-1,0.8790602804446449,-4.179091116786744,
2025-08-06T13:26:07.815633,-0.066406,0.019531,1.015625,-1,1.0993451870049025,-3.740233940400369,
2025-08-06T13:26:08.315654,-0.074219,0.015625,1.019531,-1,0.8757107582865988,-4.163140449323331,
2025-08-06T13:26:08.817964,-0.074219,0.015625,1.007812,-1,0.885837445081153,-4.211365416252368,
2025-08-06T13:26:09.316482,-0.070312,0.015625,1.019531,-1,0.8759474304583958,-3.9446974592464015,
2025-08-06T13:26:09.817913,-0.070312,0.015625,1.019531,-1,0.8759474304583958,-3.9446974592464015,
2025-08-06T13:26:10.317214,-0.078125,0.019531,1.019531,-1,1.0942650524290611,-4.381118215754438,
2025-08-06T13:26:10.819214,-0.078125,0.011719,1.015625,-1,0.6591428354176316,-4.398413707523402,
2025-08-06T13:26:11.322456,-0.074219,0.015625,1.011719,-1,0.8824354530316566,-4.195164247190032,
2025-08-06T13:26:11.818971,-0.070312,0.015625,1.019531,-1,0.8759474304583958,-3.9446974592464015,
2025-08-06T13:26:12.320941,-0.074219,0.019531,1.011719,-1,1.1029811491242274,-4.1948839424456885,
2025-08-06T13:26:12.826296,-0.074219,0.015625,1.015625,-1,0.8790602804446449,-4.179091116786744,
2025-08-06T13:26:13.331059,-0.074219,0.015625,1.011719,-1,0.8824354530316566,-4.195164247190032,
2025-08-06T13:26:13.825627,-0.078125,0.015625,1.003906,-1,0.8890038723818121,-4.449311456508369,
2025-08-06T13:26:14.327468,-0.070312,0.015625,1.003906,-1,0.8895126503967048,-4.005880476871976,
2025-08-06T13:26:14.836740,-0.074219,0.015625,1.007812,-1,0.885837445081153,-4.211365416252368,
2025-08-06T13:26:15.445801,-0.078125,0.015625,1.015625,-1,0.8788082160947002,-4.398186932818698,
2025-08-06T13:26:15.829799,-0.078125,0.015625,1.019531,-1,0.8754615635122167,-4.381406403248674,
2025-08-06T13:26:16.329770,-0.078125,0.011719,1.015625,-1,0.6591428354176316,-4.398413707523402,
2025-08-06T13:26:16.829116,-0.074219,0.015625,1.011719,-1,0.8824354530316566,-4.195164247190032,
2025-08-06T13:26:17.330370,-0.078125,0.011719,1.015625,-1,0.6591428354176316,-4.398413707523402,
2025-08-06T13:26:17.831367,-0.074219,0.011719,1.015625,-1,0.6593319071763242,-4.179306677081632,
2025-08-06T13:26:18.336893,-0.070312,0.015625,1.011719,-1,0.882677621000814,-3.975052001874419,
2025-08-06T13:26:18.835387,-0.078125,0.011719,1.007812,-1,0.6642219390273632,-4.4323722037370175,
2025-08-06T13:26:19.334452,-0.074219,0.011719,1.007812,-1,0.6644154165847265,-4.211586009682766,
2025-08-06T13:26:19.835467,-0.066406,0.015625,1.015625,-1,0.8795262593266958,-3.740482129009342,
2025-08-06T13:26:20.336255,-0.074219,0.019531,1.019531,-1,1.0945765010030104,-4.162866514422745,
2025-08-06T13:26:20.838592,-0.074219,0.011719,1.015625,-1,0.6593319071763242,-4.179306677081632,
2025-08-06T13:26:21.338132,-0.074219,0.015625,1.015625,-1,0.8790602804446449,-4.179091116786744,
2025-08-06T13:26:21.838139,-0.070312,0.019531,1.023438,-1,1.090713275908077,-3.929432551882644,
2025-08-06T13:26:22.347380,-0.066406,0.015625,1.007812,-1,0.8863142906072571,-3.769389784892654,
2025-08-06T13:26:22.840293,-0.074219,0.011719,1.015625,-1,0.6593319071763242,-4.179306677081632,
2025-08-06T13:26:23.343687,-0.074219,0.011719,1.003906,-1,0.6669862684536116,-4.227910934139552,
2025-08-06T13:26:23.841948,-0.074219,0.015625,1.015625,-1,0.8790602804446449,-4.179091116786744,
2025-08-06T13:26:24.342606,-0.078125,0.015625,1.015625,-1,0.8788082160947002,-4.398186932818698,
2025-08-06T13:26:24.846201,-0.070312,0.015625,1.015625,-1,0.8792996795163592,-3.9598166591906674,
2025-08-06T13:26:25.346874,-0.066406,0.019531,1.011719,-1,1.1035702752112522,-3.75462749123489,
2025-08-06T13:26:25.850304,-0.066406,0.015625,1.011719,-1,0.8829068228431354,-3.754878556396407,
2025-08-06T13:26:26.349895,-0.074219,0.011719,1.019531,-1,0.6568194542417054,-4.163353550657151,
2025-08-06T13:26:26.850352,-0.074219,0.019531,1.007812,-1,1.1072330153369714,-4.211081851662468,
2025-08-06T13:26:27.356817,-0.078125,0.019531,1.015625,-1,1.0984477632909195,-4.397895421613334,
2025-08-06T13:26:27.853958,-0.070312,0.011719,1.011719,-1,0.6620452510160703,-3.975258693608283,
2025-08-06T13:26:28.354548,-0.070312,0.015625,1.011719,-1,0.882677621000814,-3.975052001874419,
2025-08-06T13:26:28.853712,-0.070312,0.015625,1.019531,-1,0.8759474304583958,-3.9446974592464015,
2025-08-06T13:26:29.356710,-0.074219,0.011719,1.015625,-1,0.6593319071763242,-4.179306677081632,
2025-08-06T13:26:29.855396,-0.074219,0.015625,1.011719,-1,0.8824354530316566,-4.195164247190032,
2025-08-06T13:26:30.490681,-0.078125,0.011719,1.015625,-1,0.6591428354176316,-4.398413707523402,
2025-08-06T13:26:30.857385,-0.074219,0.015625,1.011719,-1,0.8824354530316566,-4.195164247190032,
2025-08-06T13:26:31.358043,-0.070312,0.019531,1.011719,-1,1.1032838148222464,-3.974786307045472,
2025-08-06T13:26:31.858468,-0.074219,0.011719,1.023438,-1,0.6543253896095329,-4.147517494862795,
2025-08-06T13:26:32.362793,-0.078125,0.015625,1.015625,-1,0.8788082160947002,-4.398186932818698,
2025-08-06T13:26:32.860178,-0.074219,0.019531,1.015625,-1,1.0987627980003676,-4.178814021344229,
2025-08-06T13:26:33.744936,-0.070312,0.015625,1.007812,-1,0.8860824254812231,-3.990408774127534,
2025-08-06T13:26:33.862935,-0.078125,0.015625,1.015625,-1,0.8788082160947002,-4.398186932818698,
2025-08-06T13:26:34.363938,-0.070312,0.011719,1.011719,-1,0.6620452510160703,-3.975258693608283,
2025-08-06T13:26:34.863059,-0.074219,0.011719,1.015625,-1,0.6593319071763242,-4.179306677081632,
2025-08-06T13:26:35.380235,-0.070312,0.011719,1.015625,-1,0.659511478806085,-3.9600209833076647,
2025-08-06T13:26:35.863975,-0.070312,0.019531,1.011719,-1,1.1032838148222464,-3.974786307045472,
2025-08-06T13:26:36.364044,-0.078125,0.007812,1.015625,-1,0.4394018303998351,-4.398575748855442,
2025-08-06T13:26:36.866092,-0.074219,0.019531,1.015625,-1,1.0987627980003676,-4.178814021344229,
2025-08-06T13:26:37.368107,-0.070312,0.019531,1.007812,-1,1.1075391957439158,-3.990139988221692,
2025-08-06T13:26:37.871097,-0.074219,0.011719,1.007812,-1,0.6644154165847265,-4.211586009682766,
2025-08-06T13:26:38.378050,-0.070312,0.019531,1.007812,-1,1.1075391957439158,-3.990139988221692,
2025-08-06T13:26:38.870254,-0.074219,0.015625,1.007812,-1,0.885837445081153,-4.211365416252368,
2025-08-06T13:26:39.372232,-0.070312,0.015625,1.011719,-1,0.882677621000814,-3.975052001874419,
2025-08-06T13:26:39.867994,-0.058594,0.011719,1.015625,-1,0.6599925532870986,-3.3016604303535733,
2025-08-06T13:26:40.372799,-0.09375,0.011719,1.007812,-1,0.663350853020479,-5.314191083889861,
2025-08-06T13:26:40.883468,-0.078125,0.019531,1.019531,-1,1.0942650524290611,-4.381118215754438,
2025-08-06T13:26:41.373361,-0.074219,0.011719,1.015625,-1,0.6593319071763242,-4.179306677081632,
2025-08-06T13:26:41.872448,-0.074219,0.015625,1.023438,-1,0.8723857482373869,-4.147306815880882,
2025-08-06T13:26:42.376980,-0.070312,0.011719,1.007812,-1,0.6645991750243075,-3.990617870788554,
2025-08-06T13:26:42.873690,-0.078125,0.011719,1.019531,-1,0.6566325350784901,-4.381630592043893,
2025-08-06T13:26:43.371813,-0.074219,0.007812,1.007812,-1,0.4429168451083676,-4.2117436345319925,
2025-08-06T13:26:43.878722,-0.070312,0.019531,1.019531,-1,1.0948722985581978,-3.94443780441863,
2025-08-06T13:26:44.380234,-0.074219,0.011719,1.023438,-1,0.6543253896095329,-4.147517494862795,
2025-08-06T13:26:44.877657,-0.066406,0.011719,1.015625,-1,0.6596814348035882,-3.7406752018940073,
2025-08-06T13:26:45.544677,-0.078125,0.015625,1.007812,-1,0.8855795074738829,-4.432140136110196,
2025-08-06T13:26:45.880675,-0.074219,0.015625,1.007812,-1,0.885837445081153,-4.211365416252368,
2025-08-06T13:26:46.377006,-0.074219,0.011719,1.011719,-1,0.661863602311014,-4.195382304387747,
2025-08-06T13:26:46.877383,-0.074219,0.007812,1.019531,-1,0.4378529282934181,-4.16350582156797,
2025-08-06T13:26:47.379409,-0.074219,0.015625,1.015625,-1,0.8790602804446449,-4.179091116786744,
2025-08-06T13:26:47.884185,-0.0625,0.011719,1.011719,-1,0.6623793959670224,-3.5347779145463614,
2025-08-06T13:26:48.383573,-0.074219,0.011719,1.019531,-1,0.6568194542417054,-4.163353550657151,
2025-08-06T13:26:48.886300,-0.078125,0.015625,1.015625,-1,0.8788082160947002,-4.398186932818698,
2025-08-06T13:26:49.383374,-0.078125,0.019531,1.015625,-1,1.0984477632909195,-4.397895421613334,
2025-08-06T13:26:49.885436,-0.074219,0.015625,1.015625,-1,0.8790602804446449,-4.179091116786744,
2025-08-06T13:26:50.381660,-0.066406,0.007812,1.003906,-1,0.4448719592385078,-3.784352400160348,
2025-08-06T13:26:50.884008,-0.078125,0.007812,1.015625,-1,0.4394018303998351,-4.398575748855442,
2025-08-06T13:26:51.384091,-0.066406,0.019531,1.007812,-1,1.10782898445145,-3.7691357978354745,
2025-08-06T13:26:51.881431,-0.074219,0.011719,1.023438,-1,0.6543253896095329,-4.147517494862795,
2025-08-06T13:26:52.382822,-0.074219,0.011719,1.011719,-1,0.661863602311014,-4.195382304387747,
2025-08-06T13:26:52.883426,-0.070312,0.011719,1.015625,-1,0.659511478806085,-3.9600209833076647,
2025-08-06T13:26:53.387900,-0.074219,0.019531,1.015625,-1,1.0987627980003676,-4.178814021344229,
2025-08-06T13:26:53.887591,-0.074219,0.011719,1.011719,-1,0.661863602311014,-4.195382304387747,
2025-08-06T13:26:54.390050,-0.074219,0.019531,1.011719,-1,1.1029811491242274,-4.1948839424456885,
2025-08-06T13:26:54.888508,-0.074219,0.015625,1.011719,-1,0.8824354530316566,-4.195164247190032,
2025-08-06T13:26:55.390137,-0.070312,0.019531,1.015625,-1,1.0990620033875442,-3.959554007490287,
2025-08-06T13:26:55.889881,-0.078125,0.011719,1.011719,-1,0.6616723448247972,-4.41532562301725,
2025-08-06T13:26:56.388356,-0.074219,0.019531,1.007812,-1,1.1072330153369714,-4.211081851662468,
2025-08-06T13:26:56.889409,-0.074219,0.015625,1.007812,-1,0.885837445081153,-4.211365416252368,
2025-08-06T13:26:57.403543,-0.070312,0.015625,1.015625,-1,0.8792996795163592,-3.9598166591906674,
2025-08-06T13:26:57.949654,-0.074219,0.019531,1.011719,-1,1.1029811491242274,-4.1948839424456885,
2025-08-06T13:26:58.395843,-0.074219,0.015625,1.007812,-1,0.885837445081153,-4.211365416252368,
2025-08-06T13:26:59.100882,-0.070312,0.019531,1.007812,-1,1.1075391957439158,-3.990139988221692,
2025-08-06T13:26:59.447190,-0.078125,0.015625,1.019531,-1,0.8754615635122167,-4.381406403248674,
2025-08-06T13:26:59.896221,-0.070312,0.011719,1.011719,-1,0.6620452510160703,-3.975258693608283,
2025-08-06T13:27:00.543361,-0.074219,0.011719,1.015625,-1,0.6593319071763242,-4.179306677081632,
2025-08-06T13:27:00.907359,-0.074219,0.015625,1.019531,-1,0.8757107582865988,-4.163140449323331,
2025-08-06T13:27:01.440375,-0.074219,0.015625,1.019531,-1,0.8757107582865988,-4.163140449323331,
2025-08-06T13:27:01.897942,-0.078125,0.011719,1.007812,-1,0.6642219390273632,-4.4323722037370175,
2025-08-06T13:27:02.426479,-0.070312,0.019531,1.015625,-1,1.0990620033875442,-3.959554007490287,
2025-08-06T13:27:02.939989,-0.070312,0.015625,1.011719,-1,0.882677621000814,-3.975052001874419,
2025-08-06T13:27:03.454025,-0.070312,0.011719,1.019531,-1,0.6569969803031029,-3.944899451739895,
2025-08-06T13:27:03.897748,-0.078125,0.015625,1.003906,-1,0.8890038723818121,-4.449311456508369,
2025-08-06T13:27:04.520787,-0.066406,0.019531,1.011719,-1,1.1035702752112522,-3.75462749123489,
2025-08-06T13:27:04.942351,-0.078125,0.023438,1.015625,-1,1.3181112459668023,-4.397539113053031,
2025-08-06T13:27:05.408026,-0.078125,0.011719,1.019531,-1,0.6566325350784901,-4.381630592043893,
2025-08-06T13:27:05.921892,-0.074219,0.011719,1.015625,-1,0.6593319071763242,-4.179306677081632,
2025-08-06T13:27:06.565558,-0.074219,0.015625,1.023438,-1,0.8723857482373869,-4.147306815880882,
2025-08-06T13:27:06.903087,-0.070312,0.015625,1.015625,-1,0.8792996795163592,-3.9598166591906674,
2025-08-06T13:27:07.404899,-0.078125,0.019531,1.007812,-1,1.106910640781439,-4.431841821849936,
2025-08-06T13:27:07.922049,-0.070312,0.011719,1.011719,-1,0.6620452510160703,-3.975258693608283,
2025-08-06T13:27:08.499102,-0.074219,0.015625,1.015625,-1,0.8790602804446449,-4.179091116786744,
2025-08-06T13:27:08.909407,-0.066406,0.019531,1.015625,-1,1.0993451870049025,-3.740233940400369,
2025-08-06T13:27:09.424426,-0.074219,0.007812,1.011719,-1,0.4412156541442312,-4.195538116812858,
2025-08-06T13:27:09.944351,-0.074219,0.019531,1.007812,-1,1.1072330153369714,-4.211081851662468,
2025-08-06T13:27:10.411824,-0.074219,0.015625,1.007812,-1,0.885837445081153,-4.211365416252368,
2025-08-06T13:27:11.061275,-0.074219,0.015625,1.015625,-1,0.8790602804446449,-4.179091116786744,
2025-08-06T13:27:11.482274,-0.070312,0.019531,1.007812,-1,1.1075391957439158,-3.990139988221692,
2025-08-06T13:27:11.997082,-0.074219,0.019531,1.015625,-1,1.0987627980003676,-4.178814021344229,
2025-08-06T13:27:12.412837,-0.066406,0.015625,1.015625,-1,0.8795262593266958,-3.740482129009342,
2025-08-06T13:27:12.912772,-0.074219,0.015625,1.015625,-1,0.8790602804446449,-4.179091116786744,
2025-08-06T13:27:13.409578,-0.070312,0.019531,1.011719,-1,1.1032838148222464,-3.974786307045472,
2025-08-06T13:27:13.912186,-0.070312,0.015625,1.011719,-1,0.882677621000814,-3.975052001874419,
2025-08-06T13:27:14.413398,-0.070312,0.019531,1.015625,-1,1.0990620033875442,-3.959554007490287,
2025-08-06T13:27:14.912679,-0.070312,0.015625,1.011719,-1,0.882677621000814,-3.975052001874419,
2025-08-06T13:27:15.595789,-0.070312,0.015625,1.019531,-1,0.8759474304583958,-3.9446974592464015,
2025-08-06T13:27:15.915789,-0.066406,0.019531,1.015625,-1,1.0993451870049025,-3.740233940400369,
2025-08-06T13:27:16.414817,-0.070312,0.019531,1.023438,-1,1.090713275908077,-3.929432551882644,
2025-08-06T13:27:16.918419,-0.078125,0.011719,1.019531,-1,0.6566325350784901,-4.381630592043893,
2025-08-06T13:27:17.466086,-0.070312,0.019531,1.015625,-1,1.0990620033875442,-3.959554007490287,
2025-08-06T13:27:17.919388,-0.074219,0.015625,1.015625,-1,0.8790602804446449,-4.179091116786744,
2025-08-06T13:27:18.460571,-0.070312,0.015625,1.011719,-1,0.882677621000814,-3.975052001874419,
2025-08-06T13:27:18.987657,-0.074219,0.015625,1.015625,-1,0.8790602804446449,-4.179091116786744,
2025-08-06T13:27:19.493628,-0.074219,0.011719,1.007812,-1,0.6644154165847265,-4.211586009682766,
2025-08-06T13:27:19.918991,-0.070312,0.015625,1.019531,-1,0.8759474304583958,-3.9446974592464015,
2025-08-06T13:27:20.441171,-0.074219,0.011719,1.019531,-1,0.6568194542417054,-4.163353550657151,
2025-08-06T13:27:21.074615,-0.070312,0.015625,1.011719,-1,0.882677621000814,-3.975052001874419,
2025-08-06T13:27:21.418727,-0.074219,0.023438,1.023438,-1,1.3084801502418777,-4.146704973579097,
2025-08-06T13:27:21.963442,-0.074219,0.019531,1.027344,-1,1.0862975713345,-4.1313291950822295,
2025-08-06T13:27:22.469732,-0.070312,0.015625,1.011719,-1,0.882677621000814,-3.975052001874419,
2025-08-06T13:27:22.922207,-0.078125,0.015625,1.015625,-1,0.8788082160947002,-4.398186932818698,
2025-08-06T13:27:23.529231,-0.074219,0.015625,1.015625,-1,0.8790602804446449,-4.179091116786744,
2025-08-06T13:27:23.952626,-0.074219,0.015625,1.015625,-1,0.8790602804446449,-4.179091116786744,
2025-08-06T13:27:24.629446,-0.070312,0.011719,1.011719,-1,0.6620452510160703,-3.975258693608283,
2025-08-06T13:27:24.939456,-0.078125,0.019531,1.011719,-1,1.1026624730935723,-4.414801336352567,
2025-08-06T13:27:25.457534,-0.070312,0.019531,1.003906,-1,1.1118263430981457,-4.005608552607101,
2025-08-06T13:27:25.979705,-0.074219,0.019531,1.015625,-1,1.0987627980003676,-4.178814021344229,
2025-08-06T13:27:26.438155,-0.078125,0.015625,1.023438,-1,0.8721393804253038,-4.364748924369022,
2025-08-06T13:27:26.931344,-0.078125,0.015625,1.015625,-1,0.8788082160947002,-4.398186932818698,
2025-08-06T13:27:27.431872,-0.074219,0.019531,1.007812,-1,1.1072330153369714,-4.211081851662468,
2025-08-06T13:27:27.931818,-0.070312,0.015625,1.015625,-1,0.8792996795163592,-3.9598166591906674,
2025-08-06T13:27:28.444267,-0.066406,0.015625,1.011719,-1,0.8829068228431354,-3.754878556396407,
2025-08-06T13:27:28.940658,-0.074219,0.019531,1.019531,-1,1.0945765010030104,-4.162866514422745,
2025-08-06T13:27:29.440349,-0.078125,0.019531,1.011719,-1,1.1026624730935723,-4.414801336352567,
2025-08-06T13:27:29.953349,-0.078125,0.015625,1.019531,-1,0.8754615635122167,-4.381406403248674,
2025-08-06T13:27:30.922359,-0.070312,0.015625,1.019531,-1,0.8759474304583958,-3.9446974592464015,
2025-08-06T13:27:31.141363,-0.070312,0.015625,1.019531,-1,0.8759474304583958,-3.9446974592464015,
2025-08-06T13:27:31.563361,-0.078125,0.015625,1.011719,-1,0.8821804749424016,-4.415096222521653,
2025-08-06T13:27:32.122967,-0.074219,0.015625,1.015625,-1,0.8790602804446449,-4.179091116786744,
2025-08-06T13:27:32.572820,-0.078125,0.011719,1.011719,-1,0.6616723448247972,-4.41532562301725,
2025-08-06T13:27:33.044960,-0.070312,0.011719,1.015625,-1,0.659511478806085,-3.9600209833076647,
2025-08-06T13:27:33.538356,-0.074219,0.015625,1.019531,-1,0.8757107582865988,-4.163140449323331,
2025-08-06T13:27:34.038306,-0.074219,0.019531,1.019531,-1,1.0945765010030104,-4.162866514422745,
2025-08-06T13:27:34.540306,-0.078125,0.015625,1.011719,-1,0.8821804749424016,-4.415096222521653,
2025-08-06T13:27:35.043927,-0.070312,0.011719,1.019531,-1,0.6569969803031029,-3.944899451739895,
2025-08-06T13:27:35.549899,-0.070312,0.019531,1.015625,-1,1.0990620033875442,-3.959554007490287,
2025-08-06T13:27:36.038347,-0.082031,0.019531,1.015625,-1,1.098116866018644,-4.61684804518945,
2025-08-06T13:27:36.548286,-0.070312,0.015625,1.015625,-1,0.8792996795163592,-3.9598166591906674,
2025-08-06T13:27:37.043367,-0.078125,0.019531,1.015625,-1,1.0984477632909195,-4.397895421613334,
2025-08-06T13:27:37.596398,-0.074219,0.015625,1.015625,-1,0.8790602804446449,-4.179091116786744,
2025-08-06T13:27:38.045398,-0.074219,0.015625,1.011719,-1,0.8824354530316566,-4.195164247190032,
2025-08-06T13:27:38.664842,-0.070312,0.019531,1.019531,-1,1.0948722985581978,-3.94443780441863,
2025-08-06T13:27:39.242836,-0.070312,0.015625,1.015625,-1,0.8792996795163592,-3.9598166591906674,
2025-08-06T13:27:39.555836,-0.082031,0.011719,1.003906,-1,0.6665849543041791,-4.671048181134244,
2025-08-06T13:27:40.050886,-0.074219,0.015625,1.015625,-1,0.8790602804446449,-4.179091116786744,
2025-08-06T13:27:40.565182,-0.070312,0.019531,1.015625,-1,1.0990620033875442,-3.959554007490287,
2025-08-06T13:27:41.114808,-0.070312,0.011719,1.015625,-1,0.659511478806085,-3.9600209833076647,
2025-08-06T13:27:41.550825,-0.074219,0.019531,1.011719,-1,1.1029811491242274,-4.1948839424456885,
2025-08-06T13:27:42.047833,-0.070312,0.023438,1.019531,-1,1.3138212334336523,-3.9441204328156063,
2025-08-06T13:27:42.545829,-0.070312,0.015625,1.023438,-1,0.8726197340321947,-3.929689254469079,
2025-08-06T13:27:43.066534,-0.074219,0.015625,1.011719,-1,0.8824354530316566,-4.195164247190032,
2025-08-06T13:27:43.558533,-0.074219,0.015625,1.019531,-1,0.8757107582865988,-4.163140449323331,
2025-08-06T13:27:44.052419,-0.070312,0.015625,1.015625,-1,0.8792996795163592,-3.9598166591906674,
2025-08-06T13:27:44.547417,-0.070312,0.015625,1.015625,-1,0.8792996795163592,-3.9598166591906674,
2025-08-06T13:27:45.052604,-0.066406,0.015625,1.019531,-1,0.876171428032863,-3.726195505459816,
2025-08-06T13:27:45.629370,-0.070312,0.015625,1.011719,-1,0.882677621000814,-3.975052001874419,
2025-08-06T13:27:46.054371,-0.070312,0.019531,1.019531,-1,1.0948722985581978,-3.94443780441863,
2025-08-06T13:27:46.552615,-0.074219,0.015625,1.015625,-1,0.8790602804446449,-4.179091116786744,
2025-08-06T13:27:47.051983,-0.074219,0.023438,1.015625,-1,1.318489239368982,-4.178475332923178,
2025-08-06T13:27:47.553124,-0.074219,0.015625,1.015625,-1,0.8790602804446449,-4.179091116786744,
2025-08-06T13:27:48.056603,-0.074219,0.019531,1.019531,-1,1.0945765010030104,-4.162866514422745,
2025-08-06T13:27:48.560602,-0.070312,0.015625,1.015625,-1,0.8792996795163592,-3.9598166591906674,
2025-08-06T13:27:49.062623,-0.074219,0.015625,1.019531,-1,0.8757107582865988,-4.163140449323331,
2025-08-06T13:27:49.555833,-0.078125,0.015625,1.019531,-1,0.8754615635122167,-4.381406403248674,
2025-08-06T13:27:50.055834,-0.070312,0.015625,1.015625,-1,0.8792996795163592,-3.9598166591906674,
2025-08-06T13:27:50.557013,-0.074219,0.011719,1.015625,-1,0.6593319071763242,-4.179306677081632,
2025-08-06T13:27:51.060163,-0.074219,0.015625,1.011719,-1,0.8824354530316566,-4.195164247190032,
2025-08-06T13:27:51.557098,-0.074219,0.015625,1.007812,-1,0.885837445081153,-4.211365416252368,
2025-08-06T13:27:52.059430,-0.074219,0.011719,1.027344,-1,0.651850775264332,-4.13180524451181,
2025-08-06T13:27:52.558511,-0.074219,0.015625,1.011719,-1,0.8824354530316566,-4.195164247190032,
2025-08-06T13:27:53.063165,-0.066406,0.015625,1.015625,-1,0.8795262593266958,-3.740482129009342,
2025-08-06T13:27:53.562120,-0.070312,0.019531,1.015625,-1,1.0990620033875442,-3.959554007490287,
2025-08-06T13:27:54.067840,-0.070312,0.019531,1.011719,-1,1.1032838148222464,-3.974786307045472,
2025-08-06T13:27:54.560755,-0.074219,0.015625,1.011719,-1,0.8824354530316566,-4.195164247190032,
2025-08-06T13:27:55.066117,-0.074219,0.015625,1.011719,-1,0.8824354530316566,-4.195164247190032,
2025-08-06T13:27:55.564221,-0.074219,0.019531,1.015625,-1,1.0987627980003676,-4.178814021344229,
2025-08-06T13:27:56.067351,-0.070312,0.015625,1.023438,-1,0.8726197340321947,-3.929689254469079,
2025-08-06T13:27:56.566089,-0.066406,0.015625,1.019531,-1,0.876171428032863,-3.726195505459816,
2025-08-06T13:27:57.072095,-0.074219,0.015625,1.007812,-1,0.885837445081153,-4.211365416252368,
2025-08-06T13:27:57.854523,-0.078125,0.015625,1.015625,-1,0.8788082160947002,-4.398186932818698,
2025-08-06T13:27:58.073523,-0.078125,0.015625,1.027344,-1,0.868843082074078,-4.348221582757211,
2025-08-06T13:27:58.575687,-0.078125,0.015625,1.023438,-1,0.8721393804253038,-4.364748924369022,
2025-08-06T13:27:59.072573,-0.078125,0.015625,1.015625,-1,0.8788082160947002,-4.398186932818698,
2025-08-06T13:27:59.575573,-0.074219,0.019531,1.007812,-1,1.1072330153369714,-4.211081851662468,
2025-08-06T13:28:00.074628,-0.070312,0.015625,1.011719,-1,0.882677621000814,-3.975052001874419,
2025-08-06T13:28:00.660627,-0.070312,0.011719,1.019531,-1,0.6569969803031029,-3.944899451739895,
2025-08-06T13:28:01.070575,-0.078125,0.011719,1.011719,-1,0.6616723448247972,-4.41532562301725,
2025-08-06T13:28:01.569523,-0.070312,0.023438,1.011719,-1,1.3239137632710951,-3.974461553954323,
2025-08-06T13:28:02.068423,-0.070312,0.019531,0.992188,-1,1.1248887332315134,-4.052740960462453,
2025-08-06T13:28:02.571436,-0.066406,0.015625,1.015625,-1,0.8795262593266958,-3.740482129009342,
2025-08-06T13:28:03.070715,-0.070312,0.019531,1.007812,-1,1.1075391957439158,-3.990139988221692,
2025-08-06T13:28:03.570491,-0.074219,0.019531,1.015625,-1,1.0987627980003676,-4.178814021344229,
2025-08-06T13:28:04.070492,-0.078125,0.011719,1.015625,-1,0.6591428354176316,-4.398413707523402,
2025-08-06T13:28:04.571983,-0.078125,0.015625,1.003906,-1,0.8890038723818121,-4.449311456508369,
2025-08-06T13:28:05.070886,-0.078125,0.019531,1.011719,-1,1.1026624730935723,-4.414801336352567,
2025-08-06T13:28:05.572008,-0.070312,0.015625,1.007812,-1,0.8860824254812231,-3.990408774127534,
2025-08-06T13:28:06.073723,-0.070312,0.011719,1.007812,-1,0.6645991750243075,-3.990617870788554,
2025-08-06T13:28:06.574503,-0.070312,0.011719,1.007812,-1,0.6645991750243075,-3.990617870788554,
2025-08-06T13:28:07.074666,-0.070312,0.019531,1.019531,-1,1.0948722985581978,-3.94443780441863,
2025-08-06T13:28:07.583869,-0.074219,0.015625,1.019531,-1,0.8757107582865988,-4.163140449323331,
2025-08-06T13:28:08.076131,-0.074219,0.019531,1.015625,-1,1.0987627980003676,-4.178814021344229,
2025-08-06T13:28:08.576002,-0.074219,0.015625,1.023438,-1,0.8723857482373869,-4.147306815880882,
2025-08-06T13:28:09.081367,-0.070312,0.011719,1.015625,-1,0.659511478806085,-3.9600209833076647,
2025-08-06T13:28:09.586351,-0.070312,0.015625,1.011719,-1,0.882677621000814,-3.975052001874419,
2025-08-06T13:28:10.078239,-0.074219,0.011719,1.007812,-1,0.6644154165847265,-4.211586009682766,
2025-08-06T13:28:10.599372,-0.078125,0.015625,1.019531,-1,0.8754615635122167,-4.381406403248674,
2025-08-06T13:28:11.095370,-0.074219,0.015625,1.011719,-1,0.8824354530316566,-4.195164247190032,
2025-08-06T13:28:11.580369,-0.074219,0.019531,1.015625,-1,1.0987627980003676,-4.178814021344229,
2025-08-06T13:28:12.092366,-0.082031,0.015625,1.015625,-1,0.8785434598731011,-4.617153946649332,
2025-08-06T13:28:12.583152,-0.074219,0.019531,1.023438,-1,1.0904208355486065,-4.147035994474838,
2025-08-06T13:28:13.081203,-0.074219,0.015625,1.011719,-1,0.8824354530316566,-4.195164247190032,
2025-08-06T13:28:13.584930,-0.074219,0.011719,1.011719,-1,0.661863602311014,-4.195382304387747,
2025-08-06T13:28:14.080347,-0.074219,0.015625,1.015625,-1,0.8790602804446449,-4.179091116786744,
2025-08-06T13:28:14.579553,-0.070312,0.015625,1.015625,-1,0.8792996795163592,-3.9598166591906674,
2025-08-06T13:28:15.079922,-0.074219,0.019531,1.019531,-1,1.0945765010030104,-4.162866514422745,
2025-08-06T13:28:15.659368,-0.074219,0.015625,1.015625,-1,0.8790602804446449,-4.179091116786744,
2025-08-06T13:28:16.087647,-0.074219,0.015625,1.015625,-1,0.8790602804446449,-4.179091116786744,
2025-08-06T13:28:16.593686,-0.074219,0.015625,1.019531,-1,0.8757107582865988,-4.163140449323331,
2025-08-06T13:28:17.083708,-0.074219,0.019531,1.011719,-1,1.1029811491242274,-4.1948839424456885,
2025-08-06T13:28:17.585170,-0.074219,0.015625,1.015625,-1,0.8790602804446449,-4.179091116786744,
2025-08-06T13:28:18.090138,-0.070312,0.015625,1.015625,-1,0.8792996795163592,-3.9598166591906674,
2025-08-06T13:28:18.585725,-0.066406,0.019531,1.011719,-1,1.1035702752112522,-3.75462749123489,
2025-08-06T13:28:19.087788,-0.074219,0.011719,1.019531,-1,0.6568194542417054,-4.163353550657151,
2025-08-06T13:28:19.586767,-0.074219,0.019531,1.019531,-1,1.0945765010030104,-4.162866514422745,
2025-08-06T13:28:20.086639,-0.074219,0.015625,1.011719,-1,0.8824354530316566,-4.195164247190032,
2025-08-06T13:28:20.593753,-0.070312,0.015625,1.015625,-1,0.8792996795163592,-3.9598166591906674,
2025-08-06T13:28:21.092799,-0.074219,0.015625,1.015625,-1,0.8790602804446449,-4.179091116786744,
2025-08-06T13:28:21.591349,-0.078125,0.015625,1.007812,-1,0.8855795074738829,-4.432140136110196,
2025-08-06T13:28:22.089373,-0.078125,0.015625,1.019531,-1,0.8754615635122167,-4.381406403248674,
2025-08-06T13:28:22.591451,-0.070312,0.015625,1.007812,-1,0.8860824254812231,-3.990408774127534,
2025-08-06T13:28:23.088435,-0.074219,0.015625,1.019531,-1,0.8757107582865988,-4.163140449323331,
2025-08-06T13:28:23.591536,-0.070312,0.011719,1.015625,-1,0.659511478806085,-3.9600209833076647,
2025-08-06T13:28:24.090736,-0.078125,0.015625,1.019531,-1,0.8754615635122167,-4.381406403248674,
2025-08-06T13:28:24.592360,-0.070312,0.019531,1.015625,-1,1.0990620033875442,-3.959554007490287,
2025-08-06T13:28:25.099888,-0.074219,0.015625,1.019531,-1,0.8757107582865988,-4.163140449323331,
2025-08-06T13:28:25.592607,-0.074219,0.015625,1.011719,-1,0.8824354530316566,-4.195164247190032,
2025-08-06T13:28:26.093610,-0.078125,0.015625,1.007812,-1,0.8855795074738829,-4.432140136110196,
2025-08-06T13:28:26.593343,-0.074219,0.015625,1.011719,-1,0.8824354530316566,-4.195164247190032,
2025-08-06T13:28:27.104911,-0.074219,0.015625,1.015625,-1,0.8790602804446449,-4.179091116786744,
2025-08-06T13:28:27.592276,-0.070312,0.015625,1.015625,-1,0.8792996795163592,-3.9598166591906674,
2025-08-06T13:28:28.092977,-0.074219,0.019531,1.007812,-1,1.1072330153369714,-4.211081851662468,
2025-08-06T13:28:28.597583,-0.070312,0.015625,1.011719,-1,0.882677621000814,-3.975052001874419,
2025-08-06T13:28:29.096418,-0.070312,0.015625,1.019531,-1,0.8759474304583958,-3.9446974592464015,
2025-08-06T13:28:29.601100,-0.074219,0.015625,1.011719,-1,0.8824354530316566,-4.195164247190032,
2025-08-06T13:28:30.097156,-0.074219,0.019531,1.011719,-1,1.1029811491242274,-4.1948839424456885,
2025-08-06T13:28:30.750839,-0.074219,0.011719,1.011719,-1,0.661863602311014,-4.195382304387747,
2025-08-06T13:28:31.097839,-0.074219,0.019531,1.019531,-1,1.0945765010030104,-4.162866514422745,
2025-08-06T13:28:31.598934,-0.074219,0.015625,1.011719,-1,0.8824354530316566,-4.195164247190032,
2025-08-06T13:28:32.098933,-0.074219,0.015625,1.011719,-1,0.8824354530316566,-4.195164247190032,
2025-08-06T13:28:32.601897,-0.070312,0.023438,1.011719,-1,1.3239137632710951,-3.974461553954323,
2025-08-06T13:28:33.097897,-0.074219,0.015625,1.007812,-1,0.885837445081153,-4.211365416252368,
2025-08-06T13:28:35.890569,-0.070312,0.023438,1.019531,-1,1.3138212334336523,-3.9441204328156063,
2025-08-06T13:28:36.032573,-0.074219,0.019531,1.015625,-1,1.0987627980003676,-4.178814021344229,
2025-08-06T13:28:36.497831,-0.074219,0.019531,1.011719,-1,1.1029811491242274,-4.1948839424456885,
2025-08-06T13:28:37.008883,-0.070312,0.011719,1.015625,-1,0.659511478806085,-3.9600209833076647,
2025-08-06T13:28:37.497836,-0.070312,0.019531,1.011719,-1,1.1032838148222464,-3.974786307045472,
2025-08-06T13:28:37.997878,-0.074219,0.015625,1.015625,-1,0.8790602804446449,-4.179091116786744,
2025-08-06T13:28:38.497884,-0.070312,0.015625,1.011719,-1,0.882677621000814,-3.975052001874419,
2025-08-06T13:28:39.005378,-0.070312,0.015625,1.015625,-1,0.8792996795163592,-3.9598166591906674,
2025-08-06T13:28:39.501379,-0.070312,0.019531,1.023438,-1,1.090713275908077,-3.929432551882644,
2025-08-06T13:28:40.007835,-0.074219,0.015625,1.015625,-1,0.8790602804446449,-4.179091116786744,
2025-08-06T13:28:40.504100,-0.074219,0.011719,1.019531,-1,0.6568194542417054,-4.163353550657151,
2025-08-06T13:28:41.002797,-0.074219,0.015625,1.011719,-1,0.8824354530316566,-4.195164247190032,
2025-08-06T13:28:41.502942,-0.074219,0.011719,1.007812,-1,0.6644154165847265,-4.211586009682766,
2025-08-06T13:28:42.009634,-0.074219,0.019531,1.011719,-1,1.1029811491242274,-4.1948839424456885,
2025-08-06T13:28:42.506063,-0.078125,0.015625,1.011719,-1,0.8821804749424016,-4.415096222521653,
2025-08-06T13:28:43.005949,-0.074219,0.015625,1.011719,-1,0.8824354530316566,-4.195164247190032,
2025-08-06T13:28:43.508844,-0.074219,0.019531,1.011719,-1,1.1029811491242274,-4.1948839424456885,
2025-08-06T13:28:44.008205,-0.078125,0.011719,1.007812,-1,0.6642219390273632,-4.4323722037370175,
2025-08-06T13:28:44.510490,-0.070312,0.011719,1.015625,-1,0.659511478806085,-3.9600209833076647,
2025-08-06T13:28:45.023349,-0.070312,0.015625,1.015625,-1,0.8792996795163592,-3.9598166591906674,
2025-08-06T13:28:45.750126,-0.070312,0.015625,1.015625,-1,0.8792996795163592,-3.9598166591906674,
2025-08-06T13:28:46.009125,-0.074219,0.015625,1.011719,-1,0.8824354530316566,-4.195164247190032,
2025-08-06T13:28:46.515124,-0.078125,0.019531,1.015625,-1,1.0984477632909195,-4.397895421613334,
2025-08-06T13:28:47.010126,-0.070312,0.015625,1.011719,-1,0.882677621000814,-3.975052001874419,
2025-08-06T13:28:47.508160,-0.078125,0.019531,1.011719,-1,1.1026624730935723,-4.414801336352567,
2025-08-06T13:28:48.010090,-0.074219,0.015625,1.007812,-1,0.885837445081153,-4.211365416252368,
2025-08-06T13:28:48.512592,-0.070312,0.015625,1.011719,-1,0.882677621000814,-3.975052001874419,
2025-08-06T13:28:49.015735,-0.070312,0.011719,1.011719,-1,0.6620452510160703,-3.975258693608283,
2025-08-06T13:28:49.510407,-0.074219,0.015625,1.015625,-1,0.8790602804446449,-4.179091116786744,
2025-08-06T13:28:50.011358,-0.078125,0.015625,1.011719,-1,0.8821804749424016,-4.415096222521653,
2025-08-06T13:28:50.515406,-0.070312,0.019531,1.015625,-1,1.0990620033875442,-3.959554007490287,
2025-08-06T13:28:51.014171,-0.074219,0.019531,1.011719,-1,1.1029811491242274,-4.1948839424456885,
2025-08-06T13:28:51.514284,-0.070312,0.015625,1.007812,-1,0.8860824254812231,-3.990408774127534,
2025-08-06T13:28:52.016704,-0.074219,0.015625,1.015625,-1,0.8790602804446449,-4.179091116786744,
2025-08-06T13:28:52.515909,-0.0625,0.015625,1.015625,-1,0.8797400529857811,-3.521037759152545,
2025-08-06T13:28:53.018192,-0.074219,0.015625,1.015625,-1,0.8790602804446449,-4.179091116786744,
2025-08-06T13:28:53.519500,-0.074219,0.019531,1.015625,-1,1.0987627980003676,-4.178814021344229,
2025-08-06T13:28:54.017385,-0.070312,0.015625,1.015625,-1,0.8792996795163592,-3.9598166591906674,
2025-08-06T13:28:54.521964,-0.078125,0.011719,1.007812,-1,0.6642219390273632,-4.4323722037370175,
2025-08-06T13:28:55.029807,-0.074219,0.015625,1.015625,-1,0.8790602804446449,-4.179091116786744,
2025-08-06T13:28:55.521796,-0.074219,0.011719,1.019531,-1,0.6568194542417054,-4.163353550657151,
2025-08-06T13:28:56.022157,-0.070312,0.015625,1.019531,-1,0.8759474304583958,-3.9446974592464015,
2025-08-06T13:28:56.522343,-0.070312,0.015625,1.03125,-1,0.866041110907895,-3.9000198377975135,
2025-08-06T13:28:57.021038,-0.070312,0.015625,1.011719,-1,0.882677621000814,-3.975052001874419,
2025-08-06T13:28:57.522369,-0.070312,0.015625,1.011719,-1,0.882677621000814,-3.975052001874419,
2025-08-06T13:28:58.028440,-0.070312,0.019531,1.011719,-1,1.1032838148222464,-3.974786307045472,
2025-08-06T13:28:58.522688,-0.070312,0.015625,1.007812,-1,0.8860824254812231,-3.990408774127534,
2025-08-06T13:28:59.023919,-0.070312,0.015625,1.019531,-1,0.8759474304583958,-3.9446974592464015,
2025-08-06T13:28:59.524345,-0.074219,0.015625,1.011719,-1,0.8824354530316566,-4.195164247190032,
2025-08-06T13:29:00.029461,-0.078125,0.011719,1.019531,-1,0.6566325350784901,-4.381630592043893,
2025-08-06T13:29:00.767365,-0.074219,0.015625,1.015625,-1,0.8790602804446449,-4.179091116786744,
2025-08-06T13:29:01.027362,-0.078125,0.011719,1.011719,-1,0.6616723448247972,-4.41532562301725,
2025-08-06T13:29:01.526388,-0.074219,0.015625,1.015625,-1,0.8790602804446449,-4.179091116786744,
2025-08-06T13:29:02.028373,-0.074219,0.015625,1.011719,-1,0.8824354530316566,-4.195164247190032,
2025-08-06T13:29:02.530012,-0.074219,0.019531,1.015625,-1,1.0987627980003676,-4.178814021344229,
2025-08-06T13:29:03.033397,-0.070312,0.011719,1.011719,-1,0.6620452510160703,-3.975258693608283,
2025-08-06T13:29:03.531071,-0.070312,0.015625,1.015625,-1,0.8792996795163592,-3.9598166591906674,
2025-08-06T13:29:04.030666,-0.070312,0.015625,1.019531,-1,0.8759474304583958,-3.9446974592464015,
2025-08-06T13:29:04.531683,-0.074219,0.019531,1.015625,-1,1.0987627980003676,-4.178814021344229,
2025-08-06T13:29:05.032213,-0.074219,0.011719,1.015625,-1,0.6593319071763242,-4.179306677081632,
2025-08-06T13:29:05.536741,-0.066406,0.019531,1.015625,-1,1.0993451870049025,-3.740233940400369,
2025-08-06T13:29:06.034827,-0.066406,0.011719,1.007812,-1,0.6647730957793557,-3.769587369095426,
2025-08-06T13:29:06.536841,-0.074219,0.015625,1.011719,-1,0.8824354530316566,-4.195164247190032,
2025-08-06T13:29:07.036837,-0.074219,0.011719,1.011719,-1,0.661863602311014,-4.195382304387747,
2025-08-06T13:29:07.534878,-0.070312,0.015625,1.015625,-1,0.8792996795163592,-3.9598166591906674,
2025-08-06T13:29:08.034852,-0.070312,0.019531,1.015625,-1,1.0990620033875442,-3.959554007490287,
2025-08-06T13:29:08.536601,-0.070312,0.015625,1.011719,-1,0.882677621000814,-3.975052001874419,
2025-08-06T13:29:09.039302,-0.074219,0.015625,1.015625,-1,0.8790602804446449,-4.179091116786744,
2025-08-06T13:29:09.540371,-0.070312,0.011719,1.015625,-1,0.659511478806085,-3.9600209833076647,
2025-08-06T13:29:10.038731,-0.074219,0.015625,1.015625,-1,0.8790602804446449,-4.179091116786744,
2025-08-06T13:29:10.539796,-0.074219,0.019531,1.015625,-1,1.0987627980003676,-4.178814021344229,
2025-08-06T13:29:11.041925,-0.066406,0.015625,1.015625,-1,0.8795262593266958,-3.740482129009342,
2025-08-06T13:29:11.542264,-0.074219,0.015625,1.007812,-1,0.885837445081153,-4.211365416252368,
2025-08-06T13:29:12.040358,-0.078125,0.011719,1.015625,-1,0.6591428354176316,-4.398413707523402,
2025-08-06T13:29:12.542569,-0.074219,0.015625,1.023438,-1,0.8723857482373869,-4.147306815880882,
2025-08-06T13:29:13.049477,-0.074219,0.015625,1.011719,-1,0.8824354530316566,-4.195164247190032,
2025-08-06T13:29:13.543514,-0.078125,0.015625,1.015625,-1,0.8788082160947002,-4.398186932818698,
2025-08-06T13:29:14.044388,-0.070312,0.011719,1.015625,-1,0.659511478806085,-3.9600209833076647,
2025-08-06T13:29:14.548989,-0.078125,0.015625,1.015625,-1,0.8788082160947002,-4.398186932818698,
2025-08-06T13:29:15.043834,-0.074219,0.015625,1.015625,-1,0.8790602804446449,-4.179091116786744,
2025-08-06T13:29:15.694722,-0.078125,0.019531,1.011719,-1,1.1026624730935723,-4.414801336352567,
2025-08-06T13:29:16.051721,-0.078125,0.011719,1.011719,-1,0.6616723448247972,-4.41532562301725,
2025-08-06T13:29:16.550441,-0.070312,0.015625,1.015625,-1,0.8792996795163592,-3.9598166591906674,
2025-08-06T13:29:17.048789,-0.074219,0.015625,1.015625,-1,0.8790602804446449,-4.179091116786744,
2025-08-06T13:29:17.548698,-0.074219,0.015625,1.015625,-1,0.8790602804446449,-4.179091116786744,
2025-08-06T13:29:18.048060,-0.074219,0.015625,1.023438,-1,0.8723857482373869,-4.147306815880882,
2025-08-06T13:29:18.552743,-0.070312,0.015625,1.011719,-1,0.882677621000814,-3.975052001874419,
2025-08-06T13:29:19.049864,-0.078125,0.015625,1.015625,-1,0.8788082160947002,-4.398186932818698,
2025-08-06T13:29:19.553326,-0.074219,0.015625,1.019531,-1,0.8757107582865988,-4.163140449323331,
2025-08-06T13:29:20.057340,-0.074219,0.015625,1.007812,-1,0.885837445081153,-4.211365416252368,
2025-08-06T13:29:20.553745,-0.074219,0.019531,1.023438,-1,1.0904208355486065,-4.147035994474838,
2025-08-06T13:29:21.058388,-0.070312,0.015625,1.015625,-1,0.8792996795163592,-3.9598166591906674,
2025-08-06T13:29:21.556347,-0.082031,0.011719,1.011719,-1,0.6614714585716096,-4.635138633853219,
2025-08-06T13:29:22.055542,-0.070312,0.015625,1.015625,-1,0.8792996795163592,-3.9598166591906674,
2025-08-06T13:29:22.557360,-0.074219,0.019531,1.011719,-1,1.1029811491242274,-4.1948839424456885,
2025-08-06T13:29:23.057665,-0.074219,0.015625,1.011719,-1,0.8824354530316566,-4.195164247190032,
2025-08-06T13:29:23.560923,-0.078125,0.019531,1.015625,-1,1.0984477632909195,-4.397895421613334,
2025-08-06T13:29:24.058468,-0.070312,0.015625,1.011719,-1,0.882677621000814,-3.975052001874419,
2025-08-06T13:29:24.559566,-0.070312,0.019531,1.015625,-1,1.0990620033875442,-3.959554007490287,
2025-08-06T13:29:25.060756,-0.074219,0.011719,1.011719,-1,0.661863602311014,-4.195382304387747,
2025-08-06T13:29:25.561317,-0.074219,0.015625,1.019531,-1,0.8757107582865988,-4.163140449323331,
2025-08-06T13:29:26.062792,-0.074219,0.015625,1.007812,-1,0.885837445081153,-4.211365416252368,
2025-08-06T13:29:26.563416,-0.074219,0.015625,1.015625,-1,0.8790602804446449,-4.179091116786744,
2025-08-06T13:29:27.065449,-0.070312,0.019531,1.015625,-1,1.0990620033875442,-3.959554007490287,
2025-08-06T13:29:27.565625,-0.070312,0.015625,1.011719,-1,0.882677621000814,-3.975052001874419,
2025-08-06T13:29:28.063582,-0.078125,0.015625,1.011719,-1,0.8821804749424016,-4.415096222521653,
2025-08-06T13:29:28.579048,-0.078125,0.011719,1.007812,-1,0.6642219390273632,-4.4323722037370175,
2025-08-06T13:29:29.065033,-0.074219,0.019531,1.011719,-1,1.1029811491242274,-4.1948839424456885,
2025-08-06T13:29:29.567906,-0.074219,0.015625,1.011719,-1,0.8824354530316566,-4.195164247190032,
2025-08-06T13:29:30.070386,-0.074219,0.011719,1.011719,-1,0.661863602311014,-4.195382304387747,
2025-08-06T13:29:30.755973,-0.074219,0.015625,1.015625,-1,0.8790602804446449,-4.179091116786744,
2025-08-06T13:29:31.069990,-0.074219,0.015625,1.023438,-1,0.8723857482373869,-4.147306815880882,
2025-08-06T13:29:31.569601,-0.074219,0.019531,1.011719,-1,1.1029811491242274,-4.1948839424456885,
2025-08-06T13:29:32.078963,-0.074219,0.011719,1.011719,-1,0.661863602311014,-4.195382304387747,
2025-08-06T13:29:32.568506,-0.074219,0.015625,1.011719,-1,0.8824354530316566,-4.195164247190032,
2025-08-06T13:29:33.068596,-0.078125,0.019531,1.015625,-1,1.0984477632909195,-4.397895421613334,
2025-08-06T13:29:33.570142,-0.074219,0.015625,1.015625,-1,0.8790602804446449,-4.179091116786744,
2025-08-06T13:29:34.081858,-0.066406,0.019531,1.019531,-1,1.0951522551319368,-3.725950149660806,
2025-08-06T13:29:34.570889,-0.070312,0.015625,1.011719,-1,0.882677621000814,-3.975052001874419,
2025-08-06T13:29:35.070471,-0.078125,0.015625,1.015625,-1,0.8788082160947002,-4.398186932818698,
2025-08-06T13:29:35.573138,-0.070312,0.015625,1.011719,-1,0.882677621000814,-3.975052001874419,
2025-08-06T13:29:36.074017,-0.070312,0.015625,1.011719,-1,0.882677621000814,-3.975052001874419,
2025-08-06T13:29:36.574436,-0.074219,0.015625,1.015625,-1,0.8790602804446449,-4.179091116786744,
2025-08-06T13:29:37.072892,-0.074219,0.015625,1.023438,-1,0.8723857482373869,-4.147306815880882,
2025-08-06T13:29:37.576429,-0.070312,0.015625,1.023438,-1,0.8726197340321947,-3.929689254469079,
2025-08-06T13:29:38.077699,-0.074219,0.015625,1.015625,-1,0.8790602804446449,-4.179091116786744,
2025-08-06T13:29:38.578301,-0.070312,0.019531,1.007812,-1,1.1075391957439158,-3.990139988221692,
2025-08-06T13:29:39.095952,-0.070312,0.015625,1.015625,-1,0.8792996795163592,-3.9598166591906674,
2025-08-06T13:29:39.578312,-0.070312,0.019531,1.023438,-1,1.090713275908077,-3.929432551882644,
2025-08-06T13:29:40.116020,-0.078125,0.019531,1.007812,-1,1.106910640781439,-4.431841821849936,
2025-08-06T13:29:40.584837,-0.070312,0.011719,1.015625,-1,0.659511478806085,-3.9600209833076647,
2025-08-06T13:29:41.080598,-0.078125,0.015625,1.015625,-1,0.8788082160947002,-4.398186932818698,
2025-08-06T13:29:41.582576,-0.070312,0.011719,1.019531,-1,0.6569969803031029,-3.944899451739895,
2025-08-06T13:29:42.080616,-0.074219,0.015625,1.015625,-1,0.8790602804446449,-4.179091116786744,
2025-08-06T13:29:42.582344,-0.070312,0.011719,1.011719,-1,0.6620452510160703,-3.975258693608283,
2025-08-06T13:29:43.607120,-0.074219,0.019531,1.011719,-1,1.1029811491242274,-4.1948839424456885,
2025-08-06T13:29:43.729121,-0.074219,0.019531,1.019531,-1,1.0945765010030104,-4.162866514422745,
2025-08-06T13:29:44.205121,-0.070312,0.015625,1.019531,-1,0.8759474304583958,-3.9446974592464015,
2025-08-06T13:29:44.702120,-0.074219,0.011719,1.011719,-1,0.661863602311014,-4.195382304387747,
2025-08-06T13:29:45.203120,-0.066406,0.019531,1.015625,-1,1.0993451870049025,-3.740233940400369,
2025-08-06T13:29:45.819122,-0.074219,0.015625,1.011719,-1,0.8824354530316566,-4.195164247190032,
2025-08-06T13:29:46.222120,-0.074219,0.011719,1.011719,-1,0.661863602311014,-4.195382304387747,
2025-08-06T13:29:46.702820,-0.074219,0.015625,1.019531,-1,0.8757107582865988,-4.163140449323331,
2025-08-06T13:29:47.205177,-0.066406,0.015625,1.015625,-1,0.8795262593266958,-3.740482129009342,
2025-08-06T13:29:47.713684,-0.078125,0.015625,1.023438,-1,0.8721393804253038,-4.364748924369022,
2025-08-06T13:29:48.206343,-0.066406,0.011719,1.007812,-1,0.6647730957793557,-3.769587369095426,
2025-08-06T13:29:48.707282,-0.074219,0.015625,1.007812,-1,0.885837445081153,-4.211365416252368,
2025-08-06T13:29:49.207307,-0.074219,0.015625,1.015625,-1,0.8790602804446449,-4.179091116786744,
2025-08-06T13:29:49.709840,-0.074219,0.015625,1.011719,-1,0.8824354530316566,-4.195164247190032,
2025-08-06T13:29:50.207375,-0.070312,0.011719,1.011719,-1,0.6620452510160703,-3.975258693608283,
2025-08-06T13:29:50.712943,-0.074219,0.011719,1.003906,-1,0.6669862684536116,-4.227910934139552,
2025-08-06T13:29:51.206894,-0.074219,0.015625,1.015625,-1,0.8790602804446449,-4.179091116786744,
2025-08-06T13:29:51.712949,-0.074219,0.019531,1.015625,-1,1.0987627980003676,-4.178814021344229,
2025-08-06T13:29:52.213359,-0.078125,0.011719,1.007812,-1,0.6642219390273632,-4.4323722037370175,
2025-08-06T13:29:52.718276,-0.070312,0.011719,1.011719,-1,0.6620452510160703,-3.975258693608283,
2025-08-06T13:29:53.216822,-0.074219,0.015625,1.019531,-1,0.8757107582865988,-4.163140449323331,
2025-08-06T13:29:53.722733,-0.074219,0.015625,1.011719,-1,0.8824354530316566,-4.195164247190032,
2025-08-06T13:29:54.211826,-0.078125,0.011719,1.007812,-1,0.6642219390273632,-4.4323722037370175,
2025-08-06T13:29:54.712778,-0.074219,0.011719,1.019531,-1,0.6568194542417054,-4.163353550657151,
2025-08-06T13:29:55.216590,-0.074219,0.019531,1.019531,-1,1.0945765010030104,-4.162866514422745,
2025-08-06T13:29:55.717625,-0.074219,0.011719,1.019531,-1,0.6568194542417054,-4.163353550657151,
2025-08-06T13:29:56.213350,-0.078125,0.015625,1.007812,-1,0.8855795074738829,-4.432140136110196,
2025-08-06T13:29:56.741962,-0.074219,0.011719,1.011719,-1,0.661863602311014,-4.195382304387747,
2025-08-06T13:29:57.214821,-0.074219,0.015625,1.023438,-1,0.8723857482373869,-4.147306815880882,
2025-08-06T13:29:57.732723,-0.070312,0.019531,1.015625,-1,1.0990620033875442,-3.959554007490287,
2025-08-06T13:29:58.221723,-0.070312,0.015625,1.011719,-1,0.882677621000814,-3.975052001874419,
2025-08-06T13:29:58.715723,-0.066406,0.019531,1.007812,-1,1.10782898445145,-3.7691357978354745,
2025-08-06T13:29:59.216670,-0.074219,0.015625,1.007812,-1,0.885837445081153,-4.211365416252368,
2025-08-06T13:29:59.722345,-0.074219,0.011719,1.011719,-1,0.661863602311014,-4.195382304387747,
2025-08-06T13:30:00.216842,-0.070312,0.011719,1.011719,-1,0.6620452510160703,-3.975258693608283,
2025-08-06T13:30:00.903307,-0.074219,0.015625,1.015625,-1,0.8790602804446449,-4.179091116786744,
2025-08-06T13:30:01.220303,-0.066406,0.011719,1.015625,-1,0.6596814348035882,-3.7406752018940073,
2025-08-06T13:30:01.718255,-0.078125,0.015625,1.015625,-1,0.8788082160947002,-4.398186932818698,
2025-08-06T13:30:02.217352,-0.074219,0.015625,1.015625,-1,0.8790602804446449,-4.179091116786744,
2025-08-06T13:30:02.719690,-0.078125,0.015625,1.011719,-1,0.8821804749424016,-4.415096222521653,
2025-08-06T13:30:03.223927,-0.078125,0.015625,1.015625,-1,0.8788082160947002,-4.398186932818698,
2025-08-06T13:30:03.724001,-0.074219,0.019531,1.007812,-1,1.1072330153369714,-4.211081851662468,
2025-08-06T13:30:04.227411,-0.070312,0.015625,1.011719,-1,0.882677621000814,-3.975052001874419,
2025-08-06T13:30:04.722413,-0.074219,0.015625,1.015625,-1,0.8790602804446449,-4.179091116786744,
2025-08-06T13:30:05.225854,-0.070312,0.019531,1.019531,-1,1.0948722985581978,-3.94443780441863,
2025-08-06T13:30:05.728545,-0.074219,0.015625,1.019531,-1,0.8757107582865988,-4.163140449323331,
2025-08-06T13:30:06.226333,-0.074219,0.015625,1.011719,-1,0.8824354530316566,-4.195164247190032,
2025-08-06T13:30:06.724833,-0.074219,0.015625,1.015625,-1,0.8790602804446449,-4.179091116786744,
2025-08-06T13:30:07.227866,-0.074219,0.019531,1.011719,-1,1.1029811491242274,-4.1948839424456885,
2025-08-06T13:30:07.726739,-0.070312,0.011719,1.007812,-1,0.6645991750243075,-3.990617870788554,
2025-08-06T13:30:08.224974,-0.074219,0.019531,1.015625,-1,1.0987627980003676,-4.178814021344229,
2025-08-06T13:30:08.732380,-0.074219,0.015625,1.011719,-1,0.8824354530316566,-4.195164247190032,
2025-08-06T13:30:09.228399,-0.070312,0.015625,1.011719,-1,0.882677621000814,-3.975052001874419,
2025-08-06T13:30:09.729875,-0.074219,0.011719,1.019531,-1,0.6568194542417054,-4.163353550657151,
2025-08-06T13:30:10.231419,-0.074219,0.015625,1.015625,-1,0.8790602804446449,-4.179091116786744,
2025-08-06T13:30:10.729375,-0.070312,0.015625,1.007812,-1,0.8860824254812231,-3.990408774127534,
2025-08-06T13:30:11.228797,-0.074219,0.015625,1.015625,-1,0.8790602804446449,-4.179091116786744,
2025-08-06T13:30:11.730295,-0.074219,0.015625,1.023438,-1,0.8723857482373869,-4.147306815880882,
2025-08-06T13:30:12.255991,-0.074219,0.011719,1.023438,-1,0.6543253896095329,-4.147517494862795,
2025-08-06T13:30:12.737697,-0.066406,0.007812,1.011719,-1,0.4414513659207105,-3.75521342640752,
2025-08-06T13:30:13.238562,-0.074219,0.015625,1.011719,-1,0.8824354530316566,-4.195164247190032,
2025-08-06T13:30:13.740128,-0.070312,0.015625,1.015625,-1,0.8792996795163592,-3.9598166591906674,
2025-08-06T13:30:14.253663,-0.074219,0.015625,1.011719,-1,0.8824354530316566,-4.195164247190032,
2025-08-06T13:30:14.740819,-0.078125,0.011719,1.011719,-1,0.6616723448247972,-4.41532562301725,
2025-08-06T13:30:15.240448,-0.074219,0.019531,1.019531,-1,1.0945765010030104,-4.162866514422745,
2025-08-06T13:30:16.330396,-0.074219,0.011719,1.011719,-1,0.661863602311014,-4.195382304387747,
2025-08-06T13:30:16.449395,-0.074219,0.019531,1.015625,-1,1.0987627980003676,-4.178814021344229,
2025-08-06T13:30:16.923519,-0.074219,0.015625,1.019531,-1,0.8757107582865988,-4.163140449323331,
2025-08-06T13:30:17.423098,-0.074219,0.015625,1.011719,-1,0.8824354530316566,-4.195164247190032,
2025-08-06T13:30:17.925941,-0.074219,0.019531,1.015625,-1,1.0987627980003676,-4.178814021344229,
2025-08-06T13:30:18.425953,-0.074219,0.015625,1.015625,-1,0.8790602804446449,-4.179091116786744,
2025-08-06T13:30:18.924208,-0.074219,0.015625,1.015625,-1,0.8790602804446449,-4.179091116786744,
2025-08-06T13:30:19.426344,-0.066406,0.015625,1.011719,-1,0.8829068228431354,-3.754878556396407,
2025-08-06T13:30:19.927248,-0.074219,0.019531,1.011719,-1,1.1029811491242274,-4.1948839424456885,
2025-08-06T13:30:20.427333,-0.070312,0.011719,1.015625,-1,0.659511478806085,-3.9600209833076647,
2025-08-06T13:30:20.926542,-0.074219,0.011719,1.011719,-1,0.661863602311014,-4.195382304387747,
2025-08-06T13:30:21.428753,-0.074219,0.015625,1.007812,-1,0.885837445081153,-4.211365416252368,
2025-08-06T13:30:21.931808,-0.070312,0.019531,1.019531,-1,1.0948722985581978,-3.94443780441863,
2025-08-06T13:30:22.430253,-0.070312,0.015625,1.015625,-1,0.8792996795163592,-3.9598166591906674,
2025-08-06T13:30:22.937360,-0.074219,0.019531,1.015625,-1,1.0987627980003676,-4.178814021344229,
2025-08-06T13:30:23.429235,-0.078125,0.011719,1.019531,-1,0.6566325350784901,-4.381630592043893,
2025-08-06T13:30:23.930277,-0.066406,0.019531,1.023438,-1,1.0909900534200418,-3.711771254967755,
2025-08-06T13:30:24.442827,-0.066406,0.019531,1.011719,-1,1.1035702752112522,-3.75462749123489,
2025-08-06T13:30:24.940923,-0.066406,0.011719,1.011719,-1,0.6622171739186216,-3.75507386729858,
2025-08-06T13:30:25.433396,-0.078125,0.015625,1.019531,-1,0.8754615635122167,-4.381406403248674,
2025-08-06T13:30:25.934516,-0.070312,0.019531,1.019531,-1,1.0948722985581978,-3.94443780441863,
2025-08-06T13:30:26.433349,-0.070312,0.019531,1.023438,-1,1.090713275908077,-3.929432551882644,
2025-08-06T13:30:26.934932,-0.070312,0.015625,1.015625,-1,0.8792996795163592,-3.9598166591906674,
2025-08-06T13:30:27.439864,-0.066406,0.011719,1.019531,-1,0.6571649992509749,-3.726386374364592,
2025-08-06T13:30:27.934733,-0.074219,0.015625,1.015625,-1,0.8790602804446449,-4.179091116786744,
2025-08-06T13:30:28.439732,-0.074219,0.015625,1.015625,-1,0.8790602804446449,-4.179091116786744,
2025-08-06T13:30:28.935348,-0.074219,0.015625,1.011719,-1,0.8824354530316566,-4.195164247190032,
2025-08-06T13:30:29.437822,-0.074219,0.011719,1.019531,-1,0.6568194542417054,-4.163353550657151,
2025-08-06T13:30:29.937089,-0.074219,0.015625,1.007812,-1,0.885837445081153,-4.211365416252368,
2025-08-06T13:30:30.438630,-0.078125,0.023438,1.007812,-1,1.3282653906120647,-4.4314771992945285,
2025-08-06T13:30:30.944631,-0.074219,0.015625,1.015625,-1,0.8790602804446449,-4.179091116786744,
2025-08-06T13:30:31.437830,-0.070312,0.015625,1.015625,-1,0.8792996795163592,-3.9598166591906674,
2025-08-06T13:30:31.961838,-0.078125,0.015625,1.011719,-1,0.8821804749424016,-4.415096222521653,
2025-08-06T13:30:32.438436,-0.078125,0.011719,1.003906,-1,0.6667905369640063,-4.449546232030554,
2025-08-06T13:30:33.068484,-0.074219,0.019531,1.015625,-1,1.0987627980003676,-4.178814021344229,
2025-08-06T13:30:33.441619,-0.074219,0.015625,1.019531,-1,0.8757107582865988,-4.163140449323331,
2025-08-06T13:30:33.941155,-0.066406,0.015625,1.015625,-1,0.8795262593266958,-3.740482129009342,
2025-08-06T13:30:34.443891,-0.0625,0.011719,1.015625,-1,0.6598418000029899,-3.52121956384372,
2025-08-06T13:30:34.945660,-0.070312,0.011719,1.011719,-1,0.6620452510160703,-3.975258693608283,
2025-08-06T13:30:35.446429,-0.074219,0.015625,1.007812,-1,0.885837445081153,-4.211365416252368,
2025-08-06T13:30:35.946455,-0.074219,0.015625,1.015625,-1,0.8790602804446449,-4.179091116786744,
2025-08-06T13:30:36.563593,-0.078125,0.023438,1.011719,-1,1.3231682493190118,-4.41444090325224,
2025-08-06T13:30:36.948636,-0.070312,0.019531,1.007812,-1,1.1075391957439158,-3.990139988221692,
2025-08-06T13:30:37.451959,-0.078125,0.011719,1.015625,-1,0.6591428354176316,-4.398413707523402,
2025-08-06T13:30:37.949543,-0.078125,0.015625,1.023438,-1,0.8721393804253038,-4.364748924369022,
2025-08-06T13:30:38.448714,-0.078125,0.015625,1.007812,-1,0.8855795074738829,-4.432140136110196,
2025-08-06T13:30:38.952257,-0.074219,0.011719,1.019531,-1,0.6568194542417054,-4.163353550657151,
2025-08-06T13:30:39.449137,-0.074219,0.023438,1.023438,-1,1.3084801502418777,-4.146704973579097,
2025-08-06T13:30:39.952370,-0.078125,0.015625,1.011719,-1,0.8821804749424016,-4.415096222521653,
2025-08-06T13:30:40.450648,-0.074219,0.015625,1.011719,-1,0.8824354530316566,-4.195164247190032,
2025-08-06T13:30:40.952087,-0.070312,0.011719,1.015625,-1,0.659511478806085,-3.9600209833076647,
2025-08-06T13:30:41.450989,-0.074219,0.011719,1.015625,-1,0.6593319071763242,-4.179306677081632,
2025-08-06T13:30:41.953473,-0.078125,0.011719,1.015625,-1,0.6591428354176316,-4.398413707523402,
2025-08-06T13:30:42.455610,-0.074219,0.015625,1.011719,-1,0.8824354530316566,-4.195164247190032,
2025-08-06T13:30:42.954916,-0.070312,0.015625,1.019531,-1,0.8759474304583958,-3.9446974592464015,
2025-08-06T13:30:43.455428,-0.074219,0.011719,1.015625,-1,0.6593319071763242,-4.179306677081632,
2025-08-06T13:30:43.953755,-0.074219,0.011719,1.019531,-1,0.6568194542417054,-4.163353550657151,
2025-08-06T13:30:44.455206,-0.070312,0.015625,1.019531,-1,0.8759474304583958,-3.9446974592464015,
2025-08-06T13:30:44.957132,-0.070312,0.015625,1.019531,-1,0.8759474304583958,-3.9446974592464015,
2025-08-06T13:30:45.456730,-0.074219,0.015625,1.015625,-1,0.8790602804446449,-4.179091116786744,
2025-08-06T13:30:45.966730,-0.070312,0.015625,1.011719,-1,0.882677621000814,-3.975052001874419,
2025-08-06T13:30:46.457820,-0.070312,0.015625,1.011719,-1,0.882677621000814,-3.975052001874419,
2025-08-06T13:30:46.956351,-0.078125,0.019531,1.019531,-1,1.0942650524290611,-4.381118215754438,
2025-08-06T13:30:47.456826,-0.078125,0.019531,1.011719,-1,1.1026624730935723,-4.414801336352567,
2025-08-06T13:30:47.956972,-0.078125,0.015625,1.011719,-1,0.8821804749424016,-4.415096222521653,
2025-08-06T13:30:48.485411,-0.074219,0.015625,1.015625,-1,0.8790602804446449,-4.179091116786744,
2025-08-06T13:30:48.994025,-0.074219,0.015625,1.015625,-1,0.8790602804446449,-4.179091116786744,
2025-08-06T13:30:49.484905,-0.066406,0.019531,1.023438,-1,1.0909900534200418,-3.711771254967755,
2025-08-06T13:30:49.989388,-0.070312,0.011719,1.011719,-1,0.6620452510160703,-3.975258693608283,
2025-08-06T13:30:50.518861,-0.074219,0.019531,1.015625,-1,1.0987627980003676,-4.178814021344229,
2025-08-06T13:30:50.993996,-0.070312,0.011719,1.011719,-1,0.6620452510160703,-3.975258693608283,
2025-08-06T13:30:51.494350,-0.074219,0.027344,1.007812,-1,1.5499750226945557,-4.210325857259651,
2025-08-06T13:30:51.986079,-0.070312,0.015625,1.015625,-1,0.8792996795163592,-3.9598166591906674,
2025-08-06T13:30:52.484083,-0.074219,0.011719,1.011719,-1,0.661863602311014,-4.195382304387747,
2025-08-06T13:30:52.987148,-0.074219,0.011719,1.015625,-1,0.6593319071763242,-4.179306677081632,
2025-08-06T13:30:53.488143,-0.074219,0.015625,1.007812,-1,0.885837445081153,-4.211365416252368,
2025-08-06T13:30:53.985462,-0.070312,0.019531,1.011719,-1,1.1032838148222464,-3.974786307045472,
2025-08-06T13:30:54.483114,-0.082031,0.015625,1.019531,-1,0.8751998195990149,-4.599545017888066,
2025-08-06T13:30:54.987264,-0.070312,0.011719,1.011719,-1,0.6620452510160703,-3.975258693608283,
2025-08-06T13:30:55.487433,-0.066406,0.015625,1.023438,-1,0.8728411877694549,-3.712013820162865,
2025-08-06T13:30:55.994434,-0.074219,0.015625,1.007812,-1,0.885837445081153,-4.211365416252368,
2025-08-06T13:30:56.485866,-0.070312,0.015625,1.007812,-1,0.8860824254812231,-3.990408774127534,
2025-08-06T13:30:56.986906,-0.078125,0.015625,1.015625,-1,0.8788082160947002,-4.398186932818698,
2025-08-06T13:30:57.490495,-0.074219,0.019531,1.019531,-1,1.0945765010030104,-4.162866514422745,
2025-08-06T13:30:57.991506,-0.074219,0.019531,1.019531,-1,1.0945765010030104,-4.162866514422745,
2025-08-06T13:30:58.489753,-0.074219,0.015625,1.019531,-1,0.8757107582865988,-4.163140449323331,
2025-08-06T13:30:59.000663,-0.078125,0.015625,1.015625,-1,0.8788082160947002,-4.398186932818698,
2025-08-06T13:30:59.489695,-0.070312,0.019531,1.011719,-1,1.1032838148222464,-3.974786307045472,
2025-08-06T13:31:00.003183,-0.070312,0.015625,1.011719,-1,0.882677621000814,-3.975052001874419,
2025-08-06T13:31:00.491954,-0.074219,0.019531,1.011719,-1,1.1029811491242274,-4.1948839424456885,
2025-08-06T13:31:00.991954,-0.074219,0.019531,1.019531,-1,1.0945765010030104,-4.162866514422745,
2025-08-06T13:31:01.530836,-0.074219,0.015625,1.027344,-1,0.8690866661704141,-4.131596950733885,
2025-08-06T13:31:01.992585,-0.074219,0.015625,1.011719,-1,0.8824354530316566,-4.195164247190032,
2025-08-06T13:31:02.488820,-0.070312,0.011719,1.011719,-1,0.6620452510160703,-3.975258693608283,
2025-08-06T13:31:02.993205,-0.078125,0.015625,1.015625,-1,0.8788082160947002,-4.398186932818698,
2025-08-06T13:31:03.494640,-0.078125,0.019531,1.019531,-1,1.0942650524290611,-4.381118215754438,
2025-08-06T13:31:03.990558,-0.074219,0.019531,1.023438,-1,1.0904208355486065,-4.147035994474838,
2025-08-06T13:31:04.491564,-0.078125,0.015625,1.007812,-1,0.8855795074738829,-4.432140136110196,
2025-08-06T13:31:04.995162,-0.074219,0.015625,1.027344,-1,0.8690866661704141,-4.131596950733885,
2025-08-06T13:31:05.496890,-0.074219,0.015625,1.011719,-1,0.8824354530316566,-4.195164247190032,
2025-08-06T13:31:05.994602,-0.074219,0.019531,1.007812,-1,1.1072330153369714,-4.211081851662468,
2025-08-06T13:31:06.493856,-0.070312,0.011719,1.019531,-1,0.6569969803031029,-3.944899451739895,
2025-08-06T13:31:07.002861,-0.078125,0.011719,1.019531,-1,0.6566325350784901,-4.381630592043893,
2025-08-06T13:31:07.494835,-0.074219,0.019531,1.003906,-1,1.111516594346942,-4.227400891418085,
2025-08-06T13:31:07.995879,-0.078125,0.015625,1.027344,-1,0.868843082074078,-4.348221582757211,
2025-08-06T13:31:08.495063,-0.074219,0.007812,1.011719,-1,0.4412156541442312,-4.195538116812858,
2025-08-06T13:31:08.997931,-0.070312,0.015625,1.011719,-1,0.882677621000814,-3.975052001874419,
2025-08-06T13:31:09.495365,-0.070312,0.015625,1.015625,-1,0.8792996795163592,-3.9598166591906674,
2025-08-06T13:31:09.993208,-0.074219,0.011719,1.011719,-1,0.661863602311014,-4.195382304387747,
2025-08-06T13:31:10.493059,-0.070312,0.015625,1.011719,-1,0.882677621000814,-3.975052001874419,
2025-08-06T13:31:10.996762,-0.070312,0.011719,1.007812,-1,0.6645991750243075,-3.990617870788554,
2025-08-06T13:31:11.493887,-0.074219,0.015625,1.003906,-1,0.8892648146423924,-4.227687765693737,
2025-08-06T13:31:11.993812,-0.074219,0.011719,1.011719,-1,0.661863602311014,-4.195382304387747,
2025-08-06T13:31:12.493104,-0.070312,0.015625,1.019531,-1,0.8759474304583958,-3.9446974592464015,
2025-08-06T13:31:13.008396,-0.070312,0.015625,1.011719,-1,0.882677621000814,-3.975052001874419,
2025-08-06T13:31:13.495211,-0.074219,0.015625,1.011719,-1,0.8824354530316566,-4.195164247190032,
2025-08-06T13:31:13.994223,-0.074219,0.015625,1.011719,-1,0.8824354530316566,-4.195164247190032,
2025-08-06T13:31:14.496834,-0.078125,0.015625,1.015625,-1,0.8788082160947002,-4.398186932818698,
2025-08-06T13:31:14.996833,-0.078125,0.019531,1.015625,-1,1.0984477632909195,-4.397895421613334,
2025-08-06T13:31:15.498352,-0.074219,0.015625,1.015625,-1,0.8790602804446449,-4.179091116786744,
2025-08-06T13:31:16.011352,-0.070312,0.019531,1.011719,-1,1.1032838148222464,-3.974786307045472,
2025-08-06T13:31:16.497853,-0.070312,0.015625,1.011719,-1,0.882677621000814,-3.975052001874419,
2025-08-06T13:31:17.001397,-0.078125,0.011719,1.015625,-1,0.6591428354176316,-4.398413707523402,
2025-08-06T13:31:17.498370,-0.0625,0.019531,1.019531,-1,1.095416411916318,-3.5073539268563843,
2025-08-06T13:31:17.999217,-0.074219,0.015625,1.011719,-1,0.8824354530316566,-4.195164247190032,
2025-08-06T13:31:19.365304,-0.074219,0.015625,1.019531,-1,0.8757107582865988,-4.163140449323331,
2025-08-06T13:31:19.484305,-0.074219,0.015625,1.015625,-1,0.8790602804446449,-4.179091116786744,
2025-08-06T13:31:19.960856,-0.074219,0.015625,1.015625,-1,0.8790602804446449,-4.179091116786744,
2025-08-06T13:31:20.465393,-0.074219,0.015625,1.019531,-1,0.8757107582865988,-4.163140449323331,
2025-08-06T13:31:20.958616,-0.070312,0.015625,1.007812,-1,0.8860824254812231,-3.990408774127534,
2025-08-06T13:31:21.460766,-0.074219,0.011719,1.007812,-1,0.6644154165847265,-4.211586009682766,
2025-08-06T13:31:21.959190,-0.074219,0.015625,1.007812,-1,0.885837445081153,-4.211365416252368,
2025-08-06T13:31:22.466357,-0.078125,0.019531,1.011719,-1,1.1026624730935723,-4.414801336352567,
2025-08-06T13:31:22.962572,-0.074219,0.011719,1.011719,-1,0.661863602311014,-4.195382304387747,
2025-08-06T13:31:23.460378,-0.070312,0.015625,1.007812,-1,0.8860824254812231,-3.990408774127534,
2025-08-06T13:31:23.959466,-0.066406,0.015625,1.007812,-1,0.8863142906072571,-3.769389784892654,
2025-08-06T13:31:24.474837,-0.074219,0.011719,1.019531,-1,0.6568194542417054,-4.163353550657151,
2025-08-06T13:31:24.961304,-0.078125,0.015625,1.011719,-1,0.8821804749424016,-4.415096222521653,
2025-08-06T13:31:25.460356,-0.078125,0.015625,1.007812,-1,0.8855795074738829,-4.432140136110196,
2025-08-06T13:31:25.961389,-0.074219,0.011719,1.011719,-1,0.661863602311014,-4.195382304387747,
2025-08-06T13:31:26.462639,-0.074219,0.015625,1.015625,-1,0.8790602804446449,-4.179091116786744,
2025-08-06T13:31:26.971031,-0.074219,0.015625,1.015625,-1,0.8790602804446449,-4.179091116786744,
2025-08-06T13:31:27.468030,-0.074219,0.015625,1.011719,-1,0.8824354530316566,-4.195164247190032,
2025-08-06T13:31:27.966865,-0.074219,0.011719,1.007812,-1,0.6644154165847265,-4.211586009682766,
2025-08-06T13:31:28.466848,-0.074219,0.015625,1.007812,-1,0.885837445081153,-4.211365416252368,
2025-08-06T13:31:28.963779,-0.078125,0.015625,1.023438,-1,0.8721393804253038,-4.364748924369022,
2025-08-06T13:31:29.464801,-0.074219,0.015625,1.015625,-1,0.8790602804446449,-4.179091116786744,
2025-08-06T13:31:29.968368,-0.074219,0.015625,1.011719,-1,0.8824354530316566,-4.195164247190032,
2025-08-06T13:31:30.467350,-0.0625,0.019531,1.015625,-1,1.0996123902373598,-3.520804055435415,
2025-08-06T13:31:30.972348,-0.078125,0.015625,1.011719,-1,0.8821804749424016,-4.415096222521653,
2025-08-06T13:31:31.466349,-0.074219,0.019531,1.015625,-1,1.0987627980003676,-4.178814021344229,
2025-08-06T13:31:31.969668,-0.078125,0.019531,1.019531,-1,1.0942650524290611,-4.381118215754438,
2025-08-06T13:31:32.472846,-0.070312,0.011719,1.011719,-1,0.6620452510160703,-3.975258693608283,
2025-08-06T13:31:32.968934,-0.078125,0.015625,1.015625,-1,0.8788082160947002,-4.398186932818698,
2025-08-06T13:31:33.468882,-0.074219,0.019531,1.015625,-1,1.0987627980003676,-4.178814021344229,
2025-08-06T13:31:33.970442,-0.070312,0.015625,1.015625,-1,0.8792996795163592,-3.9598166591906674,
2025-08-06T13:31:34.479597,-0.070312,0.019531,1.015625,-1,1.0990620033875442,-3.959554007490287,
2025-08-06T13:31:34.975229,-0.074219,0.019531,1.015625,-1,1.0987627980003676,-4.178814021344229,
2025-08-06T13:31:35.472875,-0.074219,0.015625,1.011719,-1,0.8824354530316566,-4.195164247190032,
2025-08-06T13:31:35.972684,-0.074219,0.019531,1.003906,-1,1.111516594346942,-4.227400891418085,
2025-08-06T13:31:36.473870,-0.078125,0.015625,1.015625,-1,0.8788082160947002,-4.398186932818698,
2025-08-06T13:31:36.974700,-0.070312,0.011719,1.015625,-1,0.659511478806085,-3.9600209833076647,
2025-08-06T13:31:37.473911,-0.070312,0.015625,1.007812,-1,0.8860824254812231,-3.990408774127534,
2025-08-06T13:31:37.976416,-0.074219,0.015625,1.015625,-1,0.8790602804446449,-4.179091116786744,
2025-08-06T13:31:38.483101,-0.070312,0.015625,1.011719,-1,0.882677621000814,-3.975052001874419,
2025-08-06T13:31:38.978531,-0.070312,0.015625,1.015625,-1,0.8792996795163592,-3.9598166591906674,
2025-08-06T13:31:39.480014,-0.070312,0.015625,1.015625,-1,0.8792996795163592,-3.9598166591906674,
2025-08-06T13:31:39.978061,-0.070312,0.015625,1.011719,-1,0.882677621000814,-3.975052001874419,
2025-08-06T13:31:40.478859,-0.074219,0.007812,1.007812,-1,0.4429168451083676,-4.2117436345319925,
2025-08-06T13:31:40.982938,-0.078125,0.015625,1.015625,-1,0.8788082160947002,-4.398186932818698,
2025-08-06T13:31:41.481810,-0.074219,0.011719,1.007812,-1,0.6644154165847265,-4.211586009682766,
2025-08-06T13:31:41.983968,-0.074219,0.015625,1.019531,-1,0.8757107582865988,-4.163140449323331,
2025-08-06T13:31:42.482906,-0.070312,0.015625,1.015625,-1,0.8792996795163592,-3.9598166591906674,
2025-08-06T13:31:42.982751,-0.078125,0.015625,1.015625,-1,0.8788082160947002,-4.398186932818698,
2025-08-06T13:31:43.484031,-0.078125,0.015625,1.011719,-1,0.8821804749424016,-4.415096222521653,
2025-08-06T13:31:43.985930,-0.074219,0.011719,1.019531,-1,0.6568194542417054,-4.163353550657151,
2025-08-06T13:31:44.484719,-0.070312,0.023438,1.015625,-1,1.318848239976308,-3.9592329734027016,
2025-08-06T13:31:44.986054,-0.070312,0.011719,1.011719,-1,0.6620452510160703,-3.975258693608283,
2025-08-06T13:31:45.485861,-0.074219,0.019531,1.019531,-1,1.0945765010030104,-4.162866514422745,
2025-08-06T13:31:45.988460,-0.070312,0.011719,1.007812,-1,0.6645991750243075,-3.990617870788554,
2025-08-06T13:31:46.484460,-0.074219,0.015625,1.023438,-1,0.8723857482373869,-4.147306815880882,
2025-08-06T13:31:46.984875,-0.074219,0.011719,1.011719,-1,0.661863602311014,-4.195382304387747,
2025-08-06T13:31:47.485843,-0.074219,0.015625,1.023438,-1,0.8723857482373869,-4.147306815880882,
2025-08-06T13:31:47.987278,-0.074219,0.011719,1.015625,-1,0.6593319071763242,-4.179306677081632,
2025-08-06T13:31:48.488117,-0.074219,0.015625,1.015625,-1,0.8790602804446449,-4.179091116786744,
2025-08-06T13:31:48.989085,-0.070312,0.011719,1.019531,-1,0.6569969803031029,-3.944899451739895,
2025-08-06T13:31:49.488417,-0.074219,0.015625,1.015625,-1,0.8790602804446449,-4.179091116786744,
2025-08-06T13:31:49.988850,-0.074219,0.015625,1.007812,-1,0.885837445081153,-4.211365416252368,
2025-08-06T13:31:50.498205,-0.070312,0.015625,1.015625,-1,0.8792996795163592,-3.9598166591906674,
2025-08-06T13:31:50.989758,-0.074219,0.015625,1.023438,-1,0.8723857482373869,-4.147306815880882,
2025-08-06T13:31:51.494119,-0.070312,0.023438,1.015625,-1,1.318848239976308,-3.9592329734027016,
2025-08-06T13:31:51.990536,-0.074219,0.015625,1.011719,-1,0.8824354530316566,-4.195164247190032,
2025-08-06T13:31:52.489625,-0.070312,0.019531,1.015625,-1,1.0990620033875442,-3.959554007490287,
2025-08-06T13:31:52.990941,-0.074219,0.015625,1.011719,-1,0.8824354530316566,-4.195164247190032,
2025-08-06T13:31:53.491635,-0.074219,0.019531,1.015625,-1,1.0987627980003676,-4.178814021344229,
2025-08-06T13:31:53.992822,-0.074219,0.015625,1.019531,-1,0.8757107582865988,-4.163140449323331,
2025-08-06T13:31:54.490975,-0.066406,0.019531,1.011719,-1,1.1035702752112522,-3.75462749123489,
2025-08-06T13:31:54.991547,-0.074219,0.015625,1.015625,-1,0.8790602804446449,-4.179091116786744,
2025-08-06T13:31:55.492860,-0.078125,0.015625,1.007812,-1,0.8855795074738829,-4.432140136110196,
2025-08-06T13:31:55.994088,-0.074219,0.015625,1.015625,-1,0.8790602804446449,-4.179091116786744,
2025-08-06T13:31:56.493956,-0.066406,0.015625,1.015625,-1,0.8795262593266958,-3.740482129009342,
2025-08-06T13:31:56.994341,-0.074219,0.015625,1.015625,-1,0.8790602804446449,-4.179091116786744,
2025-08-06T13:31:57.509929,-0.074219,0.015625,1.011719,-1,0.8824354530316566,-4.195164247190032,
2025-08-06T13:31:58.027932,-0.066406,0.015625,1.019531,-1,0.876171428032863,-3.726195505459816,
2025-08-06T13:31:58.526342,-0.078125,0.011719,1.019531,-1,0.6566325350784901,-4.381630592043893,
2025-08-06T13:31:59.024506,-0.078125,0.015625,1.007812,-1,0.8855795074738829,-4.432140136110196,
2025-08-06T13:31:59.542508,-0.074219,0.019531,1.011719,-1,1.1029811491242274,-4.1948839424456885,
2025-08-06T13:32:00.030687,-0.078125,0.015625,1.015625,-1,0.8788082160947002,-4.398186932818698,
2025-08-06T13:32:00.534288,-0.070312,0.011719,1.015625,-1,0.659511478806085,-3.9600209833076647,
2025-08-06T13:32:01.072290,-0.078125,0.015625,1.019531,-1,0.8754615635122167,-4.381406403248674,
2025-08-06T13:32:01.529402,-0.070312,0.019531,1.015625,-1,1.0990620033875442,-3.959554007490287,
2025-08-06T13:32:02.094521,-0.074219,0.011719,1.015625,-1,0.6593319071763242,-4.179306677081632,
2025-08-06T13:32:02.552060,-0.074219,0.015625,1.011719,-1,0.8824354530316566,-4.195164247190032,
2025-08-06T13:32:03.100555,-0.066406,0.015625,1.015625,-1,0.8795262593266958,-3.740482129009342,
2025-08-06T13:32:03.561550,-0.070312,0.015625,1.019531,-1,0.8759474304583958,-3.9446974592464015,
2025-08-06T13:32:04.042234,-0.070312,0.019531,1.015625,-1,1.0990620033875442,-3.959554007490287,
2025-08-06T13:32:04.531819,-0.078125,0.015625,1.011719,-1,0.8821804749424016,-4.415096222521653,
2025-08-06T13:32:05.048759,-0.074219,0.015625,1.019531,-1,0.8757107582865988,-4.163140449323331,
2025-08-06T13:32:05.564107,-0.074219,0.011719,1.019531,-1,0.6568194542417054,-4.163353550657151,
2025-08-06T13:32:06.054424,-0.074219,0.019531,1.011719,-1,1.1029811491242274,-4.1948839424456885,
2025-08-06T13:32:06.548885,-0.074219,0.015625,1.015625,-1,0.8790602804446449,-4.179091116786744,
2025-08-06T13:32:07.032596,-0.066406,0.019531,1.011719,-1,1.1035702752112522,-3.75462749123489,
2025-08-06T13:32:07.535623,-0.070312,0.019531,1.019531,-1,1.0948722985581978,-3.94443780441863,
2025-08-06T13:32:08.035622,-0.074219,0.019531,1.019531,-1,1.0945765010030104,-4.162866514422745,
2025-08-06T13:32:08.537163,-0.070312,0.019531,1.007812,-1,1.1075391957439158,-3.990139988221692,
2025-08-06T13:32:09.028161,-0.074219,0.019531,1.015625,-1,1.0987627980003676,-4.178814021344229,
2025-08-06T13:32:09.532058,-0.070312,0.019531,1.011719,-1,1.1032838148222464,-3.974786307045472,
2025-08-06T13:32:10.032312,-0.0625,0.019531,1.019531,-1,1.095416411916318,-3.5073539268563843,
2025-08-06T13:32:10.534341,-0.070312,0.011719,1.011719,-1,0.6620452510160703,-3.975258693608283,
2025-08-06T13:32:11.033343,-0.074219,0.019531,1.023438,-1,1.0904208355486065,-4.147035994474838,
2025-08-06T13:32:11.542352,-0.070312,0.019531,1.011719,-1,1.1032838148222464,-3.974786307045472,
2025-08-06T13:32:12.040572,-0.078125,0.015625,1.015625,-1,0.8788082160947002,-4.398186932818698,
2025-08-06T13:32:12.534478,-0.074219,0.019531,1.003906,-1,1.111516594346942,-4.227400891418085,
2025-08-06T13:32:13.053480,-0.066406,0.015625,1.007812,-1,0.8863142906072571,-3.769389784892654,
2025-08-06T13:32:13.539479,-0.074219,0.015625,1.011719,-1,0.8824354530316566,-4.195164247190032,
2025-08-06T13:32:14.037576,-0.070312,0.019531,1.015625,-1,1.0990620033875442,-3.959554007490287,
2025-08-06T13:32:14.532836,-0.074219,0.019531,1.019531,-1,1.0945765010030104,-4.162866514422745,
2025-08-06T13:32:15.048144,-0.074219,0.015625,1.011719,-1,0.8824354530316566,-4.195164247190032,
2025-08-06T13:32:15.536341,-0.074219,0.019531,1.011719,-1,1.1029811491242274,-4.1948839424456885,
2025-08-06T13:32:16.067146,-0.070312,0.015625,1.019531,-1,0.8759474304583958,-3.9446974592464015,
2025-08-06T13:32:16.543146,-0.070312,0.015625,1.019531,-1,0.8759474304583958,-3.9446974592464015,
2025-08-06T13:32:17.042146,-0.074219,0.019531,1.023438,-1,1.0904208355486065,-4.147035994474838,
2025-08-06T13:32:17.532264,-0.070312,0.015625,1.023438,-1,0.8726197340321947,-3.929689254469079,
2025-08-06T13:32:18.044030,-0.070312,0.023438,1.015625,-1,1.318848239976308,-3.9592329734027016,
2025-08-06T13:32:18.535928,-0.074219,0.019531,1.019531,-1,1.0945765010030104,-4.162866514422745,
2025-08-06T13:32:19.042109,-0.070312,0.019531,1.015625,-1,1.0990620033875442,-3.959554007490287,
2025-08-06T13:32:19.533040,-0.074219,0.015625,1.011719,-1,0.8824354530316566,-4.195164247190032,
2025-08-06T13:32:20.036492,-0.078125,0.007812,1.019531,-1,0.4377283170553865,-4.381790785458593,
2025-08-06T13:32:20.537395,-0.074219,0.019531,1.019531,-1,1.0945765010030104,-4.162866514422745,
2025-08-06T13:32:21.039014,-0.074219,0.015625,1.011719,-1,0.8824354530316566,-4.195164247190032,
2025-08-06T13:32:21.543364,-0.074219,0.015625,1.019531,-1,0.8757107582865988,-4.163140449323331,
2025-08-06T13:32:22.039661,-0.074219,0.011719,1.023438,-1,0.6543253896095329,-4.147517494862795,
2025-08-06T13:32:22.535659,-0.078125,0.007812,1.003906,-1,0.444500242304654,-4.449713990848117,
2025-08-06T13:32:23.035195,-0.074219,0.011719,1.019531,-1,0.6568194542417054,-4.163353550657151,
2025-08-06T13:32:23.545845,-0.078125,0.019531,1.011719,-1,1.1026624730935723,-4.414801336352567,
2025-08-06T13:32:24.036356,-0.070312,0.027344,1.003906,-1,1.556403508485776,-4.004883593955741,
2025-08-06T13:32:24.544632,-0.074219,0.011719,1.015625,-1,0.6593319071763242,-4.179306677081632,
2025-08-06T13:32:25.039597,-0.070312,0.015625,1.007812,-1,0.8860824254812231,-3.990408774127534,
2025-08-06T13:32:25.536249,-0.066406,0.03125,1.027344,-1,1.7386735528218766,-3.696664523581932,
2025-08-06T13:32:26.037055,-0.074219,0.023438,1.011719,-1,1.3235506112733313,-4.194541331940415,
2025-08-06T13:32:26.554345,-0.078125,0.015625,1.015625,-1,0.8788082160947002,-4.398186932818698,
2025-08-06T13:32:27.075926,-0.066406,0.015625,1.023438,-1,0.8728411877694549,-3.712013820162865,
2025-08-06T13:32:27.549921,-0.074219,0.011719,1.015625,-1,0.6593319071763242,-4.179306677081632,
2025-08-06T13:32:28.049487,-0.078125,0.011719,1.011719,-1,0.6616723448247972,-4.41532562301725,
2025-08-06T13:32:28.550362,-0.066406,0.011719,1.011719,-1,0.6622171739186216,-3.75507386729858,
2025-08-06T13:32:29.042493,-0.074219,0.015625,1.015625,-1,0.8790602804446449,-4.179091116786744,
2025-08-06T13:32:29.539818,-0.074219,0.015625,1.019531,-1,0.8757107582865988,-4.163140449323331,
2025-08-06T13:32:30.038316,-0.074219,0.019531,1.019531,-1,1.0945765010030104,-4.162866514422745,
2025-08-06T13:32:30.538431,-0.078125,0.015625,1.015625,-1,0.8788082160947002,-4.398186932818698,
2025-08-06T13:32:31.050432,-0.070312,0.015625,1.011719,-1,0.882677621000814,-3.975052001874419,
2025-08-06T13:32:31.536714,-0.074219,0.015625,1.023438,-1,0.8723857482373869,-4.147306815880882,
2025-08-06T13:32:32.087725,-0.074219,0.015625,1.019531,-1,0.8757107582865988,-4.163140449323331,
2025-08-06T13:32:32.540887,-0.070312,0.015625,1.015625,-1,0.8792996795163592,-3.9598166591906674,
2025-08-06T13:32:33.039822,-0.074219,0.015625,1.011719,-1,0.8824354530316566,-4.195164247190032,
2025-08-06T13:32:33.538354,-0.070312,0.011719,1.011719,-1,0.6620452510160703,-3.975258693608283,
2025-08-06T13:32:34.045119,-0.074219,0.019531,1.015625,-1,1.0987627980003676,-4.178814021344229,
2025-08-06T13:32:34.541120,-0.066406,0.011719,1.011719,-1,0.6622171739186216,-3.75507386729858,
2025-08-06T13:32:35.042110,-0.078125,0.011719,1.015625,-1,0.6591428354176316,-4.398413707523402,
2025-08-06T13:32:35.542518,-0.070312,0.019531,1.015625,-1,1.0990620033875442,-3.959554007490287,
2025-08-06T13:32:36.045413,-0.074219,0.015625,1.011719,-1,0.8824354530316566,-4.195164247190032,
2025-08-06T13:32:36.553447,-0.070312,0.015625,1.015625,-1,0.8792996795163592,-3.9598166591906674,
2025-08-06T13:32:37.042348,-0.070312,0.015625,1.015625,-1,0.8792996795163592,-3.9598166591906674,
2025-08-06T13:32:37.541458,-0.066406,0.011719,1.023438,-1,0.6546670112084882,-3.712202517929725,
2025-08-06T13:32:38.043827,-0.078125,0.015625,1.011719,-1,0.8821804749424016,-4.415096222521653,
2025-08-06T13:32:38.557017,-0.074219,0.015625,1.011719,-1,0.8824354530316566,-4.195164247190032,
2025-08-06T13:32:39.048346,-0.078125,0.019531,1.015625,-1,1.0984477632909195,-4.397895421613334,
2025-08-06T13:32:39.546820,-0.074219,0.015625,1.015625,-1,0.8790602804446449,-4.179091116786744,
2025-08-06T13:32:40.052920,-0.074219,0.011719,1.015625,-1,0.6593319071763242,-4.179306677081632,
2025-08-06T13:32:40.550635,-0.074219,0.019531,1.019531,-1,1.0945765010030104,-4.162866514422745,
2025-08-06T13:32:41.054914,-0.070312,0.015625,1.015625,-1,0.8792996795163592,-3.9598166591906674,
2025-08-06T13:32:41.557398,-0.078125,0.015625,1.007812,-1,0.8855795074738829,-4.432140136110196,
2025-08-06T13:32:42.053708,-0.070312,0.007812,1.011719,-1,0.4413367519281536,-3.975406384866421,
2025-08-06T13:32:42.550690,-0.070312,0.015625,1.019531,-1,0.8759474304583958,-3.9446974592464015,
2025-08-06T13:32:43.054658,-0.074219,0.007812,1.007812,-1,0.4429168451083676,-4.2117436345319925,
2025-08-06T13:32:43.555103,-0.074219,0.015625,1.019531,-1,0.8757107582865988,-4.163140449323331,
2025-08-06T13:32:44.055868,-0.078125,0.019531,1.015625,-1,1.0984477632909195,-4.397895421613334,
2025-08-06T13:32:44.556931,-0.070312,0.019531,1.015625,-1,1.0990620033875442,-3.959554007490287,
2025-08-06T13:32:45.057143,-0.074219,0.019531,1.011719,-1,1.1029811491242274,-4.1948839424456885,
2025-08-06T13:32:45.556648,-0.070312,0.019531,1.011719,-1,1.1032838148222464,-3.974786307045472,
2025-08-06T13:32:46.117648,-0.078125,0.011719,1.019531,-1,0.6566325350784901,-4.381630592043893,
2025-08-06T13:32:46.557860,-0.074219,0.015625,1.015625,-1,0.8790602804446449,-4.179091116786744,
2025-08-06T13:32:47.056634,-0.078125,0.015625,1.011719,-1,0.8821804749424016,-4.415096222521653,
2025-08-06T13:32:47.558646,-0.074219,0.011719,1.015625,-1,0.6593319071763242,-4.179306677081632,
2025-08-06T13:32:48.063964,-0.078125,0.019531,1.015625,-1,1.0984477632909195,-4.397895421613334,
2025-08-06T13:32:48.558961,-0.078125,0.011719,1.019531,-1,0.6566325350784901,-4.381630592043893,
2025-08-06T13:32:49.073961,-0.078125,0.015625,1.019531,-1,0.8754615635122167,-4.381406403248674,
2025-08-06T13:32:49.565444,-0.070312,0.015625,1.015625,-1,0.8792996795163592,-3.9598166591906674,
2025-08-06T13:32:50.064444,-0.078125,0.015625,1.015625,-1,0.8788082160947002,-4.398186932818698,
2025-08-06T13:32:50.564444,-0.074219,0.011719,1.015625,-1,0.6593319071763242,-4.179306677081632,
2025-08-06T13:32:51.068444,-0.074219,0.019531,1.015625,-1,1.0987627980003676,-4.178814021344229,
2025-08-06T13:32:51.564909,-0.074219,0.015625,1.015625,-1,0.8790602804446449,-4.179091116786744,
2025-08-06T13:32:52.067901,-0.074219,0.019531,1.007812,-1,1.1072330153369714,-4.211081851662468,
2025-08-06T13:32:52.572900,-0.070312,0.015625,1.023438,-1,0.8726197340321947,-3.929689254469079,
2025-08-06T13:32:53.067900,-0.074219,0.015625,1.015625,-1,0.8790602804446449,-4.179091116786744,
2025-08-06T13:32:53.566157,-0.074219,0.015625,1.011719,-1,0.8824354530316566,-4.195164247190032,
2025-08-06T13:32:54.071160,-0.074219,0.015625,1.011719,-1,0.8824354530316566,-4.195164247190032,
2025-08-06T13:32:54.571157,-0.074219,0.015625,1.019531,-1,0.8757107582865988,-4.163140449323331,
2025-08-06T13:32:55.076158,-0.070312,0.015625,1.019531,-1,0.8759474304583958,-3.9446974592464015,
2025-08-06T13:32:55.573157,-0.070312,0.019531,1.011719,-1,1.1032838148222464,-3.974786307045472,
2025-08-06T13:32:56.092157,-0.070312,0.015625,1.015625,-1,0.8792996795163592,-3.9598166591906674,
2025-08-06T13:32:56.577437,-0.070312,0.015625,1.019531,-1,0.8759474304583958,-3.9446974592464015,
2025-08-06T13:32:57.081437,-0.070312,0.011719,1.015625,-1,0.659511478806085,-3.9600209833076647,
2025-08-06T13:32:57.582442,-0.078125,0.015625,1.015625,-1,0.8788082160947002,-4.398186932818698,
2025-08-06T13:32:58.075439,-0.078125,0.011719,1.015625,-1,0.6591428354176316,-4.398413707523402,
2025-08-06T13:32:58.579437,-0.074219,0.015625,1.011719,-1,0.8824354530316566,-4.195164247190032,
2025-08-06T13:32:59.097143,-0.074219,0.019531,1.015625,-1,1.0987627980003676,-4.178814021344229,
2025-08-06T13:32:59.574698,-0.074219,0.015625,1.019531,-1,0.8757107582865988,-4.163140449323331,
2025-08-06T13:33:00.093697,-0.074219,0.011719,1.011719,-1,0.661863602311014,-4.195382304387747,
2025-08-06T13:33:00.577696,-0.074219,0.019531,1.011719,-1,1.1029811491242274,-4.1948839424456885,
2025-08-06T13:33:01.123720,-0.074219,0.019531,1.027344,-1,1.0862975713345,-4.1313291950822295,
2025-08-06T13:33:01.581722,-0.078125,0.019531,1.019531,-1,1.0942650524290611,-4.381118215754438,
2025-08-06T13:33:02.085761,-0.070312,0.015625,1.011719,-1,0.882677621000814,-3.975052001874419,
2025-08-06T13:33:02.583722,-0.066406,0.019531,1.007812,-1,1.10782898445145,-3.7691357978354745,
2025-08-06T13:33:03.082720,-0.074219,0.015625,1.011719,-1,0.8824354530316566,-4.195164247190032,
2025-08-06T13:33:03.581721,-0.070312,0.019531,1.011719,-1,1.1032838148222464,-3.974786307045472,
2025-08-06T13:33:04.080723,-0.074219,0.015625,1.007812,-1,0.885837445081153,-4.211365416252368,
2025-08-06T13:33:04.581721,-0.078125,0.015625,1.015625,-1,0.8788082160947002,-4.398186932818698,
2025-08-06T13:33:05.082722,-0.074219,0.015625,1.015625,-1,0.8790602804446449,-4.179091116786744,
2025-08-06T13:33:05.586789,-0.070312,0.015625,1.015625,-1,0.8792996795163592,-3.9598166591906674,
2025-08-06T13:33:06.085617,-0.074219,0.015625,1.015625,-1,0.8790602804446449,-4.179091116786744,
2025-08-06T13:33:06.589343,-0.074219,0.015625,1.011719,-1,0.8824354530316566,-4.195164247190032,
2025-08-06T13:33:07.088343,-0.070312,0.015625,1.015625,-1,0.8792996795163592,-3.9598166591906674,
2025-08-06T13:33:07.589486,-0.070312,0.015625,1.019531,-1,0.8759474304583958,-3.9446974592464015,
2025-08-06T13:33:08.088714,-0.074219,0.015625,1.011719,-1,0.8824354530316566,-4.195164247190032,
2025-08-06T13:33:08.596144,-0.074219,0.019531,1.019531,-1,1.0945765010030104,-4.162866514422745,
2025-08-06T13:33:09.092877,-0.082031,0.015625,1.015625,-1,0.8785434598731011,-4.617153946649332,
2025-08-06T13:33:09.589342,-0.074219,0.011719,1.015625,-1,0.6593319071763242,-4.179306677081632,
2025-08-06T13:33:10.092352,-0.070312,0.019531,1.011719,-1,1.1032838148222464,-3.974786307045472,
2025-08-06T13:33:10.590149,-0.070312,0.015625,1.011719,-1,0.882677621000814,-3.975052001874419,
2025-08-06T13:33:11.097821,-0.074219,0.015625,1.007812,-1,0.885837445081153,-4.211365416252368,
2025-08-06T13:33:11.592322,-0.074219,0.015625,1.023438,-1,0.8723857482373869,-4.147306815880882,
2025-08-06T13:33:12.093818,-0.074219,0.015625,1.015625,-1,0.8790602804446449,-4.179091116786744,
2025-08-06T13:33:12.593953,-0.070312,0.015625,1.023438,-1,0.8726197340321947,-3.929689254469079,
2025-08-06T13:33:13.091756,-0.074219,0.019531,1.015625,-1,1.0987627980003676,-4.178814021344229,
2025-08-06T13:33:13.595831,-0.074219,0.015625,1.019531,-1,0.8757107582865988,-4.163140449323331,
2025-08-06T13:33:14.096260,-0.078125,0.015625,1.015625,-1,0.8788082160947002,-4.398186932818698,
2025-08-06T13:33:14.601819,-0.074219,0.015625,1.019531,-1,0.8757107582865988,-4.163140449323331,
2025-08-06T13:33:15.099675,-0.070312,0.015625,1.019531,-1,0.8759474304583958,-3.9446974592464015,
2025-08-06T13:33:15.612915,-0.078125,0.011719,1.019531,-1,0.6566325350784901,-4.381630592043893,
2025-08-06T13:33:16.144914,-0.078125,0.011719,1.019531,-1,0.6566325350784901,-4.381630592043893,
2025-08-06T13:33:16.600443,-0.070312,0.019531,1.015625,-1,1.0990620033875442,-3.959554007490287,
2025-08-06T13:33:17.102943,-0.070312,0.015625,1.011719,-1,0.882677621000814,-3.975052001874419,
2025-08-06T13:33:17.602909,-0.066406,0.015625,1.011719,-1,0.8829068228431354,-3.754878556396407,
2025-08-06T13:33:18.104405,-0.074219,0.015625,1.015625,-1,0.8790602804446449,-4.179091116786744,
2025-08-06T13:33:18.610857,-0.074219,0.019531,1.023438,-1,1.0904208355486065,-4.147035994474838,
2025-08-06T13:33:19.106471,-0.078125,0.015625,1.019531,-1,0.8754615635122167,-4.381406403248674,
2025-08-06T13:33:19.608545,-0.074219,0.011719,1.019531,-1,0.6568194542417054,-4.163353550657151,
2025-08-06T13:33:20.109540,-0.078125,0.015625,1.011719,-1,0.8821804749424016,-4.415096222521653,
2025-08-06T13:33:20.603076,-0.070312,0.015625,1.011719,-1,0.882677621000814,-3.975052001874419,
2025-08-06T13:33:21.103995,-0.074219,0.015625,1.019531,-1,0.8757107582865988,-4.163140449323331,
2025-08-06T13:33:21.606386,-0.074219,0.011719,1.011719,-1,0.661863602311014,-4.195382304387747,
2025-08-06T13:33:22.111203,-0.078125,0.011719,1.011719,-1,0.6616723448247972,-4.41532562301725,
2025-08-06T13:33:22.617205,-0.078125,0.011719,1.0,-1,0.6693790161884354,-4.466853585765777,
2025-08-06T13:33:23.110414,-0.070312,0.015625,1.011719,-1,0.882677621000814,-3.975052001874419,
2025-08-06T13:33:23.609699,-0.074219,0.015625,1.015625,-1,0.8790602804446449,-4.179091116786744,
2025-08-06T13:33:24.114235,-0.070312,0.015625,1.011719,-1,0.882677621000814,-3.975052001874419,
2025-08-06T13:33:24.613113,-0.074219,0.011719,1.015625,-1,0.6593319071763242,-4.179306677081632,
2025-08-06T13:33:25.116520,-0.066406,0.011719,1.007812,-1,0.6647730957793557,-3.769587369095426,
2025-08-06T13:33:25.615124,-0.070312,0.019531,1.015625,-1,1.0990620033875442,-3.959554007490287,
2025-08-06T13:33:26.113984,-0.074219,0.011719,1.015625,-1,0.6593319071763242,-4.179306677081632,
2025-08-06T13:33:26.621607,-0.074219,0.011719,1.019531,-1,0.6568194542417054,-4.163353550657151,
2025-08-06T13:33:27.119040,-0.070312,0.015625,1.015625,-1,0.8792996795163592,-3.9598166591906674,
2025-08-06T13:33:27.619644,-0.070312,0.015625,1.007812,-1,0.8860824254812231,-3.990408774127534,
2025-08-06T13:33:28.123669,-0.074219,0.015625,1.011719,-1,0.8824354530316566,-4.195164247190032,
2025-08-06T13:33:28.622341,-0.070312,0.011719,1.019531,-1,0.6569969803031029,-3.944899451739895,
2025-08-06T13:33:29.121826,-0.074219,0.015625,1.007812,-1,0.885837445081153,-4.211365416252368,
2025-08-06T13:33:29.620256,-0.070312,0.011719,1.015625,-1,0.659511478806085,-3.9600209833076647,
2025-08-06T13:33:30.127361,-0.074219,0.015625,1.015625,-1,0.8790602804446449,-4.179091116786744,
2025-08-06T13:33:30.623104,-0.078125,0.019531,1.011719,-1,1.1026624730935723,-4.414801336352567,
2025-08-06T13:33:31.173102,-0.078125,0.019531,1.011719,-1,1.1026624730935723,-4.414801336352567,
2025-08-06T13:33:31.632293,-0.078125,0.015625,1.011719,-1,0.8821804749424016,-4.415096222521653,
2025-08-06T13:33:32.130292,-0.074219,0.011719,1.015625,-1,0.6593319071763242,-4.179306677081632,
2025-08-06T13:33:32.627823,-0.074219,0.019531,1.011719,-1,1.1029811491242274,-4.1948839424456885,
2025-08-06T13:33:33.131343,-0.070312,0.015625,1.007812,-1,0.8860824254812231,-3.990408774127534,
2025-08-06T13:33:33.627701,-0.070312,0.015625,1.015625,-1,0.8792996795163592,-3.9598166591906674,
2025-08-06T13:33:34.127028,-0.078125,0.015625,1.003906,-1,0.8890038723818121,-4.449311456508369,
2025-08-06T13:33:34.627434,-0.074219,0.015625,1.015625,-1,0.8790602804446449,-4.179091116786744,
2025-08-06T13:33:35.129343,-0.070312,0.015625,1.015625,-1,0.8792996795163592,-3.9598166591906674,
2025-08-06T13:33:35.629640,-0.070312,0.015625,1.011719,-1,0.882677621000814,-3.975052001874419,
2025-08-06T13:33:36.131996,-0.070312,0.019531,1.015625,-1,1.0990620033875442,-3.959554007490287,
2025-08-06T13:33:36.629247,-0.070312,0.023438,1.015625,-1,1.318848239976308,-3.9592329734027016,
2025-08-06T13:33:37.128397,-0.070312,0.015625,1.007812,-1,0.8860824254812231,-3.990408774127534,
2025-08-06T13:33:37.627149,-0.070312,0.015625,1.003906,-1,0.8895126503967048,-4.005880476871976,
2025-08-06T13:33:38.129041,-0.0625,0.023438,1.015625,-1,1.3195086197591936,-3.5205184039493416,
2025-08-06T13:33:38.632064,-0.070312,0.023438,1.015625,-1,1.318848239976308,-3.9592329734027016,
2025-08-06T13:33:39.130829,-0.070312,0.015625,1.007812,-1,0.8860824254812231,-3.990408774127534,
2025-08-06T13:33:39.631820,-0.074219,0.015625,1.015625,-1,0.8790602804446449,-4.179091116786744,
2025-08-06T13:33:40.134375,-0.070312,0.015625,1.015625,-1,0.8792996795163592,-3.9598166591906674,
2025-08-06T13:33:40.631313,-0.074219,0.015625,1.007812,-1,0.885837445081153,-4.211365416252368,
2025-08-06T13:33:41.130379,-0.074219,0.015625,1.011719,-1,0.8824354530316566,-4.195164247190032,
2025-08-06T13:33:41.632373,-0.070312,0.019531,1.011719,-1,1.1032838148222464,-3.974786307045472,
2025-08-06T13:33:42.133860,-0.074219,0.015625,1.015625,-1,0.8790602804446449,-4.179091116786744,
2025-08-06T13:33:42.635569,-0.078125,0.015625,1.007812,-1,0.8855795074738829,-4.432140136110196,
2025-08-06T13:33:43.134331,-0.074219,0.019531,1.019531,-1,1.0945765010030104,-4.162866514422745,
2025-08-06T13:33:43.635715,-0.074219,0.023438,1.015625,-1,1.318489239368982,-4.178475332923178,
2025-08-06T13:33:44.142781,-0.078125,0.015625,1.019531,-1,0.8754615635122167,-4.381406403248674,
2025-08-06T13:33:44.637293,-0.074219,0.011719,1.015625,-1,0.6593319071763242,-4.179306677081632,
2025-08-06T13:33:45.135317,-0.074219,0.019531,1.011719,-1,1.1029811491242274,-4.1948839424456885,
2025-08-06T13:33:45.636908,-0.070312,0.015625,1.011719,-1,0.882677621000814,-3.975052001874419,
2025-08-06T13:33:46.175987,-0.078125,0.015625,1.015625,-1,0.8788082160947002,-4.398186932818698,
2025-08-06T13:33:46.638673,-0.078125,0.019531,1.019531,-1,1.0942650524290611,-4.381118215754438,
2025-08-06T13:33:47.136484,-0.078125,0.015625,1.011719,-1,0.8821804749424016,-4.415096222521653,
2025-08-06T13:33:47.637404,-0.078125,0.015625,1.019531,-1,0.8754615635122167,-4.381406403248674,
2025-08-06T13:33:48.138959,-0.074219,0.015625,1.019531,-1,0.8757107582865988,-4.163140449323331,
2025-08-06T13:33:48.654788,-0.070312,0.019531,1.019531,-1,1.0948722985581978,-3.94443780441863,
2025-08-06T13:33:49.140344,-0.074219,0.015625,1.011719,-1,0.8824354530316566,-4.195164247190032,
2025-08-06T13:33:49.646694,-0.074219,0.019531,1.015625,-1,1.0987627980003676,-4.178814021344229,
2025-08-06T13:33:50.142710,-0.074219,0.019531,1.011719,-1,1.1029811491242274,-4.1948839424456885,
2025-08-06T13:33:50.643413,-0.074219,0.015625,1.019531,-1,0.8757107582865988,-4.163140449323331,
2025-08-06T13:33:51.143605,-0.078125,0.019531,1.011719,-1,1.1026624730935723,-4.414801336352567,
2025-08-06T13:33:51.643615,-0.078125,0.019531,1.015625,-1,1.0984477632909195,-4.397895421613334,
2025-08-06T13:33:52.159670,-0.074219,0.023438,1.011719,-1,1.3235506112733313,-4.194541331940415,
2025-08-06T13:33:52.644863,-0.074219,0.015625,1.011719,-1,0.8824354530316566,-4.195164247190032,
2025-08-06T13:33:53.147863,-0.078125,0.015625,1.015625,-1,0.8788082160947002,-4.398186932818698,
2025-08-06T13:33:53.647748,-0.074219,0.015625,1.015625,-1,0.8790602804446449,-4.179091116786744,
2025-08-06T13:33:54.147757,-0.074219,0.015625,1.015625,-1,0.8790602804446449,-4.179091116786744,
2025-08-06T13:33:54.646827,-0.074219,0.015625,1.011719,-1,0.8824354530316566,-4.195164247190032,
2025-08-06T13:33:55.148822,-0.074219,0.019531,1.015625,-1,1.0987627980003676,-4.178814021344229,
2025-08-06T13:33:55.648786,-0.070312,0.011719,1.019531,-1,0.6569969803031029,-3.944899451739895,
2025-08-06T13:33:56.149787,-0.074219,0.015625,1.015625,-1,0.8790602804446449,-4.179091116786744,
2025-08-06T13:33:56.650574,-0.074219,0.019531,1.015625,-1,1.0987627980003676,-4.178814021344229,
2025-08-06T13:33:57.154367,-0.070312,0.019531,1.011719,-1,1.1032838148222464,-3.974786307045472,
2025-08-06T13:33:57.665598,-0.074219,0.015625,1.015625,-1,0.8790602804446449,-4.179091116786744,
2025-08-06T13:33:58.159732,-0.066406,0.015625,1.015625,-1,0.8795262593266958,-3.740482129009342,
2025-08-06T13:33:58.651733,-0.070312,0.015625,1.011719,-1,0.882677621000814,-3.975052001874419,
2025-08-06T13:33:59.153972,-0.074219,0.019531,1.011719,-1,1.1029811491242274,-4.1948839424456885,
2025-08-06T13:33:59.659080,-0.070312,0.019531,1.019531,-1,1.0948722985581978,-3.94443780441863,
2025-08-06T13:34:00.156860,-0.082031,0.015625,1.015625,-1,0.8785434598731011,-4.617153946649332,
2025-08-06T13:34:00.658199,-0.070312,0.015625,1.011719,-1,0.882677621000814,-3.975052001874419,
2025-08-06T13:34:01.270029,-0.066406,0.019531,1.007812,-1,1.10782898445145,-3.7691357978354745,
2025-08-06T13:34:01.658531,-0.074219,0.019531,1.007812,-1,1.1072330153369714,-4.211081851662468,
2025-08-06T13:34:02.157887,-0.074219,0.015625,1.007812,-1,0.885837445081153,-4.211365416252368,
2025-08-06T13:34:02.660723,-0.074219,0.011719,1.011719,-1,0.661863602311014,-4.195382304387747,
2025-08-06T13:34:03.158040,-0.070312,0.015625,1.011719,-1,0.882677621000814,-3.975052001874419,
2025-08-06T13:34:03.672877,-0.066406,0.019531,1.007812,-1,1.10782898445145,-3.7691357978354745,
2025-08-06T13:34:04.161138,-0.074219,0.015625,1.015625,-1,0.8790602804446449,-4.179091116786744,
2025-08-06T13:34:04.661235,-0.070312,0.015625,1.011719,-1,0.882677621000814,-3.975052001874419,
2025-08-06T13:34:05.163500,-0.074219,0.015625,1.015625,-1,0.8790602804446449,-4.179091116786744,
2025-08-06T13:34:05.664370,-0.078125,0.015625,1.011719,-1,0.8821804749424016,-4.415096222521653,
2025-08-06T13:34:06.161534,-0.078125,0.015625,1.007812,-1,0.8855795074738829,-4.432140136110196,
2025-08-06T13:34:06.678684,-0.078125,0.015625,1.019531,-1,0.8754615635122167,-4.381406403248674,
2025-08-06T13:34:07.174344,-0.074219,0.011719,1.007812,-1,0.6644154165847265,-4.211586009682766,
2025-08-06T13:34:07.666272,-0.074219,0.019531,1.011719,-1,1.1029811491242274,-4.1948839424456885,
2025-08-06T13:34:08.165339,-0.078125,0.019531,1.011719,-1,1.1026624730935723,-4.414801336352567,
2025-08-06T13:34:08.665451,-0.078125,0.019531,1.015625,-1,1.0984477632909195,-4.397895421613334,
2025-08-06T13:34:09.166862,-0.070312,0.011719,1.007812,-1,0.6645991750243075,-3.990617870788554,
2025-08-06T13:34:09.667792,-0.070312,0.015625,1.015625,-1,0.8792996795163592,-3.9598166591906674,
2025-08-06T13:34:10.169098,-0.078125,0.015625,1.011719,-1,0.8821804749424016,-4.415096222521653,
2025-08-06T13:34:10.668216,-0.074219,0.015625,1.019531,-1,0.8757107582865988,-4.163140449323331,
2025-08-06T13:34:11.172209,-0.074219,0.011719,1.011719,-1,0.661863602311014,-4.195382304387747,
2025-08-06T13:34:11.682361,-0.074219,0.015625,1.015625,-1,0.8790602804446449,-4.179091116786744,
2025-08-06T13:34:12.176359,-0.074219,0.015625,1.011719,-1,0.8824354530316566,-4.195164247190032,
2025-08-06T13:34:12.677654,-0.074219,0.015625,1.019531,-1,0.8757107582865988,-4.163140449323331,
2025-08-06T13:34:13.181720,-0.078125,0.015625,1.015625,-1,0.8788082160947002,-4.398186932818698,
2025-08-06T13:34:13.682246,-0.070312,0.011719,1.019531,-1,0.6569969803031029,-3.944899451739895,
2025-08-06T13:34:14.190248,-0.074219,0.015625,1.011719,-1,0.8824354530316566,-4.195164247190032,
2025-08-06T13:34:14.675247,-0.066406,0.015625,1.011719,-1,0.8829068228431354,-3.754878556396407,
2025-08-06T13:34:15.188247,-0.074219,0.011719,1.011719,-1,0.661863602311014,-4.195382304387747,
2025-08-06T13:34:15.679302,-0.078125,0.015625,1.015625,-1,0.8788082160947002,-4.398186932818698,
2025-08-06T13:34:16.256473,-0.074219,0.019531,1.019531,-1,1.0945765010030104,-4.162866514422745,
2025-08-06T13:34:16.676472,-0.078125,0.019531,1.011719,-1,1.1026624730935723,-4.414801336352567,
2025-08-06T13:34:17.197299,-0.074219,0.011719,1.015625,-1,0.6593319071763242,-4.179306677081632,
2025-08-06T13:34:17.682813,-0.078125,0.015625,1.007812,-1,0.8855795074738829,-4.432140136110196,
2025-08-06T13:34:18.178833,-0.074219,0.015625,1.015625,-1,0.8790602804446449,-4.179091116786744,
2025-08-06T13:34:18.681432,-0.078125,0.023438,1.019531,-1,1.313092630217117,-4.380765969109868,
2025-08-06T13:34:19.180432,-0.074219,0.019531,1.015625,-1,1.0987627980003676,-4.178814021344229,
2025-08-06T13:34:19.681395,-0.070312,0.019531,1.019531,-1,1.0948722985581978,-3.94443780441863,
2025-08-06T13:34:20.181395,-0.074219,0.011719,1.007812,-1,0.6644154165847265,-4.211586009682766,
2025-08-06T13:34:20.680027,-0.074219,0.015625,1.011719,-1,0.8824354530316566,-4.195164247190032,
2025-08-06T13:34:21.183026,-0.070312,0.015625,1.023438,-1,0.8726197340321947,-3.929689254469079,
2025-08-06T13:34:21.688027,-0.070312,0.015625,1.019531,-1,0.8759474304583958,-3.9446974592464015,
2025-08-06T13:34:22.184028,-0.070312,0.007812,1.015625,-1,0.4396475897690352,-3.960166982639457,
2025-08-06T13:34:22.679028,-0.070312,0.015625,1.007812,-1,0.8860824254812231,-3.990408774127534,
2025-08-06T13:34:23.199027,-0.074219,0.015625,1.011719,-1,0.8824354530316566,-4.195164247190032,
2025-08-06T13:34:23.681027,-0.074219,0.015625,1.011719,-1,0.8824354530316566,-4.195164247190032,
2025-08-06T13:34:24.182843,-0.078125,0.015625,1.015625,-1,0.8788082160947002,-4.398186932818698,
2025-08-06T13:34:24.685442,-0.074219,0.019531,1.015625,-1,1.0987627980003676,-4.178814021344229,
2025-08-06T13:34:25.185470,-0.070312,0.015625,1.015625,-1,0.8792996795163592,-3.9598166591906674,
2025-08-06T13:34:25.681404,-0.074219,0.015625,1.015625,-1,0.8790602804446449,-4.179091116786744,
2025-08-06T13:34:26.185295,-0.074219,0.019531,1.015625,-1,1.0987627980003676,-4.178814021344229,
2025-08-06T13:34:26.685536,-0.074219,0.015625,1.023438,-1,0.8723857482373869,-4.147306815880882,
2025-08-06T13:34:27.190536,-0.074219,0.019531,1.011719,-1,1.1029811491242274,-4.1948839424456885,
2025-08-06T13:34:27.689535,-0.074219,0.015625,1.015625,-1,0.8790602804446449,-4.179091116786744,
2025-08-06T13:34:28.191943,-0.074219,0.015625,1.015625,-1,0.8790602804446449,-4.179091116786744,
2025-08-06T13:34:28.689839,-0.074219,0.007812,1.015625,-1,0.4395278767543178,-4.1794607051913015,
2025-08-06T13:34:29.192920,-0.070312,0.015625,1.011719,-1,0.882677621000814,-3.975052001874419,
2025-08-06T13:34:29.700887,-0.078125,0.011719,1.015625,-1,0.6591428354176316,-4.398413707523402,
2025-08-06T13:34:30.195803,-0.074219,0.011719,1.015625,-1,0.6593319071763242,-4.179306677081632,
2025-08-06T13:34:30.699375,-0.074219,0.015625,1.015625,-1,0.8790602804446449,-4.179091116786744,
2025-08-06T13:34:31.252377,-0.074219,0.019531,1.003906,-1,1.111516594346942,-4.227400891418085,
2025-08-06T13:34:31.696073,-0.074219,0.015625,1.011719,-1,0.8824354530316566,-4.195164247190032,
2025-08-06T13:34:32.197765,-0.074219,0.019531,1.015625,-1,1.0987627980003676,-4.178814021344229,
2025-08-06T13:34:32.692183,-0.070312,0.019531,1.015625,-1,1.0990620033875442,-3.959554007490287,
2025-08-06T13:34:33.195371,-0.074219,0.011719,1.015625,-1,0.6593319071763242,-4.179306677081632,
2025-08-06T13:34:33.695421,-0.066406,0.011719,1.011719,-1,0.6622171739186216,-3.75507386729858,
2025-08-06T13:34:34.200418,-0.070312,0.015625,1.011719,-1,0.882677621000814,-3.975052001874419,
2025-08-06T13:34:34.696613,-0.074219,0.011719,1.015625,-1,0.6593319071763242,-4.179306677081632,
2025-08-06T13:34:35.200702,-0.074219,0.019531,1.011719,-1,1.1029811491242274,-4.1948839424456885,
2025-08-06T13:34:35.699799,-0.074219,0.019531,1.015625,-1,1.0987627980003676,-4.178814021344229,
2025-08-06T13:34:36.198799,-0.070312,0.015625,1.019531,-1,0.8759474304583958,-3.9446974592464015,
2025-08-06T13:34:36.699123,-0.074219,0.019531,1.007812,-1,1.1072330153369714,-4.211081851662468,
2025-08-06T13:34:37.204824,-0.066406,0.015625,1.003906,-1,0.8897472194815572,-3.78400967482739,
2025-08-06T13:34:37.700103,-0.074219,0.015625,1.015625,-1,0.8790602804446449,-4.179091116786744,
2025-08-06T13:34:38.206326,-0.078125,0.015625,1.015625,-1,0.8788082160947002,-4.398186932818698,
2025-08-06T13:34:38.703683,-0.074219,0.019531,1.015625,-1,1.0987627980003676,-4.178814021344229,
2025-08-06T13:34:39.201529,-0.078125,0.019531,1.007812,-1,1.106910640781439,-4.431841821849936,
2025-08-06T13:34:39.702532,-0.070312,0.015625,1.015625,-1,0.8792996795163592,-3.9598166591906674,
2025-08-06T13:34:40.206712,-0.078125,0.019531,1.015625,-1,1.0984477632909195,-4.397895421613334,
2025-08-06T13:34:40.709382,-0.074219,0.015625,1.019531,-1,0.8757107582865988,-4.163140449323331,
2025-08-06T13:34:41.214413,-0.070312,0.011719,1.011719,-1,0.6620452510160703,-3.975258693608283,
2025-08-06T13:34:41.712492,-0.074219,0.019531,1.007812,-1,1.1072330153369714,-4.211081851662468,
2025-08-06T13:34:42.207846,-0.074219,0.011719,1.019531,-1,0.6568194542417054,-4.163353550657151,
2025-08-06T13:34:42.708909,-0.070312,0.019531,1.015625,-1,1.0990620033875442,-3.959554007490287,
2025-08-06T13:34:43.209974,-0.070312,0.011719,1.011719,-1,0.6620452510160703,-3.975258693608283,
2025-08-06T13:34:43.708255,-0.078125,0.015625,1.011719,-1,0.8821804749424016,-4.415096222521653,
2025-08-06T13:34:44.217654,-0.070312,0.015625,1.019531,-1,0.8759474304583958,-3.9446974592464015,
2025-08-06T13:34:44.712333,-0.066406,0.019531,1.007812,-1,1.10782898445145,-3.7691357978354745,
2025-08-06T13:34:45.210988,-0.070312,0.015625,1.011719,-1,0.882677621000814,-3.975052001874419,
2025-08-06T13:34:45.713886,-0.078125,0.015625,1.011719,-1,0.8821804749424016,-4.415096222521653,
2025-08-06T13:34:46.281887,-0.074219,0.015625,1.015625,-1,0.8790602804446449,-4.179091116786744,
2025-08-06T13:34:46.711659,-0.074219,0.019531,1.015625,-1,1.0987627980003676,-4.178814021344229,
2025-08-06T13:34:47.212771,-0.070312,0.023438,1.011719,-1,1.3239137632710951,-3.974461553954323,
2025-08-06T13:34:47.715414,-0.074219,0.011719,1.011719,-1,0.661863602311014,-4.195382304387747,
2025-08-06T13:34:48.215830,-0.070312,0.015625,1.023438,-1,0.8726197340321947,-3.929689254469079,
2025-08-06T13:34:48.715556,-0.074219,0.015625,1.011719,-1,0.8824354530316566,-4.195164247190032,
2025-08-06T13:34:49.218306,-0.074219,0.019531,1.007812,-1,1.1072330153369714,-4.211081851662468,
2025-08-06T13:34:49.716467,-0.078125,0.015625,1.015625,-1,0.8788082160947002,-4.398186932818698,
2025-08-06T13:34:50.219755,-0.074219,0.019531,1.011719,-1,1.1029811491242274,-4.1948839424456885,
2025-08-06T13:34:50.719294,-0.074219,0.019531,1.015625,-1,1.0987627980003676,-4.178814021344229,
2025-08-06T13:34:51.220517,-0.074219,0.015625,1.011719,-1,0.8824354530316566,-4.195164247190032,
2025-08-06T13:34:51.722460,-0.078125,0.015625,1.023438,-1,0.8721393804253038,-4.364748924369022,
2025-08-06T13:34:52.227605,-0.078125,0.015625,1.015625,-1,0.8788082160947002,-4.398186932818698,
2025-08-06T13:34:52.726433,-0.066406,0.015625,1.015625,-1,0.8795262593266958,-3.740482129009342,
2025-08-06T13:34:53.223076,-0.078125,0.019531,1.015625,-1,1.0984477632909195,-4.397895421613334,
2025-08-06T13:34:53.723205,-0.070312,0.015625,1.015625,-1,0.8792996795163592,-3.9598166591906674,
2025-08-06T13:34:54.223935,-0.074219,0.015625,1.011719,-1,0.8824354530316566,-4.195164247190032,
2025-08-06T13:34:54.725083,-0.070312,0.015625,1.011719,-1,0.882677621000814,-3.975052001874419,
2025-08-06T13:34:55.231623,-0.074219,0.019531,1.011719,-1,1.1029811491242274,-4.1948839424456885,
2025-08-06T13:34:55.724619,-0.070312,0.015625,1.011719,-1,0.882677621000814,-3.975052001874419,
2025-08-06T13:34:56.230928,-0.074219,0.015625,1.011719,-1,0.8824354530316566,-4.195164247190032,
2025-08-06T13:34:56.728808,-0.074219,0.019531,1.011719,-1,1.1029811491242274,-4.1948839424456885,
2025-08-06T13:34:57.228734,-0.074219,0.019531,1.015625,-1,1.0987627980003676,-4.178814021344229,
2025-08-06T13:34:57.732592,-0.070312,0.015625,1.015625,-1,0.8792996795163592,-3.9598166591906674,
2025-08-06T13:34:58.745892,-0.078125,0.011719,1.011719,-1,0.6616723448247972,-4.41532562301725,
2025-08-06T13:34:58.896893,-0.078125,0.011719,1.011719,-1,0.6616723448247972,-4.41532562301725,
2025-08-06T13:34:59.359530,-0.078125,0.011719,1.011719,-1,0.6616723448247972,-4.41532562301725,
2025-08-06T13:34:59.862640,-0.074219,0.015625,1.019531,-1,0.8757107582865988,-4.163140449323331,
2025-08-06T13:35:00.365658,-0.078125,0.011719,1.015625,-1,0.6591428354176316,-4.398413707523402,
2025-08-06T13:35:00.861835,-0.078125,0.011719,1.019531,-1,0.6566325350784901,-4.381630592043893,
2025-08-06T13:35:01.368835,-0.070312,0.011719,1.023438,-1,0.6545009005032266,-3.9298889500681695,
2025-08-06T13:35:01.860574,-0.074219,0.019531,1.007812,-1,1.1072330153369714,-4.211081851662468,
2025-08-06T13:35:02.369576,-0.078125,0.015625,1.015625,-1,0.8788082160947002,-4.398186932818698,
2025-08-06T13:35:02.863819,-0.070312,0.015625,1.007812,-1,0.8860824254812231,-3.990408774127534,
2025-08-06T13:35:03.365887,-0.074219,0.015625,1.011719,-1,0.8824354530316566,-4.195164247190032,
2025-08-06T13:35:03.865373,-0.078125,0.015625,1.011719,-1,0.8821804749424016,-4.415096222521653,
2025-08-06T13:35:04.367069,-0.074219,0.019531,1.011719,-1,1.1029811491242274,-4.1948839424456885,
2025-08-06T13:35:04.863874,-0.074219,0.011719,1.019531,-1,0.6568194542417054,-4.163353550657151,
2025-08-06T13:35:05.367783,-0.078125,0.011719,1.023438,-1,0.6541405910729506,-4.364970565735547,
2025-08-06T13:35:05.866114,-0.070312,0.019531,1.015625,-1,1.0990620033875442,-3.959554007490287,
2025-08-06T13:35:06.369400,-0.070312,0.019531,1.019531,-1,1.0948722985581978,-3.94443780441863,
2025-08-06T13:35:06.867847,-0.078125,0.015625,1.019531,-1,0.8754615635122167,-4.381406403248674,
2025-08-06T13:35:07.376148,-0.070312,0.015625,1.019531,-1,0.8759474304583958,-3.9446974592464015,
2025-08-06T13:35:07.868663,-0.070312,0.015625,1.011719,-1,0.882677621000814,-3.975052001874419,
2025-08-06T13:35:08.373343,-0.066406,0.019531,1.015625,-1,1.0993451870049025,-3.740233940400369,
2025-08-06T13:35:08.869363,-0.074219,0.015625,1.011719,-1,0.8824354530316566,-4.195164247190032,
2025-08-06T13:35:09.371326,-0.070312,0.019531,1.011719,-1,1.1032838148222464,-3.974786307045472,
2025-08-06T13:35:09.868752,-0.070312,0.019531,1.019531,-1,1.0948722985581978,-3.94443780441863,
2025-08-06T13:35:10.373876,-0.074219,0.019531,1.015625,-1,1.0987627980003676,-4.178814021344229,
2025-08-06T13:35:10.875129,-0.078125,0.015625,1.011719,-1,0.8821804749424016,-4.415096222521653,
2025-08-06T13:35:11.374722,-0.070312,0.015625,1.011719,-1,0.882677621000814,-3.975052001874419,
2025-08-06T13:35:11.876383,-0.078125,0.023438,1.011719,-1,1.3231682493190118,-4.41444090325224,
2025-08-06T13:35:12.374965,-0.078125,0.015625,1.019531,-1,0.8754615635122167,-4.381406403248674,
2025-08-06T13:35:12.873866,-0.074219,0.015625,1.011719,-1,0.8824354530316566,-4.195164247190032,
2025-08-06T13:35:13.382622,-0.074219,0.019531,1.015625,-1,1.0987627980003676,-4.178814021344229,
2025-08-06T13:35:13.890251,-0.074219,0.015625,1.015625,-1,0.8790602804446449,-4.179091116786744,
2025-08-06T13:35:14.374052,-0.070312,0.015625,1.019531,-1,0.8759474304583958,-3.9446974592464015,
2025-08-06T13:35:14.875638,-0.074219,0.019531,1.019531,-1,1.0945765010030104,-4.162866514422745,
2025-08-06T13:35:15.376926,-0.074219,0.015625,1.019531,-1,0.8757107582865988,-4.163140449323331,
2025-08-06T13:35:15.877544,-0.070312,0.015625,1.011719,-1,0.882677621000814,-3.975052001874419,
2025-08-06T13:35:16.425546,-0.074219,0.015625,1.015625,-1,0.8790602804446449,-4.179091116786744,
2025-08-06T13:35:16.885866,-0.070312,0.019531,1.011719,-1,1.1032838148222464,-3.974786307045472,
2025-08-06T13:35:17.382643,-0.078125,0.019531,1.015625,-1,1.0984477632909195,-4.397895421613334,
2025-08-06T13:35:17.883678,-0.066406,0.019531,1.015625,-1,1.0993451870049025,-3.740233940400369,
2025-08-06T13:35:18.386343,-0.078125,0.019531,1.007812,-1,1.106910640781439,-4.431841821849936,
2025-08-06T13:35:18.886267,-0.070312,0.011719,1.015625,-1,0.659511478806085,-3.9600209833076647,
2025-08-06T13:35:19.383312,-0.070312,0.015625,1.011719,-1,0.882677621000814,-3.975052001874419,
2025-08-06T13:35:19.885415,-0.074219,0.015625,1.019531,-1,0.8757107582865988,-4.163140449323331,
2025-08-06T13:35:20.384235,-0.078125,0.015625,1.011719,-1,0.8821804749424016,-4.415096222521653,
2025-08-06T13:35:20.882371,-0.074219,0.019531,1.023438,-1,1.0904208355486065,-4.147035994474838,
2025-08-06T13:35:21.395936,-0.070312,0.015625,1.011719,-1,0.882677621000814,-3.975052001874419,
2025-08-06T13:35:21.885836,-0.078125,0.015625,1.015625,-1,0.8788082160947002,-4.398186932818698,
2025-08-06T13:35:22.390950,-0.070312,0.015625,1.015625,-1,0.8792996795163592,-3.9598166591906674,
2025-08-06T13:35:22.887414,-0.078125,0.019531,1.019531,-1,1.0942650524290611,-4.381118215754438,
2025-08-06T13:35:23.386450,-0.070312,0.011719,1.015625,-1,0.659511478806085,-3.9600209833076647,
2025-08-06T13:35:23.887450,-0.078125,0.011719,1.011719,-1,0.6616723448247972,-4.41532562301725,
2025-08-06T13:35:24.401685,-0.078125,0.019531,1.019531,-1,1.0942650524290611,-4.381118215754438,
2025-08-06T13:35:24.889820,-0.074219,0.011719,1.015625,-1,0.6593319071763242,-4.179306677081632,
2025-08-06T13:35:25.393338,-0.074219,0.015625,1.023438,-1,0.8723857482373869,-4.147306815880882,
2025-08-06T13:35:25.894903,-0.078125,0.015625,1.011719,-1,0.8821804749424016,-4.415096222521653,
2025-08-06T13:35:26.399386,-0.070312,0.019531,1.011719,-1,1.1032838148222464,-3.974786307045472,
2025-08-06T13:35:26.895819,-0.074219,0.015625,1.011719,-1,0.8824354530316566,-4.195164247190032,
2025-08-06T13:35:27.397818,-0.074219,0.015625,1.015625,-1,0.8790602804446449,-4.179091116786744,
2025-08-06T13:35:27.897835,-0.074219,0.011719,1.007812,-1,0.6644154165847265,-4.211586009682766,
2025-08-06T13:35:28.397318,-0.074219,0.015625,1.011719,-1,0.8824354530316566,-4.195164247190032,
2025-08-06T13:35:28.898295,-0.070312,0.015625,1.011719,-1,0.882677621000814,-3.975052001874419,
2025-08-06T13:35:29.401160,-0.074219,0.015625,1.015625,-1,0.8790602804446449,-4.179091116786744,
2025-08-06T13:35:29.902125,-0.070312,0.015625,1.019531,-1,0.8759474304583958,-3.9446974592464015,
2025-08-06T13:35:30.399346,-0.074219,0.015625,1.011719,-1,0.8824354530316566,-4.195164247190032,
2025-08-06T13:35:30.902382,-0.066406,0.015625,1.011719,-1,0.8829068228431354,-3.754878556396407,
2025-08-06T13:35:31.405375,-0.074219,0.011719,1.011719,-1,0.661863602311014,-4.195382304387747,
2025-08-06T13:35:31.904229,-0.070312,0.019531,1.011719,-1,1.1032838148222464,-3.974786307045472,
2025-08-06T13:35:32.402558,-0.078125,0.015625,1.011719,-1,0.8821804749424016,-4.415096222521653,
2025-08-06T13:35:32.905367,-0.078125,0.015625,1.011719,-1,0.8821804749424016,-4.415096222521653,
2025-08-06T13:35:33.402392,-0.074219,0.019531,1.007812,-1,1.1072330153369714,-4.211081851662468,
2025-08-06T13:35:33.907868,-0.078125,0.011719,1.011719,-1,0.6616723448247972,-4.41532562301725,
2025-08-06T13:35:34.404420,-0.070312,0.019531,1.015625,-1,1.0990620033875442,-3.959554007490287,
2025-08-06T13:35:34.905867,-0.078125,0.015625,1.007812,-1,0.8855795074738829,-4.432140136110196,
2025-08-06T13:35:35.407839,-0.082031,0.011719,1.011719,-1,0.6614714585716096,-4.635138633853219,
2025-08-06T13:35:35.907646,-0.074219,0.019531,1.011719,-1,1.1029811491242274,-4.1948839424456885,
2025-08-06T13:35:36.408901,-0.078125,0.015625,1.019531,-1,0.8754615635122167,-4.381406403248674,
2025-08-06T13:35:36.908046,-0.074219,0.015625,1.019531,-1,0.8757107582865988,-4.163140449323331,
2025-08-06T13:35:37.407047,-0.074219,0.015625,1.019531,-1,0.8757107582865988,-4.163140449323331,
2025-08-06T13:35:37.916364,-0.066406,0.011719,1.015625,-1,0.6596814348035882,-3.7406752018940073,
2025-08-06T13:35:38.423218,-0.070312,0.011719,1.015625,-1,0.659511478806085,-3.9600209833076647,
2025-08-06T13:35:38.919591,-0.074219,0.015625,1.011719,-1,0.8824354530316566,-4.195164247190032,
2025-08-06T13:35:39.413234,-0.074219,0.015625,1.015625,-1,0.8790602804446449,-4.179091116786744,
2025-08-06T13:35:39.920154,-0.078125,0.015625,1.011719,-1,0.8821804749424016,-4.415096222521653,
2025-08-06T13:35:40.413914,-0.074219,0.015625,1.011719,-1,0.8824354530316566,-4.195164247190032,
2025-08-06T13:35:40.913670,-0.074219,0.015625,1.023438,-1,0.8723857482373869,-4.147306815880882,
2025-08-06T13:35:41.415745,-0.074219,0.011719,1.015625,-1,0.6593319071763242,-4.179306677081632,
2025-08-06T13:35:41.918064,-0.078125,0.015625,1.011719,-1,0.8821804749424016,-4.415096222521653,
2025-08-06T13:35:42.418961,-0.074219,0.019531,1.019531,-1,1.0945765010030104,-4.162866514422745,
2025-08-06T13:35:42.918736,-0.070312,0.011719,1.007812,-1,0.6645991750243075,-3.990617870788554,
2025-08-06T13:35:43.424003,-0.074219,0.015625,1.019531,-1,0.8757107582865988,-4.163140449323331,
2025-08-06T13:35:43.919622,-0.074219,0.019531,1.011719,-1,1.1029811491242274,-4.1948839424456885,
2025-08-06T13:35:44.424042,-0.074219,0.019531,1.011719,-1,1.1029811491242274,-4.1948839424456885,
2025-08-06T13:35:44.921412,-0.070312,0.011719,1.015625,-1,0.659511478806085,-3.9600209833076647,
2025-08-06T13:35:45.422479,-0.066406,0.015625,1.011719,-1,0.8829068228431354,-3.754878556396407,
2025-08-06T13:35:45.927409,-0.074219,0.019531,1.019531,-1,1.0945765010030104,-4.162866514422745,
2025-08-06T13:35:46.422407,-0.082031,0.011719,1.015625,-1,0.658944243584142,-4.617391915917898,
2025-08-06T13:35:46.923743,-0.074219,0.015625,1.007812,-1,0.885837445081153,-4.211365416252368,
2025-08-06T13:35:47.424250,-0.078125,0.015625,1.015625,-1,0.8788082160947002,-4.398186932818698,
2025-08-06T13:35:47.928362,-0.074219,0.019531,1.011719,-1,1.1029811491242274,-4.1948839424456885,
2025-08-06T13:35:48.426108,-0.074219,0.015625,1.015625,-1,0.8790602804446449,-4.179091116786744,
2025-08-06T13:35:48.925158,-0.078125,0.015625,1.015625,-1,0.8788082160947002,-4.398186932818698,
2025-08-06T13:35:49.434275,-0.074219,0.011719,1.011719,-1,0.661863602311014,-4.195382304387747,
2025-08-06T13:35:49.933341,-0.074219,0.019531,1.007812,-1,1.1072330153369714,-4.211081851662468,
2025-08-06T13:35:50.428777,-0.070312,0.019531,1.015625,-1,1.0990620033875442,-3.959554007490287,
2025-08-06T13:35:50.931410,-0.074219,0.019531,1.007812,-1,1.1072330153369714,-4.211081851662468,
2025-08-06T13:35:51.431277,-0.074219,0.015625,1.011719,-1,0.8824354530316566,-4.195164247190032,
2025-08-06T13:35:51.930557,-0.074219,0.015625,1.011719,-1,0.8824354530316566,-4.195164247190032,
2025-08-06T13:35:52.436624,-0.070312,0.011719,1.023438,-1,0.6545009005032266,-3.9298889500681695,
2025-08-06T13:35:52.934036,-0.070312,0.011719,1.015625,-1,0.659511478806085,-3.9600209833076647,
2025-08-06T13:35:53.433855,-0.074219,0.019531,1.019531,-1,1.0945765010030104,-4.162866514422745,
2025-08-06T13:35:53.935963,-0.074219,0.015625,1.007812,-1,0.885837445081153,-4.211365416252368,
2025-08-06T13:35:54.442775,-0.074219,0.015625,1.011719,-1,0.8824354530316566,-4.195164247190032,
2025-08-06T13:35:54.939382,-0.078125,0.011719,1.011719,-1,0.6616723448247972,-4.41532562301725,
2025-08-06T13:35:55.438846,-0.070312,0.011719,1.015625,-1,0.659511478806085,-3.9600209833076647,
2025-08-06T13:35:55.941008,-0.074219,0.011719,1.011719,-1,0.661863602311014,-4.195382304387747,
2025-08-06T13:35:56.440700,-0.070312,0.015625,1.007812,-1,0.8860824254812231,-3.990408774127534,
2025-08-06T13:35:56.942346,-0.078125,0.015625,1.007812,-1,0.8855795074738829,-4.432140136110196,
2025-08-06T13:35:57.445838,-0.070312,0.007812,1.011719,-1,0.4413367519281536,-3.975406384866421,
2025-08-06T13:35:57.944339,-0.074219,0.019531,1.011719,-1,1.1029811491242274,-4.1948839424456885,
2025-08-06T13:35:58.445340,-0.074219,0.011719,1.011719,-1,0.661863602311014,-4.195382304387747,
2025-08-06T13:35:58.951338,-0.070312,0.015625,1.011719,-1,0.882677621000814,-3.975052001874419,
2025-08-06T13:35:59.447220,-0.074219,0.019531,1.011719,-1,1.1029811491242274,-4.1948839424456885,
2025-08-06T13:35:59.948560,-0.074219,0.011719,1.011719,-1,0.661863602311014,-4.195382304387747,
2025-08-06T13:36:00.465563,-0.074219,0.015625,1.015625,-1,0.8790602804446449,-4.179091116786744,
2025-08-06T13:36:00.950830,-0.074219,0.019531,1.027344,-1,1.0862975713345,-4.1313291950822295,
2025-08-06T13:36:01.447829,-0.074219,0.015625,1.011719,-1,0.8824354530316566,-4.195164247190032,
2025-08-06T13:36:01.949773,-0.070312,0.023438,1.011719,-1,1.3239137632710951,-3.974461553954323,
2025-08-06T13:36:02.448453,-0.074219,0.015625,1.011719,-1,0.8824354530316566,-4.195164247190032,
2025-08-06T13:36:02.951417,-0.074219,0.011719,1.011719,-1,0.661863602311014,-4.195382304387747,
2025-08-06T13:36:03.448284,-0.078125,0.019531,1.015625,-1,1.0984477632909195,-4.397895421613334,
2025-08-06T13:36:03.981350,-0.078125,0.015625,1.015625,-1,0.8788082160947002,-4.398186932818698,
2025-08-06T13:36:04.453342,-0.074219,0.015625,1.011719,-1,0.8824354530316566,-4.195164247190032,
2025-08-06T13:36:04.951828,-0.074219,0.015625,1.015625,-1,0.8790602804446449,-4.179091116786744,
2025-08-06T13:36:05.450413,-0.078125,0.015625,1.015625,-1,0.8788082160947002,-4.398186932818698,
2025-08-06T13:36:05.952350,-0.070312,0.019531,1.011719,-1,1.1032838148222464,-3.974786307045472,
2025-08-06T13:36:06.452099,-0.070312,0.015625,1.011719,-1,0.882677621000814,-3.975052001874419,
2025-08-06T13:36:06.954967,-0.070312,0.019531,1.011719,-1,1.1032838148222464,-3.974786307045472,
2025-08-06T13:36:07.458048,-0.078125,0.015625,1.011719,-1,0.8821804749424016,-4.415096222521653,
2025-08-06T13:36:07.956853,-0.074219,0.015625,1.019531,-1,0.8757107582865988,-4.163140449323331,
2025-08-06T13:36:08.457988,-0.074219,0.019531,1.007812,-1,1.1072330153369714,-4.211081851662468,
2025-08-06T13:36:08.959658,-0.070312,0.015625,1.011719,-1,0.882677621000814,-3.975052001874419,
2025-08-06T13:36:09.464203,-0.070312,0.015625,1.015625,-1,0.8792996795163592,-3.9598166591906674,
2025-08-06T13:36:09.961467,-0.074219,0.019531,1.011719,-1,1.1029811491242274,-4.1948839424456885,
2025-08-06T13:36:10.460959,-0.070312,0.019531,1.019531,-1,1.0948722985581978,-3.94443780441863,
2025-08-06T13:36:10.985962,-0.070312,0.019531,1.011719,-1,1.1032838148222464,-3.974786307045472,
2025-08-06T13:36:11.466959,-0.078125,0.019531,1.015625,-1,1.0984477632909195,-4.397895421613334,
2025-08-06T13:36:11.968959,-0.074219,0.015625,1.011719,-1,0.8824354530316566,-4.195164247190032,
2025-08-06T13:36:12.464243,-0.074219,0.015625,1.011719,-1,0.8824354530316566,-4.195164247190032,
2025-08-06T13:36:12.965915,-0.066406,0.011719,1.015625,-1,0.6596814348035882,-3.7406752018940073,
2025-08-06T13:36:13.464264,-0.074219,0.011719,1.007812,-1,0.6644154165847265,-4.211586009682766,
2025-08-06T13:36:13.963380,-0.070312,0.015625,1.011719,-1,0.882677621000814,-3.975052001874419,
2025-08-06T13:36:14.465341,-0.078125,0.011719,1.019531,-1,0.6566325350784901,-4.381630592043893,
2025-08-06T13:36:14.983342,-0.074219,0.015625,1.015625,-1,0.8790602804446449,-4.179091116786744,
2025-08-06T13:36:15.479839,-0.074219,0.015625,1.015625,-1,0.8790602804446449,-4.179091116786744,
2025-08-06T13:36:15.973306,-0.074219,0.015625,1.015625,-1,0.8790602804446449,-4.179091116786744,
2025-08-06T13:36:16.487306,-0.074219,0.019531,1.019531,-1,1.0945765010030104,-4.162866514422745,
2025-08-06T13:36:16.970306,-0.070312,0.011719,1.015625,-1,0.659511478806085,-3.9600209833076647,
2025-08-06T13:36:17.469761,-0.074219,0.011719,1.015625,-1,0.6593319071763242,-4.179306677081632,
2025-08-06T13:36:17.972321,-0.070312,0.011719,1.011719,-1,0.6620452510160703,-3.975258693608283,
2025-08-06T13:36:18.470418,-0.074219,0.015625,1.011719,-1,0.8824354530316566,-4.195164247190032,
2025-08-06T13:36:18.973497,-0.074219,0.019531,1.015625,-1,1.0987627980003676,-4.178814021344229,
2025-08-06T13:36:19.473861,-0.074219,0.019531,1.015625,-1,1.0987627980003676,-4.178814021344229,
2025-08-06T13:36:19.976351,-0.070312,0.019531,1.019531,-1,1.0948722985581978,-3.94443780441863,
2025-08-06T13:36:20.474497,-0.074219,0.015625,1.015625,-1,0.8790602804446449,-4.179091116786744,
2025-08-06T13:36:20.978861,-0.066406,0.015625,1.015625,-1,0.8795262593266958,-3.740482129009342,
2025-08-06T13:36:21.475858,-0.078125,0.015625,1.019531,-1,0.8754615635122167,-4.381406403248674,
2025-08-06T13:36:21.974049,-0.074219,0.019531,1.007812,-1,1.1072330153369714,-4.211081851662468,
2025-08-06T13:36:22.479351,-0.074219,0.015625,1.019531,-1,0.8757107582865988,-4.163140449323331,
2025-08-06T13:36:22.985475,-0.074219,0.011719,1.019531,-1,0.6568194542417054,-4.163353550657151,
2025-08-06T13:36:23.483246,-0.074219,0.015625,1.015625,-1,0.8790602804446449,-4.179091116786744,
2025-08-06T13:36:23.985396,-0.074219,0.015625,1.015625,-1,0.8790602804446449,-4.179091116786744,
2025-08-06T13:36:24.483344,-0.074219,0.015625,1.007812,-1,0.885837445081153,-4.211365416252368,
2025-08-06T13:36:24.981609,-0.070312,0.019531,1.019531,-1,1.0948722985581978,-3.94443780441863,
2025-08-06T13:36:25.481184,-0.074219,0.015625,1.011719,-1,0.8824354530316566,-4.195164247190032,
2025-08-06T13:36:25.983414,-0.074219,0.007812,1.019531,-1,0.4378529282934181,-4.16350582156797,
2025-08-06T13:36:26.482619,-0.070312,0.019531,1.019531,-1,1.0948722985581978,-3.94443780441863,
2025-08-06T13:36:26.994821,-0.074219,0.019531,1.015625,-1,1.0987627980003676,-4.178814021344229,
2025-08-06T13:36:27.483349,-0.070312,0.019531,1.011719,-1,1.1032838148222464,-3.974786307045472,
2025-08-06T13:36:27.993813,-0.074219,0.015625,1.019531,-1,0.8757107582865988,-4.163140449323331,
2025-08-06T13:36:28.484355,-0.074219,0.015625,1.007812,-1,0.885837445081153,-4.211365416252368,
2025-08-06T13:36:28.993734,-0.066406,0.015625,1.015625,-1,0.8795262593266958,-3.740482129009342,
2025-08-06T13:36:29.489786,-0.070312,0.015625,1.011719,-1,0.882677621000814,-3.975052001874419,
2025-08-06T13:36:29.991878,-0.070312,0.015625,1.011719,-1,0.882677621000814,-3.975052001874419,
2025-08-06T13:36:30.487821,-0.074219,0.019531,1.015625,-1,1.0987627980003676,-4.178814021344229,
2025-08-06T13:36:30.991858,-0.074219,0.015625,1.011719,-1,0.8824354530316566,-4.195164247190032,
2025-08-06T13:36:31.495858,-0.074219,0.015625,1.015625,-1,0.8790602804446449,-4.179091116786744,
2025-08-06T13:36:31.992394,-0.078125,0.019531,1.015625,-1,1.0984477632909195,-4.397895421613334,
2025-08-06T13:36:32.493344,-0.074219,0.015625,1.015625,-1,0.8790602804446449,-4.179091116786744,
2025-08-06T13:36:33.000682,-0.078125,0.015625,1.019531,-1,0.8754615635122167,-4.381406403248674,
2025-08-06T13:36:33.498552,-0.074219,0.015625,1.007812,-1,0.885837445081153,-4.211365416252368,
2025-08-06T13:36:33.993721,-0.074219,0.011719,1.011719,-1,0.661863602311014,-4.195382304387747,
2025-08-06T13:36:34.492272,-0.070312,0.019531,1.015625,-1,1.0990620033875442,-3.959554007490287,
2025-08-06T13:36:34.995035,-0.070312,0.015625,1.015625,-1,0.8792996795163592,-3.9598166591906674,
2025-08-06T13:36:35.498713,-0.078125,0.015625,1.015625,-1,0.8788082160947002,-4.398186932818698,
2025-08-06T13:36:35.995082,-0.070312,0.015625,1.023438,-1,0.8726197340321947,-3.929689254469079,
2025-08-06T13:36:36.501899,-0.074219,0.015625,1.011719,-1,0.8824354530316566,-4.195164247190032,
2025-08-06T13:36:37.008144,-0.078125,0.019531,1.019531,-1,1.0942650524290611,-4.381118215754438,
2025-08-06T13:36:37.500438,-0.078125,0.019531,1.019531,-1,1.0942650524290611,-4.381118215754438,
2025-08-06T13:36:37.993438,-0.078125,0.015625,1.015625,-1,0.8788082160947002,-4.398186932818698,
2025-08-06T13:36:38.499857,-0.074219,0.015625,1.019531,-1,0.8757107582865988,-4.163140449323331,
2025-08-06T13:36:38.998865,-0.078125,0.015625,1.011719,-1,0.8821804749424016,-4.415096222521653,
2025-08-06T13:36:39.505689,-0.074219,0.019531,1.011719,-1,1.1029811491242274,-4.1948839424456885,
2025-08-06T13:36:40.001786,-0.070312,0.019531,1.007812,-1,1.1075391957439158,-3.990139988221692,
2025-08-06T13:36:40.501876,-0.074219,0.019531,1.023438,-1,1.0904208355486065,-4.147035994474838,
2025-08-06T13:36:41.012576,-0.070312,0.011719,1.011719,-1,0.6620452510160703,-3.975258693608283,
2025-08-06T13:36:41.506575,-0.078125,0.019531,1.019531,-1,1.0942650524290611,-4.381118215754438,
2025-08-06T13:36:42.017577,-0.070312,0.015625,1.011719,-1,0.882677621000814,-3.975052001874419,
2025-08-06T13:36:42.515576,-0.074219,0.015625,1.011719,-1,0.8824354530316566,-4.195164247190032,
2025-08-06T13:36:43.031332,-0.074219,0.015625,1.019531,-1,0.8757107582865988,-4.163140449323331,
2025-08-06T13:36:43.505562,-0.074219,0.019531,1.023438,-1,1.0904208355486065,-4.147035994474838,
2025-08-06T13:36:44.008705,-0.074219,0.011719,1.011719,-1,0.661863602311014,-4.195382304387747,
2025-08-06T13:36:44.508073,-0.066406,0.011719,1.015625,-1,0.6596814348035882,-3.7406752018940073,
2025-08-06T13:36:45.013269,-0.070312,0.015625,1.023438,-1,0.8726197340321947,-3.929689254469079,
2025-08-06T13:36:45.509268,-0.074219,0.019531,1.015625,-1,1.0987627980003676,-4.178814021344229,
2025-08-06T13:36:46.016671,-0.074219,0.019531,1.019531,-1,1.0945765010030104,-4.162866514422745,
2025-08-06T13:36:46.538673,-0.074219,0.011719,1.015625,-1,0.6593319071763242,-4.179306677081632,
2025-08-06T13:36:47.023962,-0.074219,0.019531,1.011719,-1,1.1029811491242274,-4.1948839424456885,
2025-08-06T13:36:47.514310,-0.074219,0.015625,1.015625,-1,0.8790602804446449,-4.179091116786744,
2025-08-06T13:36:48.015827,-0.074219,0.011719,1.015625,-1,0.6593319071763242,-4.179306677081632,
2025-08-06T13:36:48.514705,-0.070312,0.019531,1.015625,-1,1.0990620033875442,-3.959554007490287,
2025-08-06T13:36:49.015723,-0.074219,0.019531,1.011719,-1,1.1029811491242274,-4.1948839424456885,
2025-08-06T13:36:49.517837,-0.070312,0.015625,1.011719,-1,0.882677621000814,-3.975052001874419,
2025-08-06T13:36:50.012983,-0.078125,0.019531,1.011719,-1,1.1026624730935723,-4.414801336352567,
2025-08-06T13:36:50.519372,-0.070312,0.015625,1.019531,-1,0.8759474304583958,-3.9446974592464015,
2025-08-06T13:36:51.016370,-0.078125,0.011719,1.019531,-1,0.6566325350784901,-4.381630592043893,
2025-08-06T13:36:51.520395,-0.078125,0.015625,1.019531,-1,0.8754615635122167,-4.381406403248674,
2025-08-06T13:36:52.021347,-0.074219,0.019531,1.015625,-1,1.0987627980003676,-4.178814021344229,
2025-08-06T13:36:52.525345,-0.078125,0.015625,1.019531,-1,0.8754615635122167,-4.381406403248674,
2025-08-06T13:36:53.026252,-0.078125,0.011719,1.011719,-1,0.6616723448247972,-4.41532562301725,
2025-08-06T13:36:53.520284,-0.074219,0.015625,1.015625,-1,0.8790602804446449,-4.179091116786744,
2025-08-06T13:36:54.019707,-0.070312,0.015625,1.019531,-1,0.8759474304583958,-3.9446974592464015,
2025-08-06T13:36:54.521734,-0.074219,0.011719,1.019531,-1,0.6568194542417054,-4.163353550657151,
2025-08-06T13:36:55.022093,-0.070312,0.007812,1.015625,-1,0.4396475897690352,-3.960166982639457,
2025-08-06T13:36:55.525079,-0.078125,0.015625,1.011719,-1,0.8821804749424016,-4.415096222521653,
2025-08-06T13:36:56.023404,-0.070312,0.015625,1.019531,-1,0.8759474304583958,-3.9446974592464015,
2025-08-06T13:36:56.525989,-0.066406,0.019531,1.007812,-1,1.10782898445145,-3.7691357978354745,
2025-08-06T13:36:57.032065,-0.074219,0.011719,1.015625,-1,0.6593319071763242,-4.179306677081632,
2025-08-06T13:36:57.526831,-0.074219,0.011719,1.015625,-1,0.6593319071763242,-4.179306677081632,
2025-08-06T13:36:58.030351,-0.070312,0.015625,1.019531,-1,0.8759474304583958,-3.9446974592464015,
2025-08-06T13:36:58.533352,-0.078125,0.015625,1.011719,-1,0.8821804749424016,-4.415096222521653,
2025-08-06T13:36:59.029817,-0.070312,0.015625,1.019531,-1,0.8759474304583958,-3.9446974592464015,
2025-08-06T13:36:59.534065,-0.078125,0.007812,1.015625,-1,0.4394018303998351,-4.398575748855442,
2025-08-06T13:37:00.031857,-0.070312,0.019531,1.011719,-1,1.1032838148222464,-3.974786307045472,
2025-08-06T13:37:00.533421,-0.074219,0.011719,1.015625,-1,0.6593319071763242,-4.179306677081632,
2025-08-06T13:37:01.033422,-0.074219,0.015625,1.015625,-1,0.8790602804446449,-4.179091116786744,
2025-08-06T13:37:01.578422,-0.074219,0.015625,1.015625,-1,0.8790602804446449,-4.179091116786744,
2025-08-06T13:37:02.030421,-0.078125,0.011719,1.015625,-1,0.6591428354176316,-4.398413707523402,
2025-08-06T13:37:02.529957,-0.066406,0.019531,1.003906,-1,1.112119510950239,-3.783752721160328,
2025-08-06T13:37:03.032378,-0.070312,0.015625,1.011719,-1,0.882677621000814,-3.975052001874419,
2025-08-06T13:37:03.532230,-0.074219,0.015625,1.011719,-1,0.8824354530316566,-4.195164247190032,
2025-08-06T13:37:04.031913,-0.070312,0.011719,1.007812,-1,0.6645991750243075,-3.990617870788554,
2025-08-06T13:37:04.530791,-0.074219,0.011719,1.015625,-1,0.6593319071763242,-4.179306677081632,
2025-08-06T13:37:05.037781,-0.074219,0.011719,1.019531,-1,0.6568194542417054,-4.163353550657151,
2025-08-06T13:37:05.531881,-0.078125,0.015625,1.011719,-1,0.8821804749424016,-4.415096222521653,
2025-08-06T13:37:06.032707,-0.078125,0.019531,1.023438,-1,1.0901129198618515,-4.36446401113324,
2025-08-06T13:37:06.530805,-0.070312,0.015625,1.015625,-1,0.8792996795163592,-3.9598166591906674,
2025-08-06T13:37:07.032858,-0.074219,0.015625,1.015625,-1,0.8790602804446449,-4.179091116786744,
2025-08-06T13:37:07.551284,-0.074219,0.019531,1.015625,-1,1.0987627980003676,-4.178814021344229,
2025-08-06T13:37:08.032692,-0.070312,0.011719,1.011719,-1,0.6620452510160703,-3.975258693608283,
2025-08-06T13:37:08.534485,-0.070312,0.019531,1.011719,-1,1.1032838148222464,-3.974786307045472,
2025-08-06T13:37:09.036329,-0.074219,0.015625,1.011719,-1,0.8824354530316566,-4.195164247190032,
2025-08-06T13:37:09.537673,-0.070312,0.015625,1.007812,-1,0.8860824254812231,-3.990408774127534,
2025-08-06T13:37:10.035672,-0.078125,0.015625,1.011719,-1,0.8821804749424016,-4.415096222521653,
2025-08-06T13:37:10.535483,-0.078125,0.011719,1.011719,-1,0.6616723448247972,-4.41532562301725,
2025-08-06T13:37:11.038082,-0.070312,0.015625,1.015625,-1,0.8792996795163592,-3.9598166591906674,
2025-08-06T13:37:11.538364,-0.078125,0.015625,1.007812,-1,0.8855795074738829,-4.432140136110196,
2025-08-06T13:37:12.038495,-0.070312,0.015625,1.011719,-1,0.882677621000814,-3.975052001874419,
2025-08-06T13:37:12.543495,-0.070312,0.019531,1.011719,-1,1.1032838148222464,-3.974786307045472,
2025-08-06T13:37:13.046539,-0.078125,0.015625,1.015625,-1,0.8788082160947002,-4.398186932818698,
2025-08-06T13:37:13.544251,-0.070312,0.015625,1.011719,-1,0.882677621000814,-3.975052001874419,
2025-08-06T13:37:14.047359,-0.074219,0.015625,1.007812,-1,0.885837445081153,-4.211365416252368,
2025-08-06T13:37:14.542403,-0.070312,0.015625,1.015625,-1,0.8792996795163592,-3.9598166591906674,
2025-08-06T13:37:15.038945,-0.074219,0.011719,1.011719,-1,0.661863602311014,-4.195382304387747,
2025-08-06T13:37:15.541235,-0.074219,0.019531,1.027344,-1,1.0862975713345,-4.1313291950822295,
2025-08-06T13:37:16.045143,-0.074219,0.015625,1.011719,-1,0.8824354530316566,-4.195164247190032,
2025-08-06T13:37:16.552430,-0.074219,0.015625,1.011719,-1,0.8824354530316566,-4.195164247190032,
2025-08-06T13:37:17.044452,-0.074219,0.015625,1.015625,-1,0.8790602804446449,-4.179091116786744,
2025-08-06T13:37:17.544809,-0.074219,0.015625,1.015625,-1,0.8790602804446449,-4.179091116786744,
2025-08-06T13:37:18.047954,-0.070312,0.011719,1.011719,-1,0.6620452510160703,-3.975258693608283,
2025-08-06T13:37:18.548628,-0.078125,0.019531,1.015625,-1,1.0984477632909195,-4.397895421613334,
2025-08-06T13:37:19.047696,-0.078125,0.015625,1.019531,-1,0.8754615635122167,-4.381406403248674,
2025-08-06T13:37:19.547350,-0.074219,0.015625,1.023438,-1,0.8723857482373869,-4.147306815880882,
2025-08-06T13:37:20.049253,-0.070312,0.019531,1.015625,-1,1.0990620033875442,-3.959554007490287,
2025-08-06T13:37:20.546369,-0.074219,0.019531,1.019531,-1,1.0945765010030104,-4.162866514422745,
2025-08-06T13:37:21.051398,-0.078125,0.015625,1.019531,-1,0.8754615635122167,-4.381406403248674,
2025-08-06T13:37:21.548204,-0.074219,0.015625,1.007812,-1,0.885837445081153,-4.211365416252368,
2025-08-06T13:37:22.050611,-0.074219,0.019531,1.015625,-1,1.0987627980003676,-4.178814021344229,
2025-08-06T13:37:22.549695,-0.074219,0.011719,1.019531,-1,0.6568194542417054,-4.163353550657151,
2025-08-06T13:37:23.051051,-0.074219,0.015625,1.011719,-1,0.8824354530316566,-4.195164247190032,
2025-08-06T13:37:23.551398,-0.074219,0.019531,1.015625,-1,1.0987627980003676,-4.178814021344229,
2025-08-06T13:37:24.051235,-0.074219,0.015625,1.011719,-1,0.8824354530316566,-4.195164247190032,
2025-08-06T13:37:24.552724,-0.074219,0.015625,1.015625,-1,0.8790602804446449,-4.179091116786744,
2025-08-06T13:37:25.050342,-0.074219,0.015625,1.015625,-1,0.8790602804446449,-4.179091116786744,
2025-08-06T13:37:25.551739,-0.070312,0.011719,1.011719,-1,0.6620452510160703,-3.975258693608283,
2025-08-06T13:37:26.049802,-0.074219,0.011719,1.011719,-1,0.661863602311014,-4.195382304387747,
2025-08-06T13:37:26.550828,-0.078125,0.015625,1.015625,-1,0.8788082160947002,-4.398186932818698,
2025-08-06T13:37:27.049824,-0.074219,0.023438,1.019531,-1,1.3134663212654785,-4.1625316885074,
2025-08-06T13:37:27.552013,-0.070312,0.015625,1.007812,-1,0.8860824254812231,-3.990408774127534,
2025-08-06T13:37:28.051904,-0.074219,0.015625,1.015625,-1,0.8790602804446449,-4.179091116786744,
2025-08-06T13:37:28.554864,-0.070312,0.019531,1.019531,-1,1.0948722985581978,-3.94443780441863,
2025-08-06T13:37:29.060855,-0.074219,0.015625,1.019531,-1,0.8757107582865988,-4.163140449323331,
2025-08-06T13:37:29.558911,-0.070312,0.015625,1.015625,-1,0.8792996795163592,-3.9598166591906674,
2025-08-06T13:37:30.053859,-0.074219,0.015625,1.019531,-1,0.8757107582865988,-4.163140449323331,
2025-08-06T13:37:30.554157,-0.074219,0.015625,1.015625,-1,0.8790602804446449,-4.179091116786744,
2025-08-06T13:37:31.055464,-0.074219,0.011719,1.015625,-1,0.6593319071763242,-4.179306677081632,
2025-08-06T13:37:31.603189,-0.074219,0.007812,1.015625,-1,0.4395278767543178,-4.1794607051913015,
2025-08-06T13:37:32.054837,-0.078125,0.015625,1.015625,-1,0.8788082160947002,-4.398186932818698,
2025-08-06T13:37:32.559150,-0.074219,0.011719,1.019531,-1,0.6568194542417054,-4.163353550657151,
2025-08-06T13:37:33.058214,-0.074219,0.007812,1.007812,-1,0.4429168451083676,-4.2117436345319925,
2025-08-06T13:37:33.569422,-0.078125,0.011719,1.007812,-1,0.6642219390273632,-4.4323722037370175,
2025-08-06T13:37:34.063857,-0.078125,0.019531,1.011719,-1,1.1026624730935723,-4.414801336352567,
2025-08-06T13:37:34.559919,-0.070312,0.023438,1.011719,-1,1.3239137632710951,-3.974461553954323,
2025-08-06T13:37:35.062468,-0.070312,0.015625,1.007812,-1,0.8860824254812231,-3.990408774127534,
2025-08-06T13:37:35.560273,-0.074219,0.019531,1.003906,-1,1.111516594346942,-4.227400891418085,
2025-08-06T13:37:36.062623,-0.078125,0.019531,1.015625,-1,1.0984477632909195,-4.397895421613334,
2025-08-06T13:37:36.563138,-0.070312,0.019531,1.019531,-1,1.0948722985581978,-3.94443780441863,
2025-08-06T13:37:37.063822,-0.070312,0.019531,1.011719,-1,1.1032838148222464,-3.974786307045472,
2025-08-06T13:37:37.564776,-0.070312,0.015625,1.011719,-1,0.882677621000814,-3.975052001874419,
2025-08-06T13:37:38.065319,-0.074219,0.015625,1.015625,-1,0.8790602804446449,-4.179091116786744,
2025-08-06T13:37:38.564882,-0.070312,0.019531,1.023438,-1,1.090713275908077,-3.929432551882644,
2025-08-06T13:37:39.068002,-0.074219,0.019531,1.019531,-1,1.0945765010030104,-4.162866514422745,
2025-08-06T13:37:39.568222,-0.078125,0.019531,1.019531,-1,1.0942650524290611,-4.381118215754438,
2025-08-06T13:37:40.067083,-0.066406,0.019531,1.015625,-1,1.0993451870049025,-3.740233940400369,
2025-08-06T13:37:40.568547,-0.074219,0.015625,1.007812,-1,0.885837445081153,-4.211365416252368,
2025-08-06T13:37:41.071611,-0.074219,0.019531,1.015625,-1,1.0987627980003676,-4.178814021344229,
2025-08-06T13:37:41.569848,-0.074219,0.015625,1.015625,-1,0.8790602804446449,-4.179091116786744,
2025-08-06T13:37:42.069602,-0.070312,0.015625,1.015625,-1,0.8792996795163592,-3.9598166591906674,
2025-08-06T13:37:42.571278,-0.066406,0.019531,1.015625,-1,1.0993451870049025,-3.740233940400369,
2025-08-06T13:37:43.070599,-0.070312,0.011719,1.011719,-1,0.6620452510160703,-3.975258693608283,
2025-08-06T13:37:43.573886,-0.070312,0.019531,1.015625,-1,1.0990620033875442,-3.959554007490287,
2025-08-06T13:37:44.070886,-0.070312,0.019531,1.011719,-1,1.1032838148222464,-3.974786307045472,
2025-08-06T13:37:44.572194,-0.070312,0.015625,1.019531,-1,0.8759474304583958,-3.9446974592464015,
2025-08-06T13:37:45.073124,-0.070312,0.015625,1.015625,-1,0.8792996795163592,-3.9598166591906674,
2025-08-06T13:37:45.577819,-0.074219,0.011719,1.011719,-1,0.661863602311014,-4.195382304387747,
2025-08-06T13:37:46.076862,-0.078125,0.019531,1.015625,-1,1.0984477632909195,-4.397895421613334,
2025-08-06T13:37:46.614061,-0.074219,0.015625,1.019531,-1,0.8757107582865988,-4.163140449323331,
2025-08-06T13:37:47.076122,-0.078125,0.019531,1.019531,-1,1.0942650524290611,-4.381118215754438,
2025-08-06T13:37:47.579797,-0.074219,0.011719,1.011719,-1,0.661863602311014,-4.195382304387747,
2025-08-06T13:37:48.078384,-0.074219,0.019531,1.019531,-1,1.0945765010030104,-4.162866514422745,
2025-08-06T13:37:48.582366,-0.074219,0.019531,1.011719,-1,1.1029811491242274,-4.1948839424456885,
2025-08-06T13:37:49.078185,-0.078125,0.015625,1.011719,-1,0.8821804749424016,-4.415096222521653,
2025-08-06T13:37:49.581548,-0.070312,0.019531,1.011719,-1,1.1032838148222464,-3.974786307045472,
2025-08-06T13:37:50.079864,-0.074219,0.015625,1.015625,-1,0.8790602804446449,-4.179091116786744,
2025-08-06T13:37:50.579502,-0.074219,0.015625,1.019531,-1,0.8757107582865988,-4.163140449323331,
2025-08-06T13:37:51.079782,-0.074219,0.019531,1.015625,-1,1.0987627980003676,-4.178814021344229,
2025-08-06T13:37:51.581897,-0.074219,0.015625,1.019531,-1,0.8757107582865988,-4.163140449323331,
2025-08-06T13:37:52.080341,-0.074219,0.011719,1.011719,-1,0.661863602311014,-4.195382304387747,
2025-08-06T13:37:52.582324,-0.074219,0.015625,1.019531,-1,0.8757107582865988,-4.163140449323331,
2025-08-06T13:37:53.081352,-0.070312,0.015625,1.019531,-1,0.8759474304583958,-3.9446974592464015,
2025-08-06T13:37:53.585577,-0.078125,0.011719,1.015625,-1,0.6591428354176316,-4.398413707523402,
2025-08-06T13:37:54.087598,-0.078125,0.015625,1.007812,-1,0.8855795074738829,-4.432140136110196,
2025-08-06T13:37:54.583415,-0.070312,0.015625,1.015625,-1,0.8792996795163592,-3.9598166591906674,
2025-08-06T13:37:55.083972,-0.070312,0.015625,1.015625,-1,0.8792996795163592,-3.9598166591906674,
2025-08-06T13:37:55.584532,-0.074219,0.019531,1.019531,-1,1.0945765010030104,-4.162866514422745,
2025-08-06T13:37:56.091674,-0.074219,0.011719,1.019531,-1,0.6568194542417054,-4.163353550657151,
2025-08-06T13:37:56.584811,-0.070312,0.019531,1.019531,-1,1.0948722985581978,-3.94443780441863,
2025-08-06T13:37:57.085720,-0.078125,0.015625,1.015625,-1,0.8788082160947002,-4.398186932818698,
2025-08-06T13:37:57.586762,-0.070312,0.015625,1.003906,-1,0.8895126503967048,-4.005880476871976,
2025-08-06T13:37:58.087980,-0.074219,0.011719,1.011719,-1,0.661863602311014,-4.195382304387747,
2025-08-06T13:37:58.592836,-0.070312,0.015625,1.015625,-1,0.8792996795163592,-3.9598166591906674,
2025-08-06T13:37:59.088082,-0.074219,0.015625,1.019531,-1,0.8757107582865988,-4.163140449323331,
2025-08-06T13:37:59.588332,-0.070312,0.015625,1.015625,-1,0.8792996795163592,-3.9598166591906674,
2025-08-06T13:38:00.090069,-0.070312,0.019531,1.011719,-1,1.1032838148222464,-3.974786307045472,
2025-08-06T13:38:00.592075,-0.074219,0.015625,1.019531,-1,0.8757107582865988,-4.163140449323331,
2025-08-06T13:38:01.098241,-0.070312,0.019531,1.011719,-1,1.1032838148222464,-3.974786307045472,
2025-08-06T13:38:01.645242,-0.070312,0.011719,1.011719,-1,0.6620452510160703,-3.975258693608283,
2025-08-06T13:38:02.091786,-0.070312,0.015625,1.019531,-1,0.8759474304583958,-3.9446974592464015,
2025-08-06T13:38:02.592348,-0.074219,0.019531,1.023438,-1,1.0904208355486065,-4.147035994474838,
2025-08-06T13:38:03.171844,-0.070312,0.019531,1.015625,-1,1.0990620033875442,-3.959554007490287,
2025-08-06T13:38:03.595450,-0.074219,0.007812,1.007812,-1,0.4429168451083676,-4.2117436345319925,
2025-08-06T13:38:04.094313,-0.066406,0.011719,1.011719,-1,0.6622171739186216,-3.75507386729858,
2025-08-06T13:38:04.597585,-0.070312,0.011719,1.011719,-1,0.6620452510160703,-3.975258693608283,
2025-08-06T13:38:05.095790,-0.078125,0.011719,1.027344,-1,0.6516680649105964,-4.348440715743172,
2025-08-06T13:38:05.596404,-0.078125,0.015625,1.007812,-1,0.8855795074738829,-4.432140136110196,
2025-08-06T13:38:06.096922,-0.070312,0.015625,1.007812,-1,0.8860824254812231,-3.990408774127534,
2025-08-06T13:38:06.598360,-0.070312,0.011719,1.011719,-1,0.6620452510160703,-3.975258693608283,
2025-08-06T13:38:07.096424,-0.078125,0.019531,1.015625,-1,1.0984477632909195,-4.397895421613334,
2025-08-06T13:38:07.598763,-0.078125,0.015625,1.019531,-1,0.8754615635122167,-4.381406403248674,
2025-08-06T13:38:08.096133,-0.070312,0.015625,1.015625,-1,0.8792996795163592,-3.9598166591906674,
2025-08-06T13:38:08.597804,-0.074219,0.015625,1.019531,-1,0.8757107582865988,-4.163140449323331,
2025-08-06T13:38:09.098365,-0.066406,0.011719,1.011719,-1,0.6622171739186216,-3.75507386729858,
2025-08-06T13:38:09.598842,-0.078125,0.015625,1.011719,-1,0.8821804749424016,-4.415096222521653,
2025-08-06T13:38:10.101451,-0.074219,0.015625,1.015625,-1,0.8790602804446449,-4.179091116786744,
2025-08-06T13:38:10.609985,-0.074219,0.019531,1.015625,-1,1.0987627980003676,-4.178814021344229,
2025-08-06T13:38:11.101930,-0.070312,0.015625,1.015625,-1,0.8792996795163592,-3.9598166591906674,
2025-08-06T13:38:11.600845,-0.074219,0.023438,1.015625,-1,1.318489239368982,-4.178475332923178,
2025-08-06T13:38:12.102132,-0.074219,0.011719,1.015625,-1,0.6593319071763242,-4.179306677081632,
2025-08-06T13:38:12.602940,-0.074219,0.015625,1.015625,-1,0.8790602804446449,-4.179091116786744,
2025-08-06T13:38:13.104827,-0.070312,0.015625,1.011719,-1,0.882677621000814,-3.975052001874419,
2025-08-06T13:38:13.604254,-0.066406,0.015625,1.011719,-1,0.8829068228431354,-3.754878556396407,
2025-08-06T13:38:14.104408,-0.074219,0.019531,1.015625,-1,1.0987627980003676,-4.178814021344229,
2025-08-06T13:38:14.606878,-0.078125,0.015625,1.015625,-1,0.8788082160947002,-4.398186932818698,
2025-08-06T13:38:15.105560,-0.074219,0.015625,1.011719,-1,0.8824354530316566,-4.195164247190032,
2025-08-06T13:38:15.605161,-0.074219,0.015625,1.015625,-1,0.8790602804446449,-4.179091116786744,
2025-08-06T13:38:16.103822,-0.074219,0.019531,1.015625,-1,1.0987627980003676,-4.178814021344229,
2025-08-06T13:38:16.708830,-0.070312,0.015625,1.011719,-1,0.882677621000814,-3.975052001874419,
2025-08-06T13:38:17.107663,-0.070312,0.011719,1.015625,-1,0.659511478806085,-3.9600209833076647,
2025-08-06T13:38:17.608833,-0.078125,0.011719,1.011719,-1,0.6616723448247972,-4.41532562301725,
2025-08-06T13:38:18.111085,-0.078125,0.019531,1.007812,-1,1.106910640781439,-4.431841821849936,
2025-08-06T13:38:18.611043,-0.074219,0.015625,1.023438,-1,0.8723857482373869,-4.147306815880882,
2025-08-06T13:38:19.122047,-0.074219,0.015625,1.015625,-1,0.8790602804446449,-4.179091116786744,
2025-08-06T13:38:19.615685,-0.074219,0.011719,1.007812,-1,0.6644154165847265,-4.211586009682766,
2025-08-06T13:38:20.112862,-0.078125,0.015625,1.015625,-1,0.8788082160947002,-4.398186932818698,
2025-08-06T13:38:20.614643,-0.066406,0.011719,1.015625,-1,0.6596814348035882,-3.7406752018940073,
2025-08-06T13:38:21.118622,-0.070312,0.011719,1.011719,-1,0.6620452510160703,-3.975258693608283,
2025-08-06T13:38:21.614473,-0.074219,0.015625,1.007812,-1,0.885837445081153,-4.211365416252368,
2025-08-06T13:38:22.114447,-0.074219,0.015625,1.011719,-1,0.8824354530316566,-4.195164247190032,
2025-08-06T13:38:22.617350,-0.070312,0.011719,1.011719,-1,0.6620452510160703,-3.975258693608283,
2025-08-06T13:38:23.115219,-0.078125,0.015625,1.019531,-1,0.8754615635122167,-4.381406403248674,
2025-08-06T13:38:23.617159,-0.078125,0.011719,1.019531,-1,0.6566325350784901,-4.381630592043893,
2025-08-06T13:38:24.117548,-0.070312,0.023438,1.019531,-1,1.3138212334336523,-3.9441204328156063,
2025-08-06T13:38:24.633410,-0.070312,0.011719,1.015625,-1,0.659511478806085,-3.9600209833076647,
2025-08-06T13:38:25.117829,-0.074219,0.015625,1.007812,-1,0.885837445081153,-4.211365416252368,
2025-08-06T13:38:25.619380,-0.070312,0.019531,1.007812,-1,1.1075391957439158,-3.990139988221692,
2025-08-06T13:38:26.116251,-0.078125,0.015625,1.019531,-1,0.8754615635122167,-4.381406403248674,
2025-08-06T13:38:26.623388,-0.066406,0.015625,1.019531,-1,0.876171428032863,-3.726195505459816,
2025-08-06T13:38:27.118253,-0.074219,0.015625,1.015625,-1,0.8790602804446449,-4.179091116786744,
2025-08-06T13:38:27.619220,-0.078125,0.015625,1.023438,-1,0.8721393804253038,-4.364748924369022,
2025-08-06T13:38:28.120357,-0.074219,0.015625,1.015625,-1,0.8790602804446449,-4.179091116786744,
2025-08-06T13:38:28.619905,-0.070312,0.015625,1.023438,-1,0.8726197340321947,-3.929689254469079,
2025-08-06T13:38:29.120383,-0.070312,0.015625,1.019531,-1,0.8759474304583958,-3.9446974592464015,
2025-08-06T13:38:29.623490,-0.070312,0.015625,1.011719,-1,0.882677621000814,-3.975052001874419,
2025-08-06T13:38:30.121293,-0.074219,0.019531,1.007812,-1,1.1072330153369714,-4.211081851662468,
2025-08-06T13:38:31.335505,-0.074219,0.011719,1.011719,-1,0.661863602311014,-4.195382304387747,
2025-08-06T13:38:31.683510,-0.074219,0.011719,1.011719,-1,0.661863602311014,-4.195382304387747,
2025-08-06T13:38:32.034506,-0.074219,0.015625,1.015625,-1,0.8790602804446449,-4.179091116786744,
2025-08-06T13:38:32.476883,-0.070312,0.023438,1.015625,-1,1.318848239976308,-3.9592329734027016,
2025-08-06T13:38:32.974078,-0.074219,0.015625,1.015625,-1,0.8790602804446449,-4.179091116786744,
2025-08-06T13:38:33.471978,-0.074219,0.007812,1.007812,-1,0.4429168451083676,-4.2117436345319925,
2025-08-06T13:38:33.978848,-0.074219,0.019531,1.023438,-1,1.0904208355486065,-4.147035994474838,
2025-08-06T13:38:34.488738,-0.078125,0.015625,1.015625,-1,0.8788082160947002,-4.398186932818698,
2025-08-06T13:38:34.975817,-0.074219,0.019531,1.015625,-1,1.0987627980003676,-4.178814021344229,
2025-08-06T13:38:35.478869,-0.074219,0.015625,1.015625,-1,0.8790602804446449,-4.179091116786744,
2025-08-06T13:38:35.977856,-0.074219,0.015625,1.019531,-1,0.8757107582865988,-4.163140449323331,
2025-08-06T13:38:36.478472,-0.070312,0.015625,1.015625,-1,0.8792996795163592,-3.9598166591906674,
2025-08-06T13:38:36.978843,-0.066406,0.015625,1.015625,-1,0.8795262593266958,-3.740482129009342,
2025-08-06T13:38:37.476843,-0.074219,0.015625,1.007812,-1,0.885837445081153,-4.211365416252368,
2025-08-06T13:38:37.983283,-0.074219,0.019531,1.015625,-1,1.0987627980003676,-4.178814021344229,
2025-08-06T13:38:38.482847,-0.070312,0.015625,1.023438,-1,0.8726197340321947,-3.929689254469079,
2025-08-06T13:38:38.980845,-0.074219,0.011719,1.019531,-1,0.6568194542417054,-4.163353550657151,
2025-08-06T13:38:39.478845,-0.074219,0.019531,1.003906,-1,1.111516594346942,-4.227400891418085,
2025-08-06T13:38:39.987351,-0.074219,0.019531,1.015625,-1,1.0987627980003676,-4.178814021344229,
2025-08-06T13:38:40.485073,-0.074219,0.011719,1.015625,-1,0.6593319071763242,-4.179306677081632,
2025-08-06T13:38:40.985585,-0.070312,0.015625,1.015625,-1,0.8792996795163592,-3.9598166591906674,
2025-08-06T13:38:41.485375,-0.074219,0.015625,1.011719,-1,0.8824354530316566,-4.195164247190032,
2025-08-06T13:38:41.986278,-0.078125,0.015625,1.011719,-1,0.8821804749424016,-4.415096222521653,
2025-08-06T13:38:42.487244,-0.074219,0.015625,1.015625,-1,0.8790602804446449,-4.179091116786744,
2025-08-06T13:38:42.987038,-0.078125,0.019531,1.011719,-1,1.1026624730935723,-4.414801336352567,
2025-08-06T13:38:43.488174,-0.066406,0.011719,1.019531,-1,0.6571649992509749,-3.726386374364592,
2025-08-06T13:38:43.990100,-0.070312,0.015625,1.011719,-1,0.882677621000814,-3.975052001874419,
2025-08-06T13:38:44.487470,-0.078125,0.015625,1.015625,-1,0.8788082160947002,-4.398186932818698,
2025-08-06T13:38:44.991970,-0.074219,0.015625,1.019531,-1,0.8757107582865988,-4.163140449323331,
2025-08-06T13:38:45.490383,-0.074219,0.015625,1.011719,-1,0.8824354530316566,-4.195164247190032,
2025-08-06T13:38:45.991383,-0.070312,0.015625,1.019531,-1,0.8759474304583958,-3.9446974592464015,
2025-08-06T13:38:46.625851,-0.074219,0.015625,1.011719,-1,0.8824354530316566,-4.195164247190032,
2025-08-06T13:38:46.991203,-0.074219,0.019531,1.007812,-1,1.1072330153369714,-4.211081851662468,
2025-08-06T13:38:47.489201,-0.074219,0.015625,1.011719,-1,0.8824354530316566,-4.195164247190032,
2025-08-06T13:38:47.991107,-0.078125,0.015625,1.007812,-1,0.8855795074738829,-4.432140136110196,
2025-08-06T13:38:48.494451,-0.074219,0.015625,1.011719,-1,0.8824354530316566,-4.195164247190032,
2025-08-06T13:38:49.002092,-0.066406,0.015625,1.015625,-1,0.8795262593266958,-3.740482129009342,
2025-08-06T13:38:49.493106,-0.078125,0.023438,1.007812,-1,1.3282653906120647,-4.4314771992945285,
2025-08-06T13:38:49.995820,-0.070312,0.015625,1.023438,-1,0.8726197340321947,-3.929689254469079,
2025-08-06T13:38:50.492350,-0.074219,0.015625,1.007812,-1,0.885837445081153,-4.211365416252368,
2025-08-06T13:38:50.999385,-0.066406,0.019531,1.011719,-1,1.1035702752112522,-3.75462749123489,
2025-08-06T13:38:51.494547,-0.074219,0.019531,1.003906,-1,1.111516594346942,-4.227400891418085,
2025-08-06T13:38:51.993829,-0.074219,0.011719,1.015625,-1,0.6593319071763242,-4.179306677081632,
2025-08-06T13:38:52.499317,-0.078125,0.015625,1.011719,-1,0.8821804749424016,-4.415096222521653,
2025-08-06T13:38:52.994450,-0.074219,0.015625,1.015625,-1,0.8790602804446449,-4.179091116786744,
2025-08-06T13:38:53.493145,-0.070312,0.015625,1.023438,-1,0.8726197340321947,-3.929689254469079,
2025-08-06T13:38:53.999507,-0.074219,0.015625,1.011719,-1,0.8824354530316566,-4.195164247190032,
2025-08-06T13:38:54.499579,-0.082031,0.015625,1.011719,-1,0.8819126600863326,-4.634897910288624,
2025-08-06T13:38:54.994364,-0.078125,0.015625,1.015625,-1,0.8788082160947002,-4.398186932818698,
2025-08-06T13:38:55.495495,-0.070312,0.019531,1.015625,-1,1.0990620033875442,-3.959554007490287,
2025-08-06T13:38:55.995877,-0.078125,0.015625,1.019531,-1,0.8754615635122167,-4.381406403248674,
2025-08-06T13:38:56.496407,-0.074219,0.015625,1.015625,-1,0.8790602804446449,-4.179091116786744,
2025-08-06T13:38:56.997211,-0.078125,0.015625,1.015625,-1,0.8788082160947002,-4.398186932818698,
2025-08-06T13:38:57.497878,-0.070312,0.015625,1.015625,-1,0.8792996795163592,-3.9598166591906674,
2025-08-06T13:38:57.998057,-0.070312,0.015625,1.011719,-1,0.882677621000814,-3.975052001874419,
2025-08-06T13:38:58.499822,-0.066406,0.019531,1.015625,-1,1.0993451870049025,-3.740233940400369,
2025-08-06T13:38:59.000955,-0.078125,0.019531,1.019531,-1,1.0942650524290611,-4.381118215754438,
2025-08-06T13:38:59.501438,-0.070312,0.015625,1.019531,-1,0.8759474304583958,-3.9446974592464015,
2025-08-06T13:39:00.002477,-0.074219,0.019531,1.015625,-1,1.0987627980003676,-4.178814021344229,
2025-08-06T13:39:00.502108,-0.070312,0.015625,1.015625,-1,0.8792996795163592,-3.9598166591906674,
2025-08-06T13:39:01.008170,-0.074219,0.015625,1.015625,-1,0.8790602804446449,-4.179091116786744,
2025-08-06T13:39:01.800365,-0.074219,0.011719,1.023438,-1,0.6543253896095329,-4.147517494862795,
2025-08-06T13:39:02.005365,-0.078125,0.015625,1.011719,-1,0.8821804749424016,-4.415096222521653,
2025-08-06T13:39:02.505233,-0.074219,0.019531,1.015625,-1,1.0987627980003676,-4.178814021344229,
2025-08-06T13:39:03.006383,-0.074219,0.019531,1.011719,-1,1.1029811491242274,-4.1948839424456885,
2025-08-06T13:39:03.508490,-0.078125,0.011719,1.019531,-1,0.6566325350784901,-4.381630592043893,
2025-08-06T13:39:04.011512,-0.078125,0.019531,1.015625,-1,1.0984477632909195,-4.397895421613334,
2025-08-06T13:39:04.508037,-0.070312,0.015625,1.011719,-1,0.882677621000814,-3.975052001874419,
2025-08-06T13:39:05.009964,-0.074219,0.015625,1.007812,-1,0.885837445081153,-4.211365416252368,
2025-08-06T13:39:05.509366,-0.074219,0.015625,1.007812,-1,0.885837445081153,-4.211365416252368,
2025-08-06T13:39:06.012538,-0.074219,0.023438,1.011719,-1,1.3235506112733313,-4.194541331940415,
2025-08-06T13:39:06.516347,-0.074219,0.015625,1.019531,-1,0.8757107582865988,-4.163140449323331,
2025-08-06T13:39:07.016848,-0.074219,0.007812,1.019531,-1,0.4378529282934181,-4.16350582156797,
2025-08-06T13:39:07.512386,-0.078125,0.015625,1.015625,-1,0.8788082160947002,-4.398186932818698,
2025-08-06T13:39:08.018210,-0.078125,0.015625,1.007812,-1,0.8855795074738829,-4.432140136110196,
2025-08-06T13:39:08.514223,-0.078125,0.015625,1.011719,-1,0.8821804749424016,-4.415096222521653,
2025-08-06T13:39:09.025273,-0.078125,0.019531,1.019531,-1,1.0942650524290611,-4.381118215754438,
2025-08-06T13:39:09.521603,-0.078125,0.015625,1.019531,-1,0.8754615635122167,-4.381406403248674,
2025-08-06T13:39:10.016602,-0.074219,0.011719,1.007812,-1,0.6644154165847265,-4.211586009682766,
2025-08-06T13:39:10.515055,-0.066406,0.011719,1.011719,-1,0.6622171739186216,-3.75507386729858,
2025-08-06T13:39:11.026169,-0.074219,0.015625,1.015625,-1,0.8790602804446449,-4.179091116786744,
2025-08-06T13:39:11.530257,-0.074219,0.011719,1.019531,-1,0.6568194542417054,-4.163353550657151,
2025-08-06T13:39:12.017065,-0.078125,0.019531,1.007812,-1,1.106910640781439,-4.431841821849936,
2025-08-06T13:39:12.523428,-0.074219,0.019531,1.015625,-1,1.0987627980003676,-4.178814021344229,
2025-08-06T13:39:13.019276,-0.074219,0.011719,1.011719,-1,0.661863602311014,-4.195382304387747,
2025-08-06T13:39:13.520938,-0.070312,0.019531,1.011719,-1,1.1032838148222464,-3.974786307045472,
2025-08-06T13:39:14.024951,-0.070312,0.015625,1.011719,-1,0.882677621000814,-3.975052001874419,
2025-08-06T13:39:14.518153,-0.070312,0.015625,1.015625,-1,0.8792996795163592,-3.9598166591906674,
2025-08-06T13:39:15.020404,-0.070312,0.011719,1.015625,-1,0.659511478806085,-3.9600209833076647,
2025-08-06T13:39:15.522358,-0.074219,0.019531,1.015625,-1,1.0987627980003676,-4.178814021344229,
2025-08-06T13:39:16.029792,-0.066406,0.015625,1.011719,-1,0.8829068228431354,-3.754878556396407,
2025-08-06T13:39:16.596380,-0.074219,0.015625,1.015625,-1,0.8790602804446449,-4.179091116786744,
2025-08-06T13:39:17.026701,-0.070312,0.011719,1.019531,-1,0.6569969803031029,-3.944899451739895,
2025-08-06T13:39:17.523967,-0.078125,0.015625,1.019531,-1,0.8754615635122167,-4.381406403248674,
2025-08-06T13:39:18.023571,-0.074219,0.023438,1.015625,-1,1.318489239368982,-4.178475332923178,
2025-08-06T13:39:18.523888,-0.074219,0.015625,1.015625,-1,0.8790602804446449,-4.179091116786744,
2025-08-06T13:39:19.025838,-0.074219,0.015625,1.011719,-1,0.8824354530316566,-4.195164247190032,
2025-08-06T13:39:19.524684,-0.074219,0.015625,1.011719,-1,0.8824354530316566,-4.195164247190032,
2025-08-06T13:39:20.031037,-0.078125,0.015625,1.011719,-1,0.8821804749424016,-4.415096222521653,
2025-08-06T13:39:20.527223,-0.078125,0.019531,1.011719,-1,1.1026624730935723,-4.414801336352567,
2025-08-06T13:39:21.026101,-0.078125,0.011719,1.015625,-1,0.6591428354176316,-4.398413707523402,
2025-08-06T13:39:21.530480,-0.070312,0.015625,1.019531,-1,0.8759474304583958,-3.9446974592464015,
2025-08-06T13:39:22.027287,-0.074219,0.019531,1.011719,-1,1.1029811491242274,-4.1948839424456885,
2025-08-06T13:39:22.526896,-0.074219,0.019531,1.011719,-1,1.1029811491242274,-4.1948839424456885,
2025-08-06T13:39:23.033345,-0.078125,0.015625,1.023438,-1,0.8721393804253038,-4.364748924369022,
2025-08-06T13:39:23.534570,-0.074219,0.011719,1.023438,-1,0.6543253896095329,-4.147517494862795,
2025-08-06T13:39:24.032060,-0.074219,0.019531,1.011719,-1,1.1029811491242274,-4.1948839424456885,
2025-08-06T13:39:24.530479,-0.078125,0.015625,1.011719,-1,0.8821804749424016,-4.415096222521653,
2025-08-06T13:39:25.030540,-0.070312,0.011719,1.007812,-1,0.6645991750243075,-3.990617870788554,
2025-08-06T13:39:25.530360,-0.070312,0.015625,1.015625,-1,0.8792996795163592,-3.9598166591906674,
2025-08-06T13:39:26.031810,-0.074219,0.015625,1.027344,-1,0.8690866661704141,-4.131596950733885,
2025-08-06T13:39:26.531586,-0.074219,0.015625,1.015625,-1,0.8790602804446449,-4.179091116786744,
2025-08-06T13:39:27.038527,-0.078125,0.015625,1.011719,-1,0.8821804749424016,-4.415096222521653,
2025-08-06T13:39:27.534330,-0.074219,0.011719,1.015625,-1,0.6593319071763242,-4.179306677081632,
2025-08-06T13:39:28.042818,-0.074219,0.015625,1.015625,-1,0.8790602804446449,-4.179091116786744,
2025-08-06T13:39:28.535803,-0.078125,0.015625,1.011719,-1,0.8821804749424016,-4.415096222521653,
2025-08-06T13:39:29.035829,-0.074219,0.015625,1.011719,-1,0.8824354530316566,-4.195164247190032,
2025-08-06T13:39:29.536204,-0.070312,0.011719,1.015625,-1,0.659511478806085,-3.9600209833076647,
2025-08-06T13:39:30.035769,-0.074219,0.015625,1.019531,-1,0.8757107582865988,-4.163140449323331,
2025-08-06T13:39:30.536642,-0.074219,0.015625,1.015625,-1,0.8790602804446449,-4.179091116786744,
2025-08-06T13:39:31.040741,-0.074219,0.011719,1.019531,-1,0.6568194542417054,-4.163353550657151,
2025-08-06T13:39:31.747786,-0.074219,0.019531,1.015625,-1,1.0987627980003676,-4.178814021344229,
2025-08-06T13:39:32.036913,-0.078125,0.015625,1.027344,-1,0.868843082074078,-4.348221582757211,
2025-08-06T13:39:32.537252,-0.070312,0.015625,1.023438,-1,0.8726197340321947,-3.929689254469079,
2025-08-06T13:39:33.038085,-0.074219,0.015625,1.015625,-1,0.8790602804446449,-4.179091116786744,
2025-08-06T13:39:33.538166,-0.070312,0.023438,1.019531,-1,1.3138212334336523,-3.9441204328156063,
2025-08-06T13:39:34.035889,-0.070312,0.015625,1.011719,-1,0.882677621000814,-3.975052001874419,
2025-08-06T13:39:34.539711,-0.070312,0.019531,1.015625,-1,1.0990620033875442,-3.959554007490287,
2025-08-06T13:39:35.039858,-0.074219,0.019531,1.007812,-1,1.1072330153369714,-4.211081851662468,
2025-08-06T13:39:35.542390,-0.070312,0.011719,1.015625,-1,0.659511478806085,-3.9600209833076647,
2025-08-06T13:39:36.041608,-0.074219,0.023438,1.015625,-1,1.318489239368982,-4.178475332923178,
2025-08-06T13:39:36.545385,-0.078125,0.015625,1.023438,-1,0.8721393804253038,-4.364748924369022,
2025-08-06T13:39:37.048211,-0.074219,0.011719,1.011719,-1,0.661863602311014,-4.195382304387747,
2025-08-06T13:39:37.545356,-0.074219,0.015625,1.015625,-1,0.8790602804446449,-4.179091116786744,
2025-08-06T13:39:38.046827,-0.074219,0.015625,1.007812,-1,0.885837445081153,-4.211365416252368,
2025-08-06T13:39:38.548479,-0.078125,0.015625,1.011719,-1,0.8821804749424016,-4.415096222521653,
2025-08-06T13:39:39.050701,-0.078125,0.007812,1.011719,-1,0.4410881505830871,-4.415489540769462,
2025-08-06T13:39:39.555042,-0.066406,0.019531,1.015625,-1,1.0993451870049025,-3.740233940400369,
2025-08-06T13:39:40.055843,-0.070312,0.015625,1.019531,-1,0.8759474304583958,-3.9446974592464015,
2025-08-06T13:39:40.552881,-0.074219,0.015625,1.015625,-1,0.8790602804446449,-4.179091116786744,
2025-08-06T13:39:41.054816,-0.074219,0.019531,1.007812,-1,1.1072330153369714,-4.211081851662468,
2025-08-06T13:39:41.550533,-0.070312,0.015625,1.015625,-1,0.8792996795163592,-3.9598166591906674,
2025-08-06T13:39:42.048599,-0.070312,0.019531,1.011719,-1,1.1032838148222464,-3.974786307045472,
2025-08-06T13:39:42.553662,-0.074219,0.015625,1.011719,-1,0.8824354530316566,-4.195164247190032,
2025-08-06T13:39:43.052462,-0.074219,0.015625,1.015625,-1,0.8790602804446449,-4.179091116786744,
2025-08-06T13:39:43.551004,-0.074219,0.015625,1.015625,-1,0.8790602804446449,-4.179091116786744,
2025-08-06T13:39:44.051367,-0.074219,0.015625,1.007812,-1,0.885837445081153,-4.211365416252368,
2025-08-06T13:39:44.553010,-0.078125,0.015625,1.011719,-1,0.8821804749424016,-4.415096222521653,
2025-08-06T13:39:45.054811,-0.070312,0.015625,1.015625,-1,0.8792996795163592,-3.9598166591906674,
2025-08-06T13:39:45.558104,-0.074219,0.011719,1.019531,-1,0.6568194542417054,-4.163353550657151,
2025-08-06T13:39:46.054406,-0.074219,0.015625,1.011719,-1,0.8824354530316566,-4.195164247190032,
2025-08-06T13:39:46.661057,-0.074219,0.015625,1.011719,-1,0.8824354530316566,-4.195164247190032,
2025-08-06T13:39:47.060054,-0.074219,0.015625,1.015625,-1,0.8790602804446449,-4.179091116786744,
2025-08-06T13:39:47.557928,-0.074219,0.015625,1.019531,-1,0.8757107582865988,-4.163140449323331,
2025-08-06T13:39:48.056178,-0.074219,0.015625,1.015625,-1,0.8790602804446449,-4.179091116786744,
2025-08-06T13:39:48.569859,-0.078125,0.015625,1.019531,-1,0.8754615635122167,-4.381406403248674,
2025-08-06T13:39:49.054250,-0.078125,0.015625,1.019531,-1,0.8754615635122167,-4.381406403248674,
2025-08-06T13:39:49.554345,-0.074219,0.019531,1.007812,-1,1.1072330153369714,-4.211081851662468,
2025-08-06T13:39:50.056074,-0.070312,0.019531,1.003906,-1,1.1118263430981457,-4.005608552607101,
2025-08-06T13:39:50.555502,-0.074219,0.015625,1.015625,-1,0.8790602804446449,-4.179091116786744,
2025-08-06T13:39:51.056005,-0.070312,0.019531,1.015625,-1,1.0990620033875442,-3.959554007490287,
2025-08-06T13:39:51.558936,-0.066406,0.019531,1.023438,-1,1.0909900534200418,-3.711771254967755,
2025-08-06T13:39:52.057534,-0.078125,0.019531,1.015625,-1,1.0984477632909195,-4.397895421613334,
2025-08-06T13:39:52.562800,-0.070312,0.015625,1.019531,-1,0.8759474304583958,-3.9446974592464015,
2025-08-06T13:39:53.055858,-0.070312,0.015625,1.015625,-1,0.8792996795163592,-3.9598166591906674,
2025-08-06T13:39:53.557876,-0.0625,0.015625,1.011719,-1,0.8831230918210211,-3.534594001765025,
2025-08-06T13:39:54.065397,-0.078125,0.015625,1.011719,-1,0.8821804749424016,-4.415096222521653,
2025-08-06T13:39:54.559187,-0.074219,0.011719,1.019531,-1,0.6568194542417054,-4.163353550657151,
2025-08-06T13:39:55.058378,-0.078125,0.019531,1.007812,-1,1.106910640781439,-4.431841821849936,
2025-08-06T13:39:55.555353,-0.070312,0.015625,1.011719,-1,0.882677621000814,-3.975052001874419,
2025-08-06T13:39:56.059503,-0.074219,0.019531,1.019531,-1,1.0945765010030104,-4.162866514422745,
2025-08-06T13:39:56.558261,-0.074219,0.011719,1.007812,-1,0.6644154165847265,-4.211586009682766,
2025-08-06T13:39:57.061521,-0.074219,0.011719,1.003906,-1,0.6669862684536116,-4.227910934139552,
2025-08-06T13:39:57.560365,-0.074219,0.015625,1.023438,-1,0.8723857482373869,-4.147306815880882,
2025-08-06T13:39:58.063724,-0.070312,0.015625,1.007812,-1,0.8860824254812231,-3.990408774127534,
2025-08-06T13:39:58.561297,-0.078125,0.011719,1.015625,-1,0.6591428354176316,-4.398413707523402,
2025-08-06T13:39:59.072919,-0.078125,0.015625,1.011719,-1,0.8821804749424016,-4.415096222521653,
2025-08-06T13:39:59.563444,-0.074219,0.015625,1.003906,-1,0.8892648146423924,-4.227687765693737,
2025-08-06T13:40:00.066368,-0.074219,0.015625,1.007812,-1,0.885837445081153,-4.211365416252368,
2025-08-06T13:40:00.563838,-0.078125,0.023438,1.015625,-1,1.3181112459668023,-4.397539113053031,
2025-08-06T13:40:01.064142,-0.074219,0.015625,1.023438,-1,0.8723857482373869,-4.147306815880882,
2025-08-06T13:40:01.627872,-0.078125,0.011719,1.019531,-1,0.6566325350784901,-4.381630592043893,
2025-08-06T13:40:02.069871,-0.074219,0.015625,1.015625,-1,0.8790602804446449,-4.179091116786744,
2025-08-06T13:40:02.566868,-0.066406,0.019531,1.015625,-1,1.0993451870049025,-3.740233940400369,
2025-08-06T13:40:03.066869,-0.074219,0.015625,1.015625,-1,0.8790602804446449,-4.179091116786744,
2025-08-06T13:40:03.565738,-0.066406,0.019531,1.015625,-1,1.0993451870049025,-3.740233940400369,
2025-08-06T13:40:04.067893,-0.070312,0.011719,1.015625,-1,0.659511478806085,-3.9600209833076647,
2025-08-06T13:40:04.565892,-0.074219,0.011719,1.011719,-1,0.661863602311014,-4.195382304387747,
2025-08-06T13:40:05.068088,-0.074219,0.023438,1.011719,-1,1.3235506112733313,-4.194541331940415,
2025-08-06T13:40:05.565900,-0.074219,0.019531,1.007812,-1,1.1072330153369714,-4.211081851662468,
2025-08-06T13:40:06.067731,-0.074219,0.015625,1.011719,-1,0.8824354530316566,-4.195164247190032,
2025-08-06T13:40:06.566508,-0.070312,0.019531,1.007812,-1,1.1075391957439158,-3.990139988221692,
2025-08-06T13:40:07.071311,-0.078125,0.011719,1.015625,-1,0.6591428354176316,-4.398413707523402,
2025-08-06T13:40:07.570351,-0.074219,0.015625,1.003906,-1,0.8892648146423924,-4.227687765693737,
2025-08-06T13:40:08.071813,-0.078125,0.015625,1.015625,-1,0.8788082160947002,-4.398186932818698,
2025-08-06T13:40:08.572428,-0.078125,0.011719,1.011719,-1,0.6616723448247972,-4.41532562301725,
2025-08-06T13:40:09.075220,-0.074219,0.019531,1.011719,-1,1.1029811491242274,-4.1948839424456885,
2025-08-06T13:40:09.572298,-0.066406,0.019531,1.015625,-1,1.0993451870049025,-3.740233940400369,
2025-08-06T13:40:10.077782,-0.074219,0.015625,1.011719,-1,0.8824354530316566,-4.195164247190032,
2025-08-06T13:40:10.572382,-0.074219,0.023438,1.015625,-1,1.318489239368982,-4.178475332923178,
2025-08-06T13:40:11.071244,-0.074219,0.015625,1.015625,-1,0.8790602804446449,-4.179091116786744,
2025-08-06T13:40:11.574893,-0.070312,0.019531,1.011719,-1,1.1032838148222464,-3.974786307045472,
2025-08-06T13:40:12.071875,-0.078125,0.015625,1.011719,-1,0.8821804749424016,-4.415096222521653,
2025-08-06T13:40:12.574074,-0.074219,0.015625,1.011719,-1,0.8824354530316566,-4.195164247190032,
2025-08-06T13:40:13.078950,-0.066406,0.023438,1.019531,-1,1.314157138800159,-3.725650255535615,
2025-08-06T13:40:13.575365,-0.066406,0.015625,1.019531,-1,0.876171428032863,-3.726195505459816,
2025-08-06T13:40:14.074333,-0.074219,0.015625,1.011719,-1,0.8824354530316566,-4.195164247190032,
2025-08-06T13:40:14.582348,-0.074219,0.015625,1.015625,-1,0.8790602804446449,-4.179091116786744,
2025-08-06T13:40:15.084812,-0.074219,0.015625,1.015625,-1,0.8790602804446449,-4.179091116786744,
2025-08-06T13:40:15.576672,-0.074219,0.015625,1.011719,-1,0.8824354530316566,-4.195164247190032,
2025-08-06T13:40:16.076370,-0.074219,0.011719,1.011719,-1,0.661863602311014,-4.195382304387747,
2025-08-06T13:40:16.586723,-0.078125,0.011719,1.015625,-1,0.6591428354176316,-4.398413707523402,
2025-08-06T13:40:17.079721,-0.074219,0.019531,1.011719,-1,1.1029811491242274,-4.1948839424456885,
2025-08-06T13:40:17.578392,-0.078125,0.019531,1.019531,-1,1.0942650524290611,-4.381118215754438,
2025-08-06T13:40:18.080223,-0.070312,0.011719,1.019531,-1,0.6569969803031029,-3.944899451739895,
2025-08-06T13:40:18.575562,-0.070312,0.015625,1.015625,-1,0.8792996795163592,-3.9598166591906674,
2025-08-06T13:40:19.099608,-0.070312,0.019531,1.019531,-1,1.0948722985581978,-3.94443780441863,
2025-08-06T13:40:19.581571,-0.070312,0.007812,1.011719,-1,0.4413367519281536,-3.975406384866421,
2025-08-06T13:40:20.080738,-0.074219,0.019531,1.011719,-1,1.1029811491242274,-4.1948839424456885,
2025-08-06T13:40:20.581406,-0.074219,0.015625,1.007812,-1,0.885837445081153,-4.211365416252368,
2025-08-06T13:40:21.083491,-0.074219,0.015625,1.011719,-1,0.8824354530316566,-4.195164247190032,
2025-08-06T13:40:21.583190,-0.074219,0.015625,1.003906,-1,0.8892648146423924,-4.227687765693737,
2025-08-06T13:40:22.081495,-0.066406,0.011719,1.011719,-1,0.6622171739186216,-3.75507386729858,
2025-08-06T13:40:22.583841,-0.074219,0.015625,1.019531,-1,0.8757107582865988,-4.163140449323331,
2025-08-06T13:40:23.080810,-0.066406,0.015625,1.023438,-1,0.8728411877694549,-3.712013820162865,
2025-08-06T13:40:23.589424,-0.074219,0.019531,1.019531,-1,1.0945765010030104,-4.162866514422745,
2025-08-06T13:40:24.085831,-0.070312,0.015625,1.019531,-1,0.8759474304583958,-3.9446974592464015,
2025-08-06T13:40:24.587033,-0.074219,0.019531,1.019531,-1,1.0945765010030104,-4.162866514422745,
2025-08-06T13:40:25.086034,-0.070312,0.023438,1.015625,-1,1.318848239976308,-3.9592329734027016,
2025-08-06T13:40:25.587586,-0.074219,0.011719,1.015625,-1,0.6593319071763242,-4.179306677081632,
2025-08-06T13:40:26.086879,-0.074219,0.019531,1.007812,-1,1.1072330153369714,-4.211081851662468,
2025-08-06T13:40:26.586994,-0.074219,0.019531,1.011719,-1,1.1029811491242274,-4.1948839424456885,
2025-08-06T13:40:27.087209,-0.078125,0.015625,1.019531,-1,0.8754615635122167,-4.381406403248674,
2025-08-06T13:40:27.591749,-0.074219,0.019531,1.019531,-1,1.0945765010030104,-4.162866514422745,
2025-08-06T13:40:28.091445,-0.074219,0.019531,1.023438,-1,1.0904208355486065,-4.147035994474838,
2025-08-06T13:40:28.590710,-0.070312,0.015625,1.011719,-1,0.882677621000814,-3.975052001874419,
2025-08-06T13:40:29.088148,-0.074219,0.019531,1.015625,-1,1.0987627980003676,-4.178814021344229,
2025-08-06T13:40:29.594500,-0.074219,0.011719,1.011719,-1,0.661863602311014,-4.195382304387747,
2025-08-06T13:40:30.086602,-0.070312,0.019531,1.019531,-1,1.0948722985581978,-3.94443780441863,
2025-08-06T13:40:30.589807,-0.082031,0.015625,1.007812,-1,0.8853085859634725,-4.652783059771656,
2025-08-06T13:40:31.093588,-0.074219,0.015625,1.015625,-1,0.8790602804446449,-4.179091116786744,
2025-08-06T13:40:31.589716,-0.078125,0.011719,1.011719,-1,0.6616723448247972,-4.41532562301725,
2025-08-06T13:40:32.115438,-0.082031,0.015625,1.019531,-1,0.8751998195990149,-4.599545017888066,
2025-08-06T13:40:32.596452,-0.074219,0.015625,1.015625,-1,0.8790602804446449,-4.179091116786744,
2025-08-06T13:40:33.091708,-0.074219,0.015625,1.023438,-1,0.8723857482373869,-4.147306815880882,
2025-08-06T13:40:33.592869,-0.074219,0.015625,1.019531,-1,0.8757107582865988,-4.163140449323331,
2025-08-06T13:40:34.092516,-0.074219,0.015625,1.007812,-1,0.885837445081153,-4.211365416252368,
2025-08-06T13:40:34.594516,-0.078125,0.019531,1.023438,-1,1.0901129198618515,-4.36446401113324,
2025-08-06T13:40:35.092654,-0.074219,0.015625,1.019531,-1,0.8757107582865988,-4.163140449323331,
2025-08-06T13:40:35.593519,-0.074219,0.019531,1.015625,-1,1.0987627980003676,-4.178814021344229,
2025-08-06T13:40:36.096668,-0.070312,0.019531,1.007812,-1,1.1075391957439158,-3.990139988221692,
2025-08-06T13:40:36.593926,-0.070312,0.019531,1.011719,-1,1.1032838148222464,-3.974786307045472,
2025-08-06T13:40:37.095623,-0.074219,0.015625,1.015625,-1,0.8790602804446449,-4.179091116786744,
2025-08-06T13:40:37.597867,-0.074219,0.015625,1.011719,-1,0.8824354530316566,-4.195164247190032,
2025-08-06T13:40:38.097758,-0.070312,0.015625,1.015625,-1,0.8792996795163592,-3.9598166591906674,
2025-08-06T13:40:38.596572,-0.078125,0.015625,1.007812,-1,0.8855795074738829,-4.432140136110196,
2025-08-06T13:40:39.099370,-0.074219,0.019531,1.015625,-1,1.0987627980003676,-4.178814021344229,
2025-08-06T13:40:39.602779,-0.070312,0.015625,1.011719,-1,0.882677621000814,-3.975052001874419,
2025-08-06T13:40:40.101645,-0.070312,0.011719,1.007812,-1,0.6645991750243075,-3.990617870788554,
2025-08-06T13:40:40.603861,-0.070312,0.015625,1.015625,-1,0.8792996795163592,-3.9598166591906674,
2025-08-06T13:40:41.101861,-0.066406,0.015625,1.011719,-1,0.8829068228431354,-3.754878556396407,
2025-08-06T13:40:41.615844,-0.070312,0.019531,1.015625,-1,1.0990620033875442,-3.959554007490287,
2025-08-06T13:40:42.101977,-0.070312,0.019531,1.015625,-1,1.0990620033875442,-3.959554007490287,
2025-08-06T13:40:42.602655,-0.078125,0.019531,1.007812,-1,1.106910640781439,-4.431841821849936,
2025-08-06T13:40:43.102835,-0.078125,0.019531,1.011719,-1,1.1026624730935723,-4.414801336352567,
2025-08-06T13:40:43.602114,-0.074219,0.011719,1.023438,-1,0.6543253896095329,-4.147517494862795,
2025-08-06T13:40:44.105409,-0.074219,0.019531,1.019531,-1,1.0945765010030104,-4.162866514422745,
2025-08-06T13:40:44.608287,-0.074219,0.011719,1.023438,-1,0.6543253896095329,-4.147517494862795,
2025-08-06T13:40:45.105054,-0.074219,0.019531,1.019531,-1,1.0945765010030104,-4.162866514422745,
2025-08-06T13:40:45.604136,-0.074219,0.015625,1.015625,-1,0.8790602804446449,-4.179091116786744,
2025-08-06T13:40:46.115214,-0.074219,0.011719,1.019531,-1,0.6568194542417054,-4.163353550657151,
2025-08-06T13:40:46.611212,-0.074219,0.019531,1.011719,-1,1.1029811491242274,-4.1948839424456885,
2025-08-06T13:40:47.105827,-0.070312,0.015625,1.011719,-1,0.882677621000814,-3.975052001874419,
2025-08-06T13:40:47.604725,-0.074219,0.019531,1.015625,-1,1.0987627980003676,-4.178814021344229,
2025-08-06T13:40:48.106056,-0.078125,0.011719,1.019531,-1,0.6566325350784901,-4.381630592043893,
2025-08-06T13:40:48.606410,-0.070312,0.015625,1.011719,-1,0.882677621000814,-3.975052001874419,
2025-08-06T13:40:50.136388,-0.070312,0.019531,1.011719,-1,1.1032838148222464,-3.974786307045472,
2025-08-06T13:40:50.304392,-0.074219,0.015625,1.015625,-1,0.8790602804446449,-4.179091116786744,
2025-08-06T13:40:50.763389,-0.074219,0.011719,1.019531,-1,0.6568194542417054,-4.163353550657151,
2025-08-06T13:40:51.266785,-0.074219,0.015625,1.015625,-1,0.8790602804446449,-4.179091116786744,
2025-08-06T13:40:51.828844,-0.074219,0.011719,1.011719,-1,0.661863602311014,-4.195382304387747,
2025-08-06T13:40:52.263032,-0.078125,0.011719,1.015625,-1,0.6591428354176316,-4.398413707523402,
2025-08-06T13:40:52.766055,-0.078125,0.015625,1.011719,-1,0.8821804749424016,-4.415096222521653,
2025-08-06T13:40:53.265586,-0.066406,0.011719,1.015625,-1,0.6596814348035882,-3.7406752018940073,
2025-08-06T13:40:53.769254,-0.074219,0.015625,1.007812,-1,0.885837445081153,-4.211365416252368,
2025-08-06T13:40:54.268596,-0.078125,0.011719,1.007812,-1,0.6642219390273632,-4.4323722037370175,
2025-08-06T13:40:54.766872,-0.074219,0.019531,1.015625,-1,1.0987627980003676,-4.178814021344229,
2025-08-06T13:40:55.267871,-0.078125,0.015625,1.015625,-1,0.8788082160947002,-4.398186932818698,
2025-08-06T13:40:55.776424,-0.078125,0.011719,1.015625,-1,0.6591428354176316,-4.398413707523402,
2025-08-06T13:40:56.267593,-0.070312,0.019531,1.019531,-1,1.0948722985581978,-3.94443780441863,
2025-08-06T13:40:56.768764,-0.074219,0.015625,1.015625,-1,0.8790602804446449,-4.179091116786744,
2025-08-06T13:40:57.271011,-0.074219,0.015625,1.019531,-1,0.8757107582865988,-4.163140449323331,
2025-08-06T13:40:57.773007,-0.074219,0.015625,1.011719,-1,0.8824354530316566,-4.195164247190032,
2025-08-06T13:40:58.277011,-0.074219,0.015625,1.019531,-1,0.8757107582865988,-4.163140449323331,
2025-08-06T13:40:58.772603,-0.074219,0.015625,1.011719,-1,0.8824354530316566,-4.195164247190032,
2025-08-06T13:40:59.273051,-0.070312,0.015625,1.011719,-1,0.882677621000814,-3.975052001874419,
2025-08-06T13:40:59.772097,-0.074219,0.015625,1.011719,-1,0.8824354530316566,-4.195164247190032,
2025-08-06T13:41:00.275129,-0.074219,0.015625,1.011719,-1,0.8824354530316566,-4.195164247190032,
2025-08-06T13:41:00.773416,-0.074219,0.015625,1.007812,-1,0.885837445081153,-4.211365416252368,
2025-08-06T13:41:01.275465,-0.066406,0.019531,1.011719,-1,1.1035702752112522,-3.75462749123489,
2025-08-06T13:41:01.849878,-0.070312,0.015625,1.007812,-1,0.8860824254812231,-3.990408774127534,
2025-08-06T13:41:02.280877,-0.066406,0.019531,1.019531,-1,1.0951522551319368,-3.725950149660806,
2025-08-06T13:41:02.778471,-0.074219,0.011719,1.011719,-1,0.661863602311014,-4.195382304387747,
2025-08-06T13:41:03.276577,-0.070312,0.019531,1.015625,-1,1.0990620033875442,-3.959554007490287,
2025-08-06T13:41:03.778419,-0.074219,0.011719,1.007812,-1,0.6644154165847265,-4.211586009682766,
2025-08-06T13:41:04.274818,-0.074219,0.019531,1.007812,-1,1.1072330153369714,-4.211081851662468,
2025-08-06T13:41:04.776551,-0.078125,0.015625,1.011719,-1,0.8821804749424016,-4.415096222521653,
2025-08-06T13:41:05.285861,-0.074219,0.015625,1.019531,-1,0.8757107582865988,-4.163140449323331,
2025-08-06T13:41:05.784975,-0.070312,0.019531,1.011719,-1,1.1032838148222464,-3.974786307045472,
2025-08-06T13:41:06.293345,-0.066406,0.019531,1.015625,-1,1.0993451870049025,-3.740233940400369,
2025-08-06T13:41:06.778740,-0.074219,0.019531,1.011719,-1,1.1029811491242274,-4.1948839424456885,
2025-08-06T13:41:07.276818,-0.070312,0.011719,1.011719,-1,0.6620452510160703,-3.975258693608283,
2025-08-06T13:41:07.778350,-0.078125,0.011719,1.011719,-1,0.6616723448247972,-4.41532562301725,
2025-08-06T13:41:08.279255,-0.074219,0.023438,1.019531,-1,1.3134663212654785,-4.1625316885074,
2025-08-06T13:41:08.776341,-0.074219,0.011719,1.011719,-1,0.661863602311014,-4.195382304387747,
2025-08-06T13:41:09.280840,-0.074219,0.019531,1.007812,-1,1.1072330153369714,-4.211081851662468,
2025-08-06T13:41:09.781342,-0.074219,0.019531,1.011719,-1,1.1029811491242274,-4.1948839424456885,
2025-08-06T13:41:10.284362,-0.074219,0.011719,1.019531,-1,0.6568194542417054,-4.163353550657151,
2025-08-06T13:41:10.781741,-0.078125,0.015625,1.019531,-1,0.8754615635122167,-4.381406403248674,
2025-08-06T13:41:11.286043,-0.070312,0.019531,1.015625,-1,1.0990620033875442,-3.959554007490287,
2025-08-06T13:41:11.785043,-0.074219,0.011719,1.023438,-1,0.6543253896095329,-4.147517494862795,
2025-08-06T13:41:12.291098,-0.074219,0.015625,1.015625,-1,0.8790602804446449,-4.179091116786744,
2025-08-06T13:41:12.784096,-0.074219,0.015625,1.023438,-1,0.8723857482373869,-4.147306815880882,
2025-08-06T13:41:13.288351,-0.078125,0.019531,1.015625,-1,1.0984477632909195,-4.397895421613334,
2025-08-06T13:41:13.786354,-0.070312,0.015625,1.011719,-1,0.882677621000814,-3.975052001874419,
2025-08-06T13:41:14.288690,-0.078125,0.015625,1.019531,-1,0.8754615635122167,-4.381406403248674,
2025-08-06T13:41:14.785528,-0.074219,0.015625,1.007812,-1,0.885837445081153,-4.211365416252368,
2025-08-06T13:41:15.297844,-0.078125,0.019531,1.011719,-1,1.1026624730935723,-4.414801336352567,
2025-08-06T13:41:15.786856,-0.074219,0.015625,1.019531,-1,0.8757107582865988,-4.163140449323331,
2025-08-06T13:41:16.290972,-0.074219,0.015625,1.011719,-1,0.8824354530316566,-4.195164247190032,
2025-08-06T13:41:16.900672,-0.074219,0.019531,1.019531,-1,1.0945765010030104,-4.162866514422745,
2025-08-06T13:41:17.295594,-0.070312,0.019531,1.019531,-1,1.0948722985581978,-3.94443780441863,
2025-08-06T13:41:17.793638,-0.082031,0.015625,1.015625,-1,0.8785434598731011,-4.617153946649332,
2025-08-06T13:41:18.290696,-0.070312,0.019531,1.019531,-1,1.0948722985581978,-3.94443780441863,
2025-08-06T13:41:18.791116,-0.074219,0.015625,1.007812,-1,0.885837445081153,-4.211365416252368,
2025-08-06T13:41:19.292343,-0.078125,0.015625,1.023438,-1,0.8721393804253038,-4.364748924369022,
2025-08-06T13:41:19.790384,-0.078125,0.019531,1.015625,-1,1.0984477632909195,-4.397895421613334,
2025-08-06T13:41:20.296405,-0.074219,0.015625,1.015625,-1,0.8790602804446449,-4.179091116786744,
2025-08-06T13:41:20.793844,-0.074219,0.015625,1.015625,-1,0.8790602804446449,-4.179091116786744,
2025-08-06T13:41:21.304844,-0.070312,0.011719,1.011719,-1,0.6620452510160703,-3.975258693608283,
2025-08-06T13:41:21.793485,-0.074219,0.015625,1.007812,-1,0.885837445081153,-4.211365416252368,
2025-08-06T13:41:22.295486,-0.074219,0.019531,1.015625,-1,1.0987627980003676,-4.178814021344229,
2025-08-06T13:41:22.791346,-0.074219,0.019531,1.015625,-1,1.0987627980003676,-4.178814021344229,
2025-08-06T13:41:23.371486,-0.078125,0.015625,1.011719,-1,0.8821804749424016,-4.415096222521653,
2025-08-06T13:41:23.797165,-0.078125,0.015625,1.019531,-1,0.8754615635122167,-4.381406403248674,
2025-08-06T13:41:24.295284,-0.078125,0.007812,1.015625,-1,0.4394018303998351,-4.398575748855442,
2025-08-06T13:41:24.796343,-0.074219,0.015625,1.015625,-1,0.8790602804446449,-4.179091116786744,
2025-08-06T13:41:25.297787,-0.070312,0.015625,1.015625,-1,0.8792996795163592,-3.9598166591906674,
2025-08-06T13:41:25.798590,-0.074219,0.015625,1.019531,-1,0.8757107582865988,-4.163140449323331,
2025-08-06T13:41:26.299411,-0.078125,0.015625,1.023438,-1,0.8721393804253038,-4.364748924369022,
2025-08-06T13:41:26.800550,-0.070312,0.015625,1.011719,-1,0.882677621000814,-3.975052001874419,
2025-08-06T13:41:27.300550,-0.074219,0.019531,1.015625,-1,1.0987627980003676,-4.178814021344229,
2025-08-06T13:41:27.803917,-0.074219,0.019531,1.015625,-1,1.0987627980003676,-4.178814021344229,
2025-08-06T13:41:28.307417,-0.074219,0.011719,1.015625,-1,0.6593319071763242,-4.179306677081632,
2025-08-06T13:41:28.804259,-0.070312,0.015625,1.015625,-1,0.8792996795163592,-3.9598166591906674,
2025-08-06T13:41:29.303761,-0.078125,0.015625,1.015625,-1,0.8788082160947002,-4.398186932818698,
2025-08-06T13:41:29.805772,-0.074219,0.015625,1.015625,-1,0.8790602804446449,-4.179091116786744,
2025-08-06T13:41:30.305371,-0.074219,0.015625,1.011719,-1,0.8824354530316566,-4.195164247190032,
2025-08-06T13:41:30.806852,-0.066406,0.019531,1.019531,-1,1.0951522551319368,-3.725950149660806,
2025-08-06T13:41:31.307785,-0.074219,0.019531,1.019531,-1,1.0945765010030104,-4.162866514422745,
2025-08-06T13:41:32.062377,-0.074219,0.015625,1.011719,-1,0.8824354530316566,-4.195164247190032,
2025-08-06T13:41:32.308375,-0.074219,0.011719,1.015625,-1,0.6593319071763242,-4.179306677081632,
2025-08-06T13:41:32.814451,-0.074219,0.015625,1.007812,-1,0.885837445081153,-4.211365416252368,
2025-08-06T13:41:33.318367,-0.074219,0.015625,1.015625,-1,0.8790602804446449,-4.179091116786744,
2025-08-06T13:41:33.810333,-0.070312,0.015625,1.011719,-1,0.882677621000814,-3.975052001874419,
2025-08-06T13:41:34.311412,-0.070312,0.011719,1.015625,-1,0.659511478806085,-3.9600209833076647,
2025-08-06T13:41:34.809765,-0.070312,0.015625,1.015625,-1,0.8792996795163592,-3.9598166591906674,
2025-08-06T13:41:35.312495,-0.074219,0.019531,1.019531,-1,1.0945765010030104,-4.162866514422745,
2025-08-06T13:41:35.812455,-0.074219,0.015625,1.011719,-1,0.8824354530316566,-4.195164247190032,
2025-08-06T13:41:36.311274,-0.070312,0.015625,1.015625,-1,0.8792996795163592,-3.9598166591906674,
2025-08-06T13:41:36.816400,-0.074219,0.011719,1.011719,-1,0.661863602311014,-4.195382304387747,
2025-08-06T13:41:37.318306,-0.074219,0.019531,1.011719,-1,1.1029811491242274,-4.1948839424456885,
2025-08-06T13:41:37.820319,-0.070312,0.015625,1.015625,-1,0.8792996795163592,-3.9598166591906674,
2025-08-06T13:41:38.316098,-0.074219,0.015625,1.015625,-1,0.8790602804446449,-4.179091116786744,
2025-08-06T13:41:38.815642,-0.074219,0.011719,1.015625,-1,0.6593319071763242,-4.179306677081632,
2025-08-06T13:41:39.318051,-0.074219,0.015625,1.011719,-1,0.8824354530316566,-4.195164247190032,
2025-08-06T13:41:39.817950,-0.074219,0.019531,1.023438,-1,1.0904208355486065,-4.147035994474838,
2025-08-06T13:41:40.317365,-0.074219,0.011719,1.015625,-1,0.6593319071763242,-4.179306677081632,
2025-08-06T13:41:40.828868,-0.070312,0.015625,1.011719,-1,0.882677621000814,-3.975052001874419,
2025-08-06T13:41:41.320325,-0.074219,0.019531,1.007812,-1,1.1072330153369714,-4.211081851662468,
2025-08-06T13:41:41.823815,-0.070312,0.019531,1.023438,-1,1.090713275908077,-3.929432551882644,
2025-08-06T13:41:42.320388,-0.078125,0.015625,1.011719,-1,0.8821804749424016,-4.415096222521653,
2025-08-06T13:41:42.824097,-0.066406,0.011719,1.015625,-1,0.6596814348035882,-3.7406752018940073,
2025-08-06T13:41:43.322167,-0.070312,0.011719,1.011719,-1,0.6620452510160703,-3.975258693608283,
2025-08-06T13:41:43.824329,-0.074219,0.015625,1.007812,-1,0.885837445081153,-4.211365416252368,
2025-08-06T13:41:44.325081,-0.074219,0.015625,1.019531,-1,0.8757107582865988,-4.163140449323331,
2025-08-06T13:41:44.840075,-0.074219,0.019531,1.011719,-1,1.1029811491242274,-4.1948839424456885,
2025-08-06T13:41:45.325964,-0.070312,0.011719,1.007812,-1,0.6645991750243075,-3.990617870788554,
2025-08-06T13:41:45.829569,-0.074219,0.011719,1.019531,-1,0.6568194542417054,-4.163353550657151,
2025-08-06T13:41:46.328660,-0.074219,0.011719,1.019531,-1,0.6568194542417054,-4.163353550657151,
2025-08-06T13:41:46.977369,-0.070312,0.015625,1.019531,-1,0.8759474304583958,-3.9446974592464015,
2025-08-06T13:41:47.332685,-0.074219,0.011719,1.015625,-1,0.6593319071763242,-4.179306677081632,
2025-08-06T13:41:47.831874,-0.074219,0.011719,1.011719,-1,0.661863602311014,-4.195382304387747,
2025-08-06T13:41:48.332412,-0.074219,0.015625,1.007812,-1,0.885837445081153,-4.211365416252368,
2025-08-06T13:41:48.833799,-0.078125,0.015625,1.011719,-1,0.8821804749424016,-4.415096222521653,
2025-08-06T13:41:49.337549,-0.074219,0.011719,1.015625,-1,0.6593319071763242,-4.179306677081632,
2025-08-06T13:41:49.837898,-0.074219,0.015625,1.015625,-1,0.8790602804446449,-4.179091116786744,
2025-08-06T13:41:50.338924,-0.078125,0.019531,1.011719,-1,1.1026624730935723,-4.414801336352567,
2025-08-06T13:41:50.850697,-0.074219,0.007812,1.007812,-1,0.4429168451083676,-4.2117436345319925,
2025-08-06T13:41:51.339196,-0.070312,0.023438,1.019531,-1,1.3138212334336523,-3.9441204328156063,
2025-08-06T13:41:51.842358,-0.074219,0.015625,1.015625,-1,0.8790602804446449,-4.179091116786744,
2025-08-06T13:41:52.339819,-0.074219,0.019531,1.007812,-1,1.1072330153369714,-4.211081851662468,
2025-08-06T13:41:52.840407,-0.074219,0.015625,1.007812,-1,0.885837445081153,-4.211365416252368,
2025-08-06T13:41:53.341397,-0.070312,0.011719,1.011719,-1,0.6620452510160703,-3.975258693608283,
2025-08-06T13:41:53.842518,-0.066406,0.015625,1.015625,-1,0.8795262593266958,-3.740482129009342,
2025-08-06T13:41:54.350957,-0.074219,0.019531,1.011719,-1,1.1029811491242274,-4.1948839424456885,
2025-08-06T13:41:54.841032,-0.074219,0.019531,1.015625,-1,1.0987627980003676,-4.178814021344229,
2025-08-06T13:41:55.341725,-0.070312,0.015625,1.007812,-1,0.8860824254812231,-3.990408774127534,
2025-08-06T13:41:55.850236,-0.070312,0.011719,1.015625,-1,0.659511478806085,-3.9600209833076647,
2025-08-06T13:41:56.347638,-0.074219,0.015625,1.015625,-1,0.8790602804446449,-4.179091116786744,
2025-08-06T13:41:56.848430,-0.074219,0.019531,1.023438,-1,1.0904208355486065,-4.147035994474838,
2025-08-06T13:41:57.349834,-0.074219,0.011719,1.011719,-1,0.661863602311014,-4.195382304387747,
2025-08-06T13:41:57.844424,-0.066406,0.015625,1.011719,-1,0.8829068228431354,-3.754878556396407,
2025-08-06T13:41:58.346448,-0.078125,0.019531,1.007812,-1,1.106910640781439,-4.431841821849936,
2025-08-06T13:41:58.852379,-0.070312,0.015625,1.015625,-1,0.8792996795163592,-3.9598166591906674,
2025-08-06T13:41:59.346389,-0.070312,0.011719,1.007812,-1,0.6645991750243075,-3.990617870788554,
2025-08-06T13:41:59.852882,-0.070312,0.015625,1.011719,-1,0.882677621000814,-3.975052001874419,
2025-08-06T13:42:00.346859,-0.066406,0.015625,1.019531,-1,0.876171428032863,-3.726195505459816,
2025-08-06T13:42:00.847123,-0.070312,0.019531,1.015625,-1,1.0990620033875442,-3.959554007490287,
2025-08-06T13:42:01.348169,-0.074219,0.015625,1.019531,-1,0.8757107582865988,-4.163140449323331,
2025-08-06T13:42:01.909173,-0.066406,0.019531,1.011719,-1,1.1035702752112522,-3.75462749123489,
2025-08-06T13:42:02.349193,-0.078125,0.011719,1.019531,-1,0.6566325350784901,-4.381630592043893,
2025-08-06T13:42:02.849727,-0.070312,0.019531,1.011719,-1,1.1032838148222464,-3.974786307045472,
2025-08-06T13:42:03.351387,-0.074219,0.011719,1.019531,-1,0.6568194542417054,-4.163353550657151,
2025-08-06T13:42:03.850894,-0.074219,0.019531,1.015625,-1,1.0987627980003676,-4.178814021344229,
2025-08-06T13:42:04.350894,-0.078125,0.019531,1.015625,-1,1.0984477632909195,-4.397895421613334,
2025-08-06T13:42:04.851276,-0.078125,0.007812,1.011719,-1,0.4410881505830871,-4.415489540769462,
2025-08-06T13:42:05.352760,-0.074219,0.019531,1.011719,-1,1.1029811491242274,-4.1948839424456885,
2025-08-06T13:42:05.853455,-0.078125,0.019531,1.019531,-1,1.0942650524290611,-4.381118215754438,
2025-08-06T13:42:06.353463,-0.074219,0.019531,1.019531,-1,1.0945765010030104,-4.162866514422745,
2025-08-06T13:42:06.853753,-0.078125,0.011719,1.027344,-1,0.6516680649105964,-4.348440715743172,
2025-08-06T13:42:07.353834,-0.074219,0.011719,1.011719,-1,0.661863602311014,-4.195382304387747,
2025-08-06T13:42:07.857003,-0.074219,0.015625,1.015625,-1,0.8790602804446449,-4.179091116786744,
2025-08-06T13:42:08.408874,-0.070312,0.023438,1.015625,-1,1.318848239976308,-3.9592329734027016,
2025-08-06T13:42:08.853326,-0.074219,0.019531,1.019531,-1,1.0945765010030104,-4.162866514422745,
2025-08-06T13:42:09.372579,-0.074219,0.015625,1.011719,-1,0.8824354530316566,-4.195164247190032,
2025-08-06T13:42:09.868847,-0.078125,0.019531,1.011719,-1,1.1026624730935723,-4.414801336352567,
2025-08-06T13:42:10.355762,-0.078125,0.019531,1.015625,-1,1.0984477632909195,-4.397895421613334,
2025-08-06T13:42:10.857869,-0.070312,0.015625,1.007812,-1,0.8860824254812231,-3.990408774127534,
2025-08-06T13:42:11.357309,-0.070312,0.019531,1.003906,-1,1.1118263430981457,-4.005608552607101,
2025-08-06T13:42:11.862759,-0.074219,0.015625,1.011719,-1,0.8824354530316566,-4.195164247190032,
2025-08-06T13:42:12.362759,-0.074219,0.015625,1.015625,-1,0.8790602804446449,-4.179091116786744,
2025-08-06T13:42:12.861995,-0.074219,0.019531,1.019531,-1,1.0945765010030104,-4.162866514422745,
2025-08-06T13:42:13.366296,-0.070312,0.015625,1.011719,-1,0.882677621000814,-3.975052001874419,
2025-08-06T13:42:13.867068,-0.078125,0.015625,1.019531,-1,0.8754615635122167,-4.381406403248674,
2025-08-06T13:42:14.368634,-0.074219,0.011719,1.011719,-1,0.661863602311014,-4.195382304387747,
2025-08-06T13:42:14.869487,-0.066406,0.019531,1.023438,-1,1.0909900534200418,-3.711771254967755,
2025-08-06T13:42:15.369630,-0.074219,0.015625,1.015625,-1,0.8790602804446449,-4.179091116786744,
2025-08-06T13:42:15.870008,-0.074219,0.011719,1.011719,-1,0.661863602311014,-4.195382304387747,
2025-08-06T13:42:16.367409,-0.074219,0.015625,1.015625,-1,0.8790602804446449,-4.179091116786744,
2025-08-06T13:42:17.115901,-0.078125,0.015625,1.011719,-1,0.8821804749424016,-4.415096222521653,
2025-08-06T13:42:17.377901,-0.074219,0.011719,1.015625,-1,0.6593319071763242,-4.179306677081632,
2025-08-06T13:42:17.870396,-0.074219,0.015625,1.015625,-1,0.8790602804446449,-4.179091116786744,
2025-08-06T13:42:18.397429,-0.074219,0.015625,1.019531,-1,0.8757107582865988,-4.163140449323331,
2025-08-06T13:42:18.873440,-0.074219,0.015625,1.019531,-1,0.8757107582865988,-4.163140449323331,
2025-08-06T13:42:19.373381,-0.070312,0.019531,1.015625,-1,1.0990620033875442,-3.959554007490287,
2025-08-06T13:42:19.877255,-0.074219,0.015625,1.007812,-1,0.885837445081153,-4.211365416252368,
2025-08-06T13:42:20.373347,-0.070312,0.015625,1.015625,-1,0.8792996795163592,-3.9598166591906674,
2025-08-06T13:42:20.873383,-0.066406,0.015625,1.015625,-1,0.8795262593266958,-3.740482129009342,
2025-08-06T13:42:21.374876,-0.074219,0.019531,1.019531,-1,1.0945765010030104,-4.162866514422745,
2025-08-06T13:42:21.876290,-0.066406,0.015625,1.007812,-1,0.8863142906072571,-3.769389784892654,
2025-08-06T13:42:22.377629,-0.070312,0.015625,1.015625,-1,0.8792996795163592,-3.9598166591906674,
2025-08-06T13:42:22.882017,-0.074219,0.015625,1.011719,-1,0.8824354530316566,-4.195164247190032,
2025-08-06T13:42:23.380208,-0.078125,0.011719,1.007812,-1,0.6642219390273632,-4.4323722037370175,
2025-08-06T13:42:23.883886,-0.070312,0.019531,1.019531,-1,1.0948722985581978,-3.94443780441863,
2025-08-06T13:42:24.391121,-0.070312,0.015625,1.011719,-1,0.882677621000814,-3.975052001874419,
2025-08-06T13:42:24.880711,-0.078125,0.011719,1.011719,-1,0.6616723448247972,-4.41532562301725,
2025-08-06T13:42:25.387056,-0.070312,0.019531,1.015625,-1,1.0990620033875442,-3.959554007490287,
2025-08-06T13:42:25.883056,-0.066406,0.023438,1.011719,-1,1.3242574713760034,-3.754320619696118,
2025-08-06T13:42:26.381056,-0.070312,0.019531,1.011719,-1,1.1032838148222464,-3.974786307045472,
2025-08-06T13:42:26.883132,-0.070312,0.015625,1.011719,-1,0.882677621000814,-3.975052001874419,
2025-08-06T13:42:27.387133,-0.078125,0.015625,1.015625,-1,0.8788082160947002,-4.398186932818698,
2025-08-06T13:42:27.888351,-0.070312,0.019531,1.023438,-1,1.090713275908077,-3.929432551882644,
2025-08-06T13:42:28.383532,-0.074219,0.019531,1.015625,-1,1.0987627980003676,-4.178814021344229,
2025-08-06T13:42:28.883008,-0.078125,0.019531,1.027344,-1,1.0859931344949636,-4.3479398935976885,
2025-08-06T13:42:29.384666,-0.078125,0.019531,1.019531,-1,1.0942650524290611,-4.381118215754438,
2025-08-06T13:42:29.884344,-0.078125,0.019531,1.015625,-1,1.0984477632909195,-4.397895421613334,
2025-08-06T13:42:30.386885,-0.074219,0.015625,1.015625,-1,0.8790602804446449,-4.179091116786744,
2025-08-06T13:42:30.884187,-0.074219,0.015625,1.019531,-1,0.8757107582865988,-4.163140449323331,
2025-08-06T13:42:31.386313,-0.070312,0.015625,1.015625,-1,0.8792996795163592,-3.9598166591906674,
2025-08-06T13:42:31.983475,-0.078125,0.011719,1.011719,-1,0.6616723448247972,-4.41532562301725,
2025-08-06T13:42:32.396473,-0.074219,0.015625,1.019531,-1,0.8757107582865988,-4.163140449323331,
2025-08-06T13:42:32.891473,-0.078125,0.011719,1.011719,-1,0.6616723448247972,-4.41532562301725,
2025-08-06T13:42:33.389869,-0.078125,0.019531,1.015625,-1,1.0984477632909195,-4.397895421613334,
2025-08-06T13:42:33.890878,-0.070312,0.019531,1.011719,-1,1.1032838148222464,-3.974786307045472,
2025-08-06T13:42:34.395053,-0.074219,0.015625,1.011719,-1,0.8824354530316566,-4.195164247190032,
2025-08-06T13:42:34.890891,-0.074219,0.015625,1.019531,-1,0.8757107582865988,-4.163140449323331,
2025-08-06T13:42:35.391687,-0.074219,0.015625,1.019531,-1,0.8757107582865988,-4.163140449323331,
2025-08-06T13:42:35.897022,-0.074219,0.015625,1.011719,-1,0.8824354530316566,-4.195164247190032,
2025-08-06T13:42:36.397600,-0.066406,0.015625,1.015625,-1,0.8795262593266958,-3.740482129009342,
2025-08-06T13:42:36.898813,-0.070312,0.015625,1.019531,-1,0.8759474304583958,-3.9446974592464015,
2025-08-06T13:42:37.394540,-0.070312,0.019531,1.003906,-1,1.1118263430981457,-4.005608552607101,
2025-08-06T13:42:37.895956,-0.078125,0.019531,1.007812,-1,1.106910640781439,-4.431841821849936,
2025-08-06T13:42:38.396474,-0.074219,0.015625,1.019531,-1,0.8757107582865988,-4.163140449323331,
2025-08-06T13:42:38.896355,-0.070312,0.015625,1.019531,-1,0.8759474304583958,-3.9446974592464015,
2025-08-06T13:42:39.394956,-0.078125,0.019531,1.011719,-1,1.1026624730935723,-4.414801336352567,
2025-08-06T13:42:39.895956,-0.066406,0.015625,1.023438,-1,0.8728411877694549,-3.712013820162865,
2025-08-06T13:42:40.398742,-0.074219,0.019531,1.015625,-1,1.0987627980003676,-4.178814021344229,
2025-08-06T13:42:40.901238,-0.078125,0.015625,1.019531,-1,0.8754615635122167,-4.381406403248674,
2025-08-06T13:42:41.401005,-0.074219,0.015625,1.015625,-1,0.8790602804446449,-4.179091116786744,
2025-08-06T13:42:41.900045,-0.070312,0.015625,1.015625,-1,0.8792996795163592,-3.9598166591906674,
2025-08-06T13:42:42.400427,-0.070312,0.015625,1.015625,-1,0.8792996795163592,-3.9598166591906674,
2025-08-06T13:42:42.900428,-0.074219,0.019531,1.015625,-1,1.0987627980003676,-4.178814021344229,
2025-08-06T13:42:43.402979,-0.078125,0.015625,1.019531,-1,0.8754615635122167,-4.381406403248674,
2025-08-06T13:42:43.903014,-0.074219,0.015625,1.003906,-1,0.8892648146423924,-4.227687765693737,
2025-08-06T13:42:44.404754,-0.078125,0.015625,1.015625,-1,0.8788082160947002,-4.398186932818698,
2025-08-06T13:42:44.904349,-0.074219,0.015625,1.015625,-1,0.8790602804446449,-4.179091116786744,
2025-08-06T13:42:45.406423,-0.082031,0.019531,1.011719,-1,1.1023277534230551,-4.634588468695245,
2025-08-06T13:42:45.909539,-0.082031,0.011719,1.023438,-1,0.6539464850361534,-4.582297719471722,
2025-08-06T13:42:46.407347,-0.078125,0.011719,1.011719,-1,0.6616723448247972,-4.41532562301725,
2025-08-06T13:42:47.169581,-0.078125,0.019531,1.007812,-1,1.106910640781439,-4.431841821849936,
2025-08-06T13:42:47.411579,-0.070312,0.019531,1.015625,-1,1.0990620033875442,-3.959554007490287,
2025-08-06T13:42:47.924252,-0.074219,0.015625,1.015625,-1,0.8790602804446449,-4.179091116786744,
2025-08-06T13:42:48.408949,-0.074219,0.019531,1.015625,-1,1.0987627980003676,-4.178814021344229,
2025-08-06T13:42:48.911305,-0.070312,0.019531,1.007812,-1,1.1075391957439158,-3.990139988221692,
2025-08-06T13:42:49.408106,-0.074219,0.019531,1.015625,-1,1.0987627980003676,-4.178814021344229,
2025-08-06T13:42:49.911615,-0.074219,0.015625,1.015625,-1,0.8790602804446449,-4.179091116786744,
2025-08-06T13:42:50.409614,-0.074219,0.007812,1.015625,-1,0.4395278767543178,-4.1794607051913015,
2025-08-06T13:42:50.910606,-0.066406,0.019531,1.011719,-1,1.1035702752112522,-3.75462749123489,
2025-08-06T13:42:51.410137,-0.070312,0.015625,1.011719,-1,0.882677621000814,-3.975052001874419,
2025-08-06T13:42:51.912687,-0.070312,0.015625,1.019531,-1,0.8759474304583958,-3.9446974592464015,
2025-08-06T13:42:52.441707,-0.074219,0.019531,1.023438,-1,1.0904208355486065,-4.147035994474838,
2025-08-06T13:42:52.941989,-0.074219,0.015625,1.015625,-1,0.8790602804446449,-4.179091116786744,
2025-08-06T13:42:53.449785,-0.074219,0.015625,1.019531,-1,0.8757107582865988,-4.163140449323331,
2025-08-06T13:42:53.949503,-0.074219,0.011719,1.023438,-1,0.6543253896095329,-4.147517494862795,
2025-08-06T13:42:54.448600,-0.074219,0.015625,1.027344,-1,0.8690866661704141,-4.131596950733885,
2025-08-06T13:42:54.948789,-0.066406,0.023438,1.019531,-1,1.314157138800159,-3.725650255535615,
2025-08-06T13:42:55.447352,-0.074219,0.015625,1.015625,-1,0.8790602804446449,-4.179091116786744,
2025-08-06T13:42:55.942534,-0.078125,0.015625,1.007812,-1,0.8855795074738829,-4.432140136110196,
2025-08-06T13:42:56.441266,-0.070312,0.011719,1.019531,-1,0.6569969803031029,-3.944899451739895,
2025-08-06T13:42:56.946552,-0.078125,0.015625,1.019531,-1,0.8754615635122167,-4.381406403248674,
2025-08-06T13:42:57.450554,-0.074219,0.015625,1.011719,-1,0.8824354530316566,-4.195164247190032,
2025-08-06T13:42:57.951555,-0.070312,0.015625,1.015625,-1,0.8792996795163592,-3.9598166591906674,
2025-08-06T13:42:58.445552,-0.074219,0.019531,1.007812,-1,1.1072330153369714,-4.211081851662468,
2025-08-06T13:42:58.947661,-0.066406,0.019531,1.011719,-1,1.1035702752112522,-3.75462749123489,
2025-08-06T13:42:59.449382,-0.070312,0.019531,1.015625,-1,1.0990620033875442,-3.959554007490287,
2025-08-06T13:42:59.951246,-0.074219,0.015625,1.011719,-1,0.8824354530316566,-4.195164247190032,
2025-08-06T13:43:00.448347,-0.070312,0.015625,1.011719,-1,0.882677621000814,-3.975052001874419,
2025-08-06T13:43:00.947335,-0.070312,0.015625,1.007812,-1,0.8860824254812231,-3.990408774127534,
2025-08-06T13:43:01.446775,-0.074219,0.015625,1.015625,-1,0.8790602804446449,-4.179091116786744,
2025-08-06T13:43:02.055945,-0.074219,0.019531,1.015625,-1,1.0987627980003676,-4.178814021344229,
2025-08-06T13:43:02.449940,-0.078125,0.015625,1.011719,-1,0.8821804749424016,-4.415096222521653,
2025-08-06T13:43:02.950179,-0.074219,0.011719,1.015625,-1,0.6593319071763242,-4.179306677081632,
2025-08-06T13:43:03.446370,-0.074219,0.019531,1.011719,-1,1.1029811491242274,-4.1948839424456885,
2025-08-06T13:43:03.951699,-0.074219,0.019531,1.011719,-1,1.1029811491242274,-4.1948839424456885,
2025-08-06T13:43:04.452035,-0.078125,0.015625,1.023438,-1,0.8721393804253038,-4.364748924369022,
2025-08-06T13:43:04.948377,-0.070312,0.011719,1.015625,-1,0.659511478806085,-3.9600209833076647,
2025-08-06T13:43:05.447748,-0.078125,0.011719,1.015625,-1,0.6591428354176316,-4.398413707523402,
2025-08-06T13:43:05.948842,-0.066406,0.015625,1.019531,-1,0.876171428032863,-3.726195505459816,
2025-08-06T13:43:06.448048,-0.074219,0.019531,1.015625,-1,1.0987627980003676,-4.178814021344229,
2025-08-06T13:43:06.952936,-0.074219,0.019531,1.015625,-1,1.0987627980003676,-4.178814021344229,
2025-08-06T13:43:07.448120,-0.070312,0.019531,1.011719,-1,1.1032838148222464,-3.974786307045472,
2025-08-06T13:43:07.954244,-0.070312,0.015625,1.011719,-1,0.882677621000814,-3.975052001874419,
2025-08-06T13:43:08.454402,-0.074219,0.015625,1.011719,-1,0.8824354530316566,-4.195164247190032,
2025-08-06T13:43:08.957239,-0.074219,0.019531,1.015625,-1,1.0987627980003676,-4.178814021344229,
2025-08-06T13:43:09.449240,-0.070312,0.007812,1.007812,-1,0.4430393494364731,-3.990767280638349,
2025-08-06T13:43:09.949425,-0.074219,0.011719,1.011719,-1,0.661863602311014,-4.195382304387747,
2025-08-06T13:43:10.450434,-0.070312,0.015625,1.011719,-1,0.882677621000814,-3.975052001874419,
2025-08-06T13:43:10.949334,-0.074219,0.011719,1.023438,-1,0.6543253896095329,-4.147517494862795,
2025-08-06T13:43:11.451840,-0.070312,0.015625,1.019531,-1,0.8759474304583958,-3.9446974592464015,
2025-08-06T13:43:11.951305,-0.070312,0.015625,1.019531,-1,0.8759474304583958,-3.9446974592464015,
2025-08-06T13:43:12.448014,-0.078125,0.019531,1.007812,-1,1.106910640781439,-4.431841821849936,
2025-08-06T13:43:12.973292,-0.074219,0.011719,1.011719,-1,0.661863602311014,-4.195382304387747,
2025-08-06T13:43:13.447292,-0.070312,0.015625,1.019531,-1,0.8759474304583958,-3.9446974592464015,
2025-08-06T13:43:13.956568,-0.074219,0.019531,1.015625,-1,1.0987627980003676,-4.178814021344229,
2025-08-06T13:43:14.449517,-0.074219,0.015625,1.007812,-1,0.885837445081153,-4.211365416252368,
2025-08-06T13:43:14.952727,-0.074219,0.015625,1.015625,-1,0.8790602804446449,-4.179091116786744,
2025-08-06T13:43:15.453011,-0.070312,0.011719,1.011719,-1,0.6620452510160703,-3.975258693608283,
2025-08-06T13:43:15.957192,-0.074219,0.015625,1.019531,-1,0.8757107582865988,-4.163140449323331,
2025-08-06T13:43:16.454382,-0.066406,0.011719,1.007812,-1,0.6647730957793557,-3.769587369095426,
2025-08-06T13:43:16.995876,-0.078125,0.011719,1.019531,-1,0.6566325350784901,-4.381630592043893,
2025-08-06T13:43:17.464212,-0.074219,0.015625,1.011719,-1,0.8824354530316566,-4.195164247190032,
2025-08-06T13:43:17.954383,-0.078125,0.023438,1.003906,-1,1.333400508169028,-4.448640785750855,
2025-08-06T13:43:18.453116,-0.074219,0.015625,1.019531,-1,0.8757107582865988,-4.163140449323331,
2025-08-06T13:43:18.956866,-0.070312,0.015625,1.015625,-1,0.8792996795163592,-3.9598166591906674,
2025-08-06T13:43:19.461333,-0.078125,0.015625,1.015625,-1,0.8788082160947002,-4.398186932818698,
2025-08-06T13:43:19.957413,-0.074219,0.015625,1.015625,-1,0.8790602804446449,-4.179091116786744,
2025-08-06T13:43:20.463645,-0.074219,0.015625,1.011719,-1,0.8824354530316566,-4.195164247190032,
2025-08-06T13:43:20.954204,-0.070312,0.015625,1.011719,-1,0.882677621000814,-3.975052001874419,
2025-08-06T13:43:21.456386,-0.074219,0.019531,1.019531,-1,1.0945765010030104,-4.162866514422745,
2025-08-06T13:43:21.955303,-0.074219,0.023438,1.015625,-1,1.318489239368982,-4.178475332923178,
2025-08-06T13:43:22.456126,-0.074219,0.015625,1.011719,-1,0.8824354530316566,-4.195164247190032,
2025-08-06T13:43:22.958059,-0.070312,0.015625,1.023438,-1,0.8726197340321947,-3.929689254469079,
2025-08-06T13:43:23.459736,-0.070312,0.015625,1.019531,-1,0.8759474304583958,-3.9446974592464015,
2025-08-06T13:43:23.966262,-0.074219,0.015625,1.007812,-1,0.885837445081153,-4.211365416252368,
2025-08-06T13:43:24.495520,-0.074219,0.015625,1.019531,-1,0.8757107582865988,-4.163140449323331,
2025-08-06T13:43:24.977531,-0.074219,0.011719,1.019531,-1,0.6568194542417054,-4.163353550657151,
2025-08-06T13:43:25.457421,-0.070312,0.015625,1.011719,-1,0.882677621000814,-3.975052001874419,
2025-08-06T13:43:25.961339,-0.074219,0.019531,1.011719,-1,1.1029811491242274,-4.1948839424456885,
2025-08-06T13:43:26.456408,-0.078125,0.011719,1.007812,-1,0.6642219390273632,-4.4323722037370175,
2025-08-06T13:43:26.969640,-0.070312,0.015625,1.015625,-1,0.8792996795163592,-3.9598166591906674,
2025-08-06T13:43:27.457384,-0.070312,0.015625,1.015625,-1,0.8792996795163592,-3.9598166591906674,
2025-08-06T13:43:27.968411,-0.074219,0.015625,1.015625,-1,0.8790602804446449,-4.179091116786744,
2025-08-06T13:43:28.455554,-0.078125,0.011719,1.011719,-1,0.6616723448247972,-4.41532562301725,
2025-08-06T13:43:28.957609,-0.070312,0.019531,1.019531,-1,1.0948722985581978,-3.94443780441863,
2025-08-06T13:43:29.457214,-0.070312,0.015625,1.015625,-1,0.8792996795163592,-3.9598166591906674,
2025-08-06T13:43:29.958271,-0.074219,0.015625,1.007812,-1,0.885837445081153,-4.211365416252368,
2025-08-06T13:43:30.460419,-0.074219,0.011719,1.011719,-1,0.661863602311014,-4.195382304387747,
2025-08-06T13:43:30.971659,-0.074219,0.011719,1.011719,-1,0.661863602311014,-4.195382304387747,
2025-08-06T13:43:31.462070,-0.070312,0.019531,1.019531,-1,1.0948722985581978,-3.94443780441863,
2025-08-06T13:43:31.969298,-0.074219,0.019531,1.015625,-1,1.0987627980003676,-4.178814021344229,
2025-08-06T13:43:32.474296,-0.074219,0.019531,1.019531,-1,1.0945765010030104,-4.162866514422745,
2025-08-06T13:43:32.964836,-0.074219,0.015625,1.019531,-1,0.8757107582865988,-4.163140449323331,
2025-08-06T13:43:33.460863,-0.074219,0.015625,1.007812,-1,0.885837445081153,-4.211365416252368,
2025-08-06T13:43:33.977711,-0.074219,0.007812,1.015625,-1,0.4395278767543178,-4.1794607051913015,
2025-08-06T13:43:34.463475,-0.070312,0.015625,1.023438,-1,0.8726197340321947,-3.929689254469079,
2025-08-06T13:43:34.961479,-0.070312,0.019531,1.015625,-1,1.0990620033875442,-3.959554007490287,
2025-08-06T13:43:35.457985,-0.074219,0.015625,1.015625,-1,0.8790602804446449,-4.179091116786744,
2025-08-06T13:43:35.962840,-0.070312,0.015625,1.019531,-1,0.8759474304583958,-3.9446974592464015,
2025-08-06T13:43:36.458682,-0.074219,0.015625,1.015625,-1,0.8790602804446449,-4.179091116786744,
2025-08-06T13:43:36.960203,-0.074219,0.019531,1.007812,-1,1.1072330153369714,-4.211081851662468,
2025-08-06T13:43:37.481476,-0.074219,0.015625,1.011719,-1,0.8824354530316566,-4.195164247190032,
2025-08-06T13:43:37.962312,-0.078125,0.015625,1.023438,-1,0.8721393804253038,-4.364748924369022,
2025-08-06T13:43:38.463329,-0.070312,0.015625,1.011719,-1,0.882677621000814,-3.975052001874419,
2025-08-06T13:43:38.969247,-0.074219,0.015625,1.019531,-1,0.8757107582865988,-4.163140449323331,
2025-08-06T13:43:39.480458,-0.0625,0.015625,1.015625,-1,0.8797400529857811,-3.521037759152545,
2025-08-06T13:43:39.963416,-0.074219,0.015625,1.011719,-1,0.8824354530316566,-4.195164247190032,
2025-08-06T13:43:40.466515,-0.074219,0.011719,1.011719,-1,0.661863602311014,-4.195382304387747,
2025-08-06T13:43:40.966367,-0.066406,0.015625,1.007812,-1,0.8863142906072571,-3.769389784892654,
2025-08-06T13:43:41.480136,-0.078125,0.015625,1.015625,-1,0.8788082160947002,-4.398186932818698,
2025-08-06T13:43:41.966994,-0.074219,0.015625,1.015625,-1,0.8790602804446449,-4.179091116786744,
2025-08-06T13:43:42.469645,-0.074219,0.015625,1.019531,-1,0.8757107582865988,-4.163140449323331,
2025-08-06T13:43:42.973651,-0.074219,0.015625,1.023438,-1,0.8723857482373869,-4.147306815880882,
2025-08-06T13:43:43.474898,-0.078125,0.023438,1.015625,-1,1.3181112459668023,-4.397539113053031,
2025-08-06T13:43:43.969895,-0.078125,0.011719,1.023438,-1,0.6541405910729506,-4.364970565735547,
2025-08-06T13:43:44.477508,-0.074219,0.015625,1.023438,-1,0.8723857482373869,-4.147306815880882,
2025-08-06T13:43:44.970510,-0.070312,0.015625,1.011719,-1,0.882677621000814,-3.975052001874419,
2025-08-06T13:43:45.473778,-0.070312,0.019531,1.019531,-1,1.0948722985581978,-3.94443780441863,
2025-08-06T13:43:45.987834,-0.078125,0.019531,1.011719,-1,1.1026624730935723,-4.414801336352567,
2025-08-06T13:43:46.473342,-0.074219,0.019531,1.015625,-1,1.0987627980003676,-4.178814021344229,
2025-08-06T13:43:46.974977,-0.074219,0.015625,1.011719,-1,0.8824354530316566,-4.195164247190032,
2025-08-06T13:43:47.479976,-0.074219,0.015625,1.011719,-1,0.8824354530316566,-4.195164247190032,
2025-08-06T13:43:47.978035,-0.074219,0.019531,1.015625,-1,1.0987627980003676,-4.178814021344229,
2025-08-06T13:43:48.481422,-0.066406,0.015625,1.015625,-1,0.8795262593266958,-3.740482129009342,
2025-08-06T13:43:48.975157,-0.074219,0.019531,1.007812,-1,1.1072330153369714,-4.211081851662468,
2025-08-06T13:43:49.489970,-0.074219,0.011719,1.023438,-1,0.6543253896095329,-4.147517494862795,
2025-08-06T13:43:49.975066,-0.074219,0.015625,1.019531,-1,0.8757107582865988,-4.163140449323331,
2025-08-06T13:43:50.477324,-0.074219,0.015625,1.015625,-1,0.8790602804446449,-4.179091116786744,
2025-08-06T13:43:50.989887,-0.070312,0.015625,1.011719,-1,0.882677621000814,-3.975052001874419,
2025-08-06T13:43:51.476837,-0.074219,0.011719,1.003906,-1,0.6669862684536116,-4.227910934139552,
2025-08-06T13:43:51.984069,-0.074219,0.015625,1.011719,-1,0.8824354530316566,-4.195164247190032,
2025-08-06T13:43:52.478726,-0.078125,0.019531,1.011719,-1,1.1026624730935723,-4.414801336352567,
2025-08-06T13:43:52.984292,-0.082031,0.015625,1.011719,-1,0.8819126600863326,-4.634897910288624,
2025-08-06T13:43:53.480933,-0.074219,0.019531,1.019531,-1,1.0945765010030104,-4.162866514422745,
2025-08-06T13:43:53.984584,-0.074219,0.011719,1.03125,-1,0.6493947589463843,-4.116211380103347,
2025-08-06T13:43:54.478003,-0.078125,0.019531,1.011719,-1,1.1026624730935723,-4.414801336352567,
2025-08-06T13:43:54.983735,-0.074219,0.015625,1.011719,-1,0.8824354530316566,-4.195164247190032,
2025-08-06T13:43:55.481046,-0.070312,0.019531,1.015625,-1,1.0990620033875442,-3.959554007490287,
2025-08-06T13:43:55.981985,-0.070312,0.023438,1.023438,-1,1.3088310347119567,-3.929118788230284,
2025-08-06T13:43:56.483762,-0.074219,0.011719,1.015625,-1,0.6593319071763242,-4.179306677081632,
2025-08-06T13:43:56.984105,-0.074219,0.011719,1.007812,-1,0.6644154165847265,-4.211586009682766,
2025-08-06T13:43:57.484910,-0.070312,0.011719,1.015625,-1,0.659511478806085,-3.9600209833076647,
2025-08-06T13:43:57.990843,-0.070312,0.015625,1.011719,-1,0.882677621000814,-3.975052001874419,
2025-08-06T13:43:58.490281,-0.074219,0.015625,1.011719,-1,0.8824354530316566,-4.195164247190032,
2025-08-06T13:43:58.988372,-0.074219,0.015625,1.011719,-1,0.8824354530316566,-4.195164247190032,
2025-08-06T13:43:59.487747,-0.070312,0.019531,1.019531,-1,1.0948722985581978,-3.94443780441863,
2025-08-06T13:44:00.007872,-0.074219,0.015625,1.015625,-1,0.8790602804446449,-4.179091116786744,
2025-08-06T13:44:00.486920,-0.070312,0.015625,1.011719,-1,0.882677621000814,-3.975052001874419,
2025-08-06T13:44:00.989267,-0.078125,0.019531,1.011719,-1,1.1026624730935723,-4.414801336352567,
2025-08-06T13:44:01.489354,-0.074219,0.011719,1.015625,-1,0.6593319071763242,-4.179306677081632,
2025-08-06T13:44:01.987089,-0.074219,0.015625,1.015625,-1,0.8790602804446449,-4.179091116786744,
2025-08-06T13:44:02.497089,-0.074219,0.007812,1.011719,-1,0.4412156541442312,-4.195538116812858,
2025-08-06T13:44:02.988613,-0.074219,0.015625,1.007812,-1,0.885837445081153,-4.211365416252368,
2025-08-06T13:44:03.488971,-0.070312,0.019531,1.011719,-1,1.1032838148222464,-3.974786307045472,
2025-08-06T13:44:03.993848,-0.074219,0.015625,1.019531,-1,0.8757107582865988,-4.163140449323331,
2025-08-06T13:44:04.489717,-0.070312,0.019531,1.019531,-1,1.0948722985581978,-3.94443780441863,
2025-08-06T13:44:04.993653,-0.078125,0.015625,1.023438,-1,0.8721393804253038,-4.364748924369022,
2025-08-06T13:44:05.494190,-0.074219,0.015625,1.011719,-1,0.8824354530316566,-4.195164247190032,
2025-08-06T13:44:05.998938,-0.074219,0.015625,1.011719,-1,0.8824354530316566,-4.195164247190032,
2025-08-06T13:44:06.511822,-0.074219,0.015625,1.015625,-1,0.8790602804446449,-4.179091116786744,
2025-08-06T13:44:06.998616,-0.078125,0.011719,1.007812,-1,0.6642219390273632,-4.4323722037370175,
2025-08-06T13:44:07.496883,-0.070312,0.019531,1.027344,-1,1.086586705885355,-3.9145446307984617,
2025-08-06T13:44:08.006572,-0.074219,0.015625,1.011719,-1,0.8824354530316566,-4.195164247190032,
2025-08-06T13:44:08.499821,-0.074219,0.015625,1.011719,-1,0.8824354530316566,-4.195164247190032,
2025-08-06T13:44:09.002110,-0.070312,0.023438,1.015625,-1,1.318848239976308,-3.9592329734027016,
2025-08-06T13:44:09.502437,-0.070312,0.015625,1.007812,-1,0.8860824254812231,-3.990408774127534,
2025-08-06T13:44:09.998438,-0.074219,0.019531,1.015625,-1,1.0987627980003676,-4.178814021344229,
2025-08-06T13:44:10.504811,-0.078125,0.007812,1.011719,-1,0.4410881505830871,-4.415489540769462,
2025-08-06T13:44:11.004808,-0.074219,0.015625,1.015625,-1,0.8790602804446449,-4.179091116786744,
2025-08-06T13:44:11.503367,-0.078125,0.015625,1.011719,-1,0.8821804749424016,-4.415096222521653,
2025-08-06T13:44:12.022369,-0.070312,0.015625,1.019531,-1,0.8759474304583958,-3.9446974592464015,
2025-08-06T13:44:12.514367,-0.074219,0.019531,1.007812,-1,1.1072330153369714,-4.211081851662468,
2025-08-06T13:44:13.004386,-0.074219,0.015625,1.011719,-1,0.8824354530316566,-4.195164247190032,
2025-08-06T13:44:13.504357,-0.074219,0.015625,1.023438,-1,0.8723857482373869,-4.147306815880882,
2025-08-06T13:44:14.011216,-0.078125,0.019531,1.019531,-1,1.0942650524290611,-4.381118215754438,
2025-08-06T13:44:14.504671,-0.078125,0.011719,1.015625,-1,0.6591428354176316,-4.398413707523402,
2025-08-06T13:44:15.013371,-0.074219,0.015625,1.015625,-1,0.8790602804446449,-4.179091116786744,
2025-08-06T13:44:15.513601,-0.078125,0.015625,1.019531,-1,0.8754615635122167,-4.381406403248674,
2025-08-06T13:44:16.006040,-0.078125,0.015625,1.015625,-1,0.8788082160947002,-4.398186932818698,
2025-08-06T13:44:16.508034,-0.074219,0.011719,1.015625,-1,0.6593319071763242,-4.179306677081632,
2025-08-06T13:44:17.008857,-0.070312,0.011719,1.015625,-1,0.659511478806085,-3.9600209833076647,
2025-08-06T13:44:17.508859,-0.066406,0.019531,1.007812,-1,1.10782898445145,-3.7691357978354745,
2025-08-06T13:44:18.006926,-0.070312,0.015625,1.019531,-1,0.8759474304583958,-3.9446974592464015,
2025-08-06T13:44:18.508312,-0.074219,0.011719,1.011719,-1,0.661863602311014,-4.195382304387747,
2025-08-06T13:44:19.017888,-0.074219,0.019531,1.019531,-1,1.0945765010030104,-4.162866514422745,
2025-08-06T13:44:19.515886,-0.078125,0.011719,1.015625,-1,0.6591428354176316,-4.398413707523402,
2025-08-06T13:44:20.017112,-0.078125,0.015625,1.011719,-1,0.8821804749424016,-4.415096222521653,
2025-08-06T13:44:20.512011,-0.074219,0.011719,1.011719,-1,0.661863602311014,-4.195382304387747,
2025-08-06T13:44:21.012983,-0.074219,0.015625,1.019531,-1,0.8757107582865988,-4.163140449323331,
2025-08-06T13:44:21.513040,-0.070312,0.011719,1.007812,-1,0.6645991750243075,-3.990617870788554,
2025-08-06T13:44:22.016279,-0.074219,0.011719,1.007812,-1,0.6644154165847265,-4.211586009682766,
2025-08-06T13:44:22.523060,-0.078125,0.011719,1.019531,-1,0.6566325350784901,-4.381630592043893,
2025-08-06T13:44:23.016899,-0.078125,0.015625,1.015625,-1,0.8788082160947002,-4.398186932818698,
2025-08-06T13:44:23.514918,-0.074219,0.015625,1.015625,-1,0.8790602804446449,-4.179091116786744,
2025-08-06T13:44:24.020370,-0.074219,0.011719,1.007812,-1,0.6644154165847265,-4.211586009682766,
2025-08-06T13:44:24.516076,-0.070312,0.019531,1.015625,-1,1.0990620033875442,-3.959554007490287,
2025-08-06T13:44:25.017369,-0.070312,0.019531,1.011719,-1,1.1032838148222464,-3.974786307045472,
2025-08-06T13:44:25.520686,-0.070312,0.011719,1.019531,-1,0.6569969803031029,-3.944899451739895,
2025-08-06T13:44:26.020767,-0.070312,0.019531,1.015625,-1,1.0990620033875442,-3.959554007490287,
2025-08-06T13:44:26.521678,-0.074219,0.015625,1.015625,-1,0.8790602804446449,-4.179091116786744,
2025-08-06T13:44:27.025184,-0.074219,0.019531,1.007812,-1,1.1072330153369714,-4.211081851662468,
2025-08-06T13:44:27.523738,-0.074219,0.015625,1.019531,-1,0.8757107582865988,-4.163140449323331,
2025-08-06T13:44:28.022314,-0.074219,0.011719,1.019531,-1,0.6568194542417054,-4.163353550657151,
2025-08-06T13:44:28.526468,-0.078125,0.015625,1.015625,-1,0.8788082160947002,-4.398186932818698,
2025-08-06T13:44:29.024775,-0.074219,0.015625,1.015625,-1,0.8790602804446449,-4.179091116786744,
2025-08-06T13:44:29.523387,-0.074219,0.015625,1.011719,-1,0.8824354530316566,-4.195164247190032,
2025-08-06T13:44:30.025026,-0.078125,0.019531,1.015625,-1,1.0984477632909195,-4.397895421613334,
2025-08-06T13:44:30.526043,-0.070312,0.015625,1.015625,-1,0.8792996795163592,-3.9598166591906674,
2025-08-06T13:44:31.024026,-0.078125,0.011719,1.019531,-1,0.6566325350784901,-4.381630592043893,
2025-08-06T13:44:31.525547,-0.066406,0.015625,1.019531,-1,0.876171428032863,-3.726195505459816,
2025-08-06T13:44:32.049343,-0.070312,0.015625,1.015625,-1,0.8792996795163592,-3.9598166591906674,
2025-08-06T13:44:32.528342,-0.078125,0.011719,1.015625,-1,0.6591428354176316,-4.398413707523402,
2025-08-06T13:44:33.029624,-0.070312,0.015625,1.023438,-1,0.8726197340321947,-3.929689254469079,
2025-08-06T13:44:33.533002,-0.074219,0.011719,1.011719,-1,0.661863602311014,-4.195382304387747,
2025-08-06T13:44:34.029836,-0.070312,0.015625,1.015625,-1,0.8792996795163592,-3.9598166591906674,
2025-08-06T13:44:34.532376,-0.074219,0.015625,1.015625,-1,0.8790602804446449,-4.179091116786744,
2025-08-06T13:44:35.038408,-0.070312,0.015625,1.011719,-1,0.882677621000814,-3.975052001874419,
2025-08-06T13:44:35.531204,-0.074219,0.015625,1.011719,-1,0.8824354530316566,-4.195164247190032,
2025-08-06T13:44:36.030074,-0.074219,0.019531,1.015625,-1,1.0987627980003676,-4.178814021344229,
2025-08-06T13:44:36.546552,-0.078125,0.015625,1.011719,-1,0.8821804749424016,-4.415096222521653,
2025-08-06T13:44:37.033488,-0.070312,0.011719,1.011719,-1,0.6620452510160703,-3.975258693608283,
2025-08-06T13:44:37.535873,-0.070312,0.019531,1.007812,-1,1.1075391957439158,-3.990139988221692,
2025-08-06T13:44:38.033890,-0.070312,0.023438,1.011719,-1,1.3239137632710951,-3.974461553954323,
2025-08-06T13:44:38.534824,-0.070312,0.019531,1.015625,-1,1.0990620033875442,-3.959554007490287,
2025-08-06T13:44:39.034957,-0.078125,0.019531,1.015625,-1,1.0984477632909195,-4.397895421613334,
2025-08-06T13:44:39.534840,-0.074219,0.019531,1.015625,-1,1.0987627980003676,-4.178814021344229,
2025-08-06T13:44:40.036844,-0.074219,0.011719,1.015625,-1,0.6593319071763242,-4.179306677081632,
2025-08-06T13:44:40.537411,-0.074219,0.019531,1.011719,-1,1.1029811491242274,-4.1948839424456885,
2025-08-06T13:44:41.036971,-0.074219,0.019531,1.007812,-1,1.1072330153369714,-4.211081851662468,
2025-08-06T13:44:41.538613,-0.074219,0.015625,1.011719,-1,0.8824354530316566,-4.195164247190032,
2025-08-06T13:44:42.040878,-0.074219,0.015625,1.019531,-1,0.8757107582865988,-4.163140449323331,
2025-08-06T13:44:42.540952,-0.074219,0.015625,1.007812,-1,0.885837445081153,-4.211365416252368,
2025-08-06T13:44:43.038723,-0.078125,0.019531,1.011719,-1,1.1026624730935723,-4.414801336352567,
2025-08-06T13:44:43.540254,-0.082031,0.019531,1.023438,-1,1.0897894957549945,-4.581766154317847,
2025-08-06T13:44:44.041347,-0.074219,0.015625,1.015625,-1,0.8790602804446449,-4.179091116786744,
2025-08-06T13:44:44.540768,-0.074219,0.011719,1.015625,-1,0.6593319071763242,-4.179306677081632,
2025-08-06T13:44:45.044352,-0.078125,0.011719,1.015625,-1,0.6591428354176316,-4.398413707523402,
2025-08-06T13:44:45.543122,-0.078125,0.015625,1.011719,-1,0.8821804749424016,-4.415096222521653,
2025-08-06T13:44:46.045625,-0.070312,0.015625,1.015625,-1,0.8792996795163592,-3.9598166591906674,
2025-08-06T13:44:46.544562,-0.066406,0.011719,1.011719,-1,0.6622171739186216,-3.75507386729858,
2025-08-06T13:44:47.043989,-0.074219,0.015625,1.019531,-1,0.8757107582865988,-4.163140449323331,
2025-08-06T13:44:47.555989,-0.074219,0.015625,1.011719,-1,0.8824354530316566,-4.195164247190032,
2025-08-06T13:44:48.048367,-0.074219,0.015625,1.007812,-1,0.885837445081153,-4.211365416252368,
2025-08-06T13:44:48.546351,-0.074219,0.015625,1.023438,-1,0.8723857482373869,-4.147306815880882,
2025-08-06T13:44:49.046217,-0.074219,0.015625,1.011719,-1,0.8824354530316566,-4.195164247190032,
2025-08-06T13:44:49.547383,-0.074219,0.015625,1.019531,-1,0.8757107582865988,-4.163140449323331,
2025-08-06T13:44:50.049910,-0.074219,0.015625,1.019531,-1,0.8757107582865988,-4.163140449323331,
2025-08-06T13:44:50.549362,-0.078125,0.019531,1.019531,-1,1.0942650524290611,-4.381118215754438,
2025-08-06T13:44:51.052575,-0.074219,0.015625,1.015625,-1,0.8790602804446449,-4.179091116786744,
2025-08-06T13:44:51.549497,-0.074219,0.015625,1.019531,-1,0.8757107582865988,-4.163140449323331,
2025-08-06T13:44:52.046112,-0.074219,0.011719,1.007812,-1,0.6644154165847265,-4.211586009682766,
2025-08-06T13:44:52.547586,-0.074219,0.015625,1.007812,-1,0.885837445081153,-4.211365416252368,
2025-08-06T13:44:53.050154,-0.074219,0.019531,1.019531,-1,1.0945765010030104,-4.162866514422745,
2025-08-06T13:44:53.551840,-0.070312,0.019531,1.011719,-1,1.1032838148222464,-3.974786307045472,
2025-08-06T13:44:54.055480,-0.074219,0.019531,1.015625,-1,1.0987627980003676,-4.178814021344229,
2025-08-06T13:44:54.552321,-0.070312,0.015625,1.011719,-1,0.882677621000814,-3.975052001874419,
2025-08-06T13:44:55.055222,-0.078125,0.011719,1.007812,-1,0.6642219390273632,-4.4323722037370175,
2025-08-06T13:44:55.557703,-0.074219,0.019531,1.015625,-1,1.0987627980003676,-4.178814021344229,
2025-08-06T13:44:56.056681,-0.074219,0.015625,1.019531,-1,0.8757107582865988,-4.163140449323331,
2025-08-06T13:44:56.556421,-0.074219,0.015625,1.015625,-1,0.8790602804446449,-4.179091116786744,
2025-08-06T13:44:57.070372,-0.070312,0.015625,1.015625,-1,0.8792996795163592,-3.9598166591906674,
2025-08-06T13:44:57.557520,-0.074219,0.015625,1.015625,-1,0.8790602804446449,-4.179091116786744,
2025-08-06T13:44:58.057401,-0.078125,0.011719,1.015625,-1,0.6591428354176316,-4.398413707523402,
2025-08-06T13:44:58.558646,-0.074219,0.019531,1.011719,-1,1.1029811491242274,-4.1948839424456885,
2025-08-06T13:44:59.061372,-0.074219,0.015625,1.023438,-1,0.8723857482373869,-4.147306815880882,
2025-08-06T13:44:59.558916,-0.074219,0.015625,1.015625,-1,0.8790602804446449,-4.179091116786744,
2025-08-06T13:45:00.065250,-0.074219,0.011719,1.019531,-1,0.6568194542417054,-4.163353550657151,
2025-08-06T13:45:00.561758,-0.078125,0.015625,1.015625,-1,0.8788082160947002,-4.398186932818698,
2025-08-06T13:45:01.060996,-0.074219,0.007812,1.015625,-1,0.4395278767543178,-4.1794607051913015,
2025-08-06T13:45:01.563234,-0.074219,0.019531,1.019531,-1,1.0945765010030104,-4.162866514422745,
2025-08-06T13:45:02.063851,-0.070312,0.019531,1.015625,-1,1.0990620033875442,-3.959554007490287,
2025-08-06T13:45:02.574851,-0.070312,0.015625,1.011719,-1,0.882677621000814,-3.975052001874419,
2025-08-06T13:45:03.067851,-0.070312,0.015625,1.015625,-1,0.8792996795163592,-3.9598166591906674,
2025-08-06T13:45:03.566900,-0.074219,0.011719,1.015625,-1,0.6593319071763242,-4.179306677081632,
2025-08-06T13:45:04.066712,-0.070312,0.015625,1.011719,-1,0.882677621000814,-3.975052001874419,
2025-08-06T13:45:04.568371,-0.074219,0.019531,1.019531,-1,1.0945765010030104,-4.162866514422745,
2025-08-06T13:45:05.067852,-0.066406,0.011719,1.011719,-1,0.6622171739186216,-3.75507386729858,
2025-08-06T13:45:05.571767,-0.074219,0.015625,1.015625,-1,0.8790602804446449,-4.179091116786744,
2025-08-06T13:45:06.069694,-0.074219,0.015625,1.019531,-1,0.8757107582865988,-4.163140449323331,
2025-08-06T13:45:06.572200,-0.074219,0.015625,1.015625,-1,0.8790602804446449,-4.179091116786744,
2025-08-06T13:45:07.073492,-0.074219,0.023438,1.019531,-1,1.3134663212654785,-4.1625316885074,
2025-08-06T13:45:07.573370,-0.074219,0.011719,1.023438,-1,0.6543253896095329,-4.147517494862795,
2025-08-06T13:45:08.073738,-0.070312,0.019531,1.015625,-1,1.0990620033875442,-3.959554007490287,
2025-08-06T13:45:08.573366,-0.070312,0.015625,1.019531,-1,0.8759474304583958,-3.9446974592464015,
2025-08-06T13:45:09.077351,-0.074219,0.019531,1.015625,-1,1.0987627980003676,-4.178814021344229,
2025-08-06T13:45:09.573599,-0.066406,0.015625,1.015625,-1,0.8795262593266958,-3.740482129009342,
2025-08-06T13:45:10.110048,-0.078125,0.015625,1.015625,-1,0.8788082160947002,-4.398186932818698,
2025-08-06T13:45:10.576435,-0.078125,0.015625,1.023438,-1,0.8721393804253038,-4.364748924369022,
2025-08-06T13:45:11.075964,-0.074219,0.015625,1.011719,-1,0.8824354530316566,-4.195164247190032,
2025-08-06T13:45:11.577451,-0.078125,0.015625,1.011719,-1,0.8821804749424016,-4.415096222521653,
2025-08-06T13:45:12.078606,-0.074219,0.015625,1.015625,-1,0.8790602804446449,-4.179091116786744,
2025-08-06T13:45:12.580833,-0.074219,0.015625,1.015625,-1,0.8790602804446449,-4.179091116786744,
2025-08-06T13:45:13.076925,-0.066406,0.019531,1.015625,-1,1.0993451870049025,-3.740233940400369,
2025-08-06T13:45:13.581383,-0.074219,0.015625,1.015625,-1,0.8790602804446449,-4.179091116786744,
2025-08-06T13:45:14.081246,-0.074219,0.015625,1.019531,-1,0.8757107582865988,-4.163140449323331,
2025-08-06T13:45:14.580969,-0.074219,0.015625,1.011719,-1,0.8824354530316566,-4.195164247190032,
2025-08-06T13:45:15.085972,-0.074219,0.011719,1.019531,-1,0.6568194542417054,-4.163353550657151,
2025-08-06T13:45:15.580987,-0.074219,0.019531,1.007812,-1,1.1072330153369714,-4.211081851662468,
2025-08-06T13:45:16.082843,-0.070312,0.011719,1.011719,-1,0.6620452510160703,-3.975258693608283,
2025-08-06T13:45:16.583255,-0.074219,0.011719,1.019531,-1,0.6568194542417054,-4.163353550657151,
2025-08-06T13:45:17.087986,-0.074219,0.015625,1.007812,-1,0.885837445081153,-4.211365416252368,
2025-08-06T13:45:17.587986,-0.074219,0.011719,1.015625,-1,0.6593319071763242,-4.179306677081632,
2025-08-06T13:45:18.086340,-0.070312,0.011719,1.019531,-1,0.6569969803031029,-3.944899451739895,
2025-08-06T13:45:18.589931,-0.074219,0.015625,1.019531,-1,0.8757107582865988,-4.163140449323331,
2025-08-06T13:45:19.088862,-0.066406,0.015625,1.011719,-1,0.8829068228431354,-3.754878556396407,
2025-08-06T13:45:19.591946,-0.074219,0.015625,1.019531,-1,0.8757107582865988,-4.163140449323331,
2025-08-06T13:45:20.090501,-0.074219,0.011719,1.015625,-1,0.6593319071763242,-4.179306677081632,
2025-08-06T13:45:20.588646,-0.074219,0.015625,1.023438,-1,0.8723857482373869,-4.147306815880882,
2025-08-06T13:45:21.089309,-0.074219,0.019531,1.019531,-1,1.0945765010030104,-4.162866514422745,
2025-08-06T13:45:21.590852,-0.082031,0.015625,1.019531,-1,0.8751998195990149,-4.599545017888066,
2025-08-06T13:45:22.092852,-0.078125,0.019531,1.015625,-1,1.0984477632909195,-4.397895421613334,
2025-08-06T13:45:22.594885,-0.078125,0.019531,1.011719,-1,1.1026624730935723,-4.414801336352567,
2025-08-06T13:45:23.095218,-0.070312,0.019531,1.015625,-1,1.0990620033875442,-3.959554007490287,
2025-08-06T13:45:23.593366,-0.074219,0.015625,1.019531,-1,0.8757107582865988,-4.163140449323331,
2025-08-06T13:45:24.098906,-0.078125,0.011719,1.019531,-1,0.6566325350784901,-4.381630592043893,
2025-08-06T13:45:24.595145,-0.074219,0.015625,1.015625,-1,0.8790602804446449,-4.179091116786744,
2025-08-06T13:45:25.093077,-0.074219,0.015625,1.011719,-1,0.8824354530316566,-4.195164247190032,
2025-08-06T13:45:25.594077,-0.074219,0.011719,1.011719,-1,0.661863602311014,-4.195382304387747,
2025-08-06T13:45:26.094547,-0.074219,0.015625,1.011719,-1,0.8824354530316566,-4.195164247190032,
2025-08-06T13:45:26.600072,-0.074219,0.015625,1.019531,-1,0.8757107582865988,-4.163140449323331,
2025-08-06T13:45:27.097790,-0.074219,0.011719,1.019531,-1,0.6568194542417054,-4.163353550657151,
2025-08-06T13:45:27.598644,-0.070312,0.011719,1.007812,-1,0.6645991750243075,-3.990617870788554,
2025-08-06T13:45:28.097582,-0.070312,0.015625,1.019531,-1,0.8759474304583958,-3.9446974592464015,
2025-08-06T13:45:28.600356,-0.074219,0.019531,1.015625,-1,1.0987627980003676,-4.178814021344229,
2025-08-06T13:45:29.099206,-0.078125,0.015625,1.015625,-1,0.8788082160947002,-4.398186932818698,
2025-08-06T13:45:29.597402,-0.078125,0.023438,1.007812,-1,1.3282653906120647,-4.4314771992945285,
2025-08-06T13:45:30.118403,-0.082031,0.011719,1.015625,-1,0.658944243584142,-4.617391915917898,
2025-08-06T13:45:30.598472,-0.070312,0.015625,1.007812,-1,0.8860824254812231,-3.990408774127534,
2025-08-06T13:45:31.099927,-0.074219,0.015625,1.015625,-1,0.8790602804446449,-4.179091116786744,
2025-08-06T13:45:31.602111,-0.070312,0.015625,1.015625,-1,0.8792996795163592,-3.9598166591906674,
2025-08-06T13:45:32.102044,-0.070312,0.015625,1.011719,-1,0.882677621000814,-3.975052001874419,
2025-08-06T13:45:32.644528,-0.066406,0.019531,1.015625,-1,1.0993451870049025,-3.740233940400369,
2025-08-06T13:45:33.102058,-0.070312,0.015625,1.023438,-1,0.8726197340321947,-3.929689254469079,
2025-08-06T13:45:33.604240,-0.074219,0.015625,1.011719,-1,0.8824354530316566,-4.195164247190032,
2025-08-06T13:45:34.105220,-0.074219,0.019531,1.019531,-1,1.0945765010030104,-4.162866514422745,
2025-08-06T13:45:34.605155,-0.070312,0.019531,1.015625,-1,1.0990620033875442,-3.959554007490287,
2025-08-06T13:45:35.104330,-0.078125,0.015625,1.011719,-1,0.8821804749424016,-4.415096222521653,
2025-08-06T13:45:35.607349,-0.074219,0.015625,1.011719,-1,0.8824354530316566,-4.195164247190032,
2025-08-06T13:45:36.108843,-0.070312,0.023438,1.011719,-1,1.3239137632710951,-3.974461553954323,
2025-08-06T13:45:36.609182,-0.074219,0.019531,1.011719,-1,1.1029811491242274,-4.1948839424456885,
2025-08-06T13:45:37.107620,-0.074219,0.015625,1.015625,-1,0.8790602804446449,-4.179091116786744,
2025-08-06T13:45:37.610744,-0.074219,0.015625,1.015625,-1,0.8790602804446449,-4.179091116786744,
2025-08-06T13:45:38.108659,-0.074219,0.019531,1.011719,-1,1.1029811491242274,-4.1948839424456885,
2025-08-06T13:45:38.608741,-0.074219,0.019531,1.019531,-1,1.0945765010030104,-4.162866514422745,
2025-08-06T13:45:39.108305,-0.074219,0.015625,1.003906,-1,0.8892648146423924,-4.227687765693737,
2025-08-06T13:45:39.611113,-0.070312,0.019531,1.011719,-1,1.1032838148222464,-3.974786307045472,
2025-08-06T13:45:40.109158,-0.070312,0.015625,1.011719,-1,0.882677621000814,-3.975052001874419,
2025-08-06T13:45:40.615528,-0.074219,0.015625,1.007812,-1,0.885837445081153,-4.211365416252368,
2025-08-06T13:45:41.114187,-0.070312,0.015625,1.015625,-1,0.8792996795163592,-3.9598166591906674,
2025-08-06T13:45:41.612806,-0.074219,0.011719,1.015625,-1,0.6593319071763242,-4.179306677081632,
2025-08-06T13:45:42.111167,-0.074219,0.015625,1.019531,-1,0.8757107582865988,-4.163140449323331,
2025-08-06T13:45:42.615361,-0.074219,0.019531,1.003906,-1,1.111516594346942,-4.227400891418085,
2025-08-06T13:45:43.133647,-0.078125,0.015625,1.023438,-1,0.8721393804253038,-4.364748924369022,
2025-08-06T13:45:43.615886,-0.070312,0.011719,1.015625,-1,0.659511478806085,-3.9600209833076647,
2025-08-06T13:45:44.117200,-0.074219,0.015625,1.015625,-1,0.8790602804446449,-4.179091116786744,
2025-08-06T13:45:44.617094,-0.074219,0.011719,1.015625,-1,0.6593319071763242,-4.179306677081632,
2025-08-06T13:45:45.119062,-0.074219,0.019531,1.011719,-1,1.1029811491242274,-4.1948839424456885,
2025-08-06T13:45:45.619561,-0.070312,0.015625,1.011719,-1,0.882677621000814,-3.975052001874419,
2025-08-06T13:45:46.119958,-0.070312,0.015625,1.011719,-1,0.882677621000814,-3.975052001874419,
2025-08-06T13:45:46.621678,-0.074219,0.019531,1.015625,-1,1.0987627980003676,-4.178814021344229,
2025-08-06T13:45:47.118442,-0.066406,0.015625,1.019531,-1,0.876171428032863,-3.726195505459816,
2025-08-06T13:45:47.658440,-0.074219,0.015625,1.003906,-1,0.8892648146423924,-4.227687765693737,
2025-08-06T13:45:48.129440,-0.070312,0.015625,1.011719,-1,0.882677621000814,-3.975052001874419,
2025-08-06T13:45:48.621711,-0.074219,0.019531,1.019531,-1,1.0945765010030104,-4.162866514422745,
2025-08-06T13:45:49.121149,-0.074219,0.019531,1.015625,-1,1.0987627980003676,-4.178814021344229,
2025-08-06T13:45:49.626025,-0.074219,0.019531,1.019531,-1,1.0945765010030104,-4.162866514422745,
2025-08-06T13:45:50.123904,-0.074219,0.015625,1.011719,-1,0.8824354530316566,-4.195164247190032,
2025-08-06T13:45:50.623793,-0.070312,0.011719,1.011719,-1,0.6620452510160703,-3.975258693608283,
2025-08-06T13:45:51.130724,-0.074219,0.011719,1.011719,-1,0.661863602311014,-4.195382304387747,
2025-08-06T13:45:51.634282,-0.078125,0.015625,1.011719,-1,0.8821804749424016,-4.415096222521653,
2025-08-06T13:45:52.128413,-0.070312,0.011719,1.007812,-1,0.6645991750243075,-3.990617870788554,
2025-08-06T13:45:52.628921,-0.074219,0.015625,1.011719,-1,0.8824354530316566,-4.195164247190032,
2025-08-06T13:45:53.127975,-0.078125,0.015625,1.019531,-1,0.8754615635122167,-4.381406403248674,
2025-08-06T13:45:53.630043,-0.070312,0.015625,1.007812,-1,0.8860824254812231,-3.990408774127534,
2025-08-06T13:45:54.130161,-0.074219,0.015625,1.007812,-1,0.885837445081153,-4.211365416252368,
2025-08-06T13:45:54.630410,-0.078125,0.011719,1.011719,-1,0.6616723448247972,-4.41532562301725,
2025-08-06T13:45:55.131630,-0.078125,0.019531,1.011719,-1,1.1026624730935723,-4.414801336352567,
2025-08-06T13:45:55.635245,-0.078125,0.019531,1.019531,-1,1.0942650524290611,-4.381118215754438,
2025-08-06T13:45:56.131888,-0.074219,0.015625,1.015625,-1,0.8790602804446449,-4.179091116786744,
2025-08-06T13:45:56.632721,-0.070312,0.015625,1.015625,-1,0.8792996795163592,-3.9598166591906674,
2025-08-06T13:45:57.142184,-0.074219,0.015625,1.011719,-1,0.8824354530316566,-4.195164247190032,
2025-08-06T13:45:57.638186,-0.074219,0.011719,1.015625,-1,0.6593319071763242,-4.179306677081632,
2025-08-06T13:45:58.140186,-0.074219,0.015625,1.011719,-1,0.8824354530316566,-4.195164247190032,
2025-08-06T13:45:58.637238,-0.070312,0.011719,1.015625,-1,0.659511478806085,-3.9600209833076647,
2025-08-06T13:45:59.138401,-0.070312,0.015625,1.019531,-1,0.8759474304583958,-3.9446974592464015,
2025-08-06T13:45:59.641399,-0.074219,0.015625,1.015625,-1,0.8790602804446449,-4.179091116786744,
2025-08-06T13:46:00.138343,-0.078125,0.015625,1.019531,-1,0.8754615635122167,-4.381406403248674,
2025-08-06T13:46:00.639978,-0.070312,0.019531,1.011719,-1,1.1032838148222464,-3.974786307045472,
2025-08-06T13:46:01.141596,-0.074219,0.011719,1.019531,-1,0.6568194542417054,-4.163353550657151,
2025-08-06T13:46:01.647679,-0.0625,0.019531,1.015625,-1,1.0996123902373598,-3.520804055435415,
2025-08-06T13:46:02.144644,-0.070312,0.015625,1.015625,-1,0.8792996795163592,-3.9598166591906674,
2025-08-06T13:46:02.674885,-0.074219,0.011719,1.015625,-1,0.6593319071763242,-4.179306677081632,
2025-08-06T13:46:03.143885,-0.074219,0.019531,1.011719,-1,1.1029811491242274,-4.1948839424456885,
2025-08-06T13:46:03.643666,-0.070312,0.019531,1.019531,-1,1.0948722985581978,-3.94443780441863,
2025-08-06T13:46:04.146201,-0.074219,0.015625,1.015625,-1,0.8790602804446449,-4.179091116786744,
2025-08-06T13:46:04.647825,-0.074219,0.019531,1.019531,-1,1.0945765010030104,-4.162866514422745,
2025-08-06T13:46:05.150266,-0.074219,0.015625,1.019531,-1,0.8757107582865988,-4.163140449323331,
2025-08-06T13:46:05.649330,-0.074219,0.015625,1.011719,-1,0.8824354530316566,-4.195164247190032,
2025-08-06T13:46:06.147320,-0.074219,0.011719,1.015625,-1,0.6593319071763242,-4.179306677081632,
2025-08-06T13:46:06.649400,-0.074219,0.019531,1.015625,-1,1.0987627980003676,-4.178814021344229,
2025-08-06T13:46:07.149400,-0.074219,0.019531,1.019531,-1,1.0945765010030104,-4.162866514422745,
2025-08-06T13:46:07.649189,-0.074219,0.019531,1.019531,-1,1.0945765010030104,-4.162866514422745,
2025-08-06T13:46:08.149571,-0.074219,0.019531,1.015625,-1,1.0987627980003676,-4.178814021344229,
2025-08-06T13:46:08.649261,-0.078125,0.015625,1.011719,-1,0.8821804749424016,-4.415096222521653,
2025-08-06T13:46:09.152424,-0.074219,0.015625,1.019531,-1,0.8757107582865988,-4.163140449323331,
2025-08-06T13:46:09.652651,-0.078125,0.015625,1.015625,-1,0.8788082160947002,-4.398186932818698,
2025-08-06T13:46:10.152836,-0.074219,0.019531,1.007812,-1,1.1072330153369714,-4.211081851662468,
2025-08-06T13:46:10.654368,-0.074219,0.019531,1.015625,-1,1.0987627980003676,-4.178814021344229,
2025-08-06T13:46:11.159422,-0.074219,0.019531,1.015625,-1,1.0987627980003676,-4.178814021344229,
2025-08-06T13:46:11.657462,-0.070312,0.015625,1.019531,-1,0.8759474304583958,-3.9446974592464015,
2025-08-06T13:46:12.158510,-0.074219,0.015625,1.015625,-1,0.8790602804446449,-4.179091116786744,
2025-08-06T13:46:12.663508,-0.070312,0.019531,1.019531,-1,1.0948722985581978,-3.94443780441863,
2025-08-06T13:46:13.157802,-0.078125,0.019531,1.015625,-1,1.0984477632909195,-4.397895421613334,
2025-08-06T13:46:13.664899,-0.074219,0.015625,1.015625,-1,0.8790602804446449,-4.179091116786744,
2025-08-06T13:46:14.162663,-0.070312,0.019531,1.015625,-1,1.0990620033875442,-3.959554007490287,
2025-08-06T13:46:14.673406,-0.070312,0.019531,1.011719,-1,1.1032838148222464,-3.974786307045472,
2025-08-06T13:46:15.162628,-0.070312,0.011719,1.015625,-1,0.659511478806085,-3.9600209833076647,
2025-08-06T13:46:15.663380,-0.070312,0.015625,1.011719,-1,0.882677621000814,-3.975052001874419,
2025-08-06T13:46:16.164836,-0.074219,0.015625,1.015625,-1,0.8790602804446449,-4.179091116786744,
2025-08-06T13:46:16.661990,-0.074219,0.015625,1.023438,-1,0.8723857482373869,-4.147306815880882,
2025-08-06T13:46:17.172405,-0.070312,0.019531,1.015625,-1,1.0990620033875442,-3.959554007490287,
2025-08-06T13:46:17.719407,-0.070312,0.015625,1.011719,-1,0.882677621000814,-3.975052001874419,
2025-08-06T13:46:18.170405,-0.070312,0.019531,1.011719,-1,1.1032838148222464,-3.974786307045472,
2025-08-06T13:46:18.671671,-0.074219,0.015625,1.015625,-1,0.8790602804446449,-4.179091116786744,
2025-08-06T13:46:19.169244,-0.074219,0.015625,1.011719,-1,0.8824354530316566,-4.195164247190032,
2025-08-06T13:46:19.677955,-0.074219,0.015625,1.019531,-1,0.8757107582865988,-4.163140449323331,
2025-08-06T13:46:20.171486,-0.074219,0.011719,1.011719,-1,0.661863602311014,-4.195382304387747,
2025-08-06T13:46:20.670283,-0.066406,0.019531,1.019531,-1,1.0951522551319368,-3.725950149660806,
2025-08-06T13:46:21.172713,-0.078125,0.011719,1.015625,-1,0.6591428354176316,-4.398413707523402,
2025-08-06T13:46:21.673401,-0.078125,0.019531,1.023438,-1,1.0901129198618515,-4.36446401113324,
2025-08-06T13:46:22.172812,-0.070312,0.019531,1.011719,-1,1.1032838148222464,-3.974786307045472,
2025-08-06T13:46:22.673525,-0.074219,0.023438,1.011719,-1,1.3235506112733313,-4.194541331940415,
2025-08-06T13:46:23.186423,-0.078125,0.019531,1.015625,-1,1.0984477632909195,-4.397895421613334,
2025-08-06T13:46:23.674875,-0.070312,0.015625,1.015625,-1,0.8792996795163592,-3.9598166591906674,
2025-08-06T13:46:24.172499,-0.066406,0.015625,1.015625,-1,0.8795262593266958,-3.740482129009342,
2025-08-06T13:46:24.673486,-0.074219,0.011719,1.011719,-1,0.661863602311014,-4.195382304387747,
2025-08-06T13:46:25.173515,-0.074219,0.019531,1.019531,-1,1.0945765010030104,-4.162866514422745,
2025-08-06T13:46:25.674512,-0.070312,0.019531,1.019531,-1,1.0948722985581978,-3.94443780441863,
2025-08-06T13:46:26.179652,-0.078125,0.015625,1.011719,-1,0.8821804749424016,-4.415096222521653,
2025-08-06T13:46:26.681739,-0.078125,0.019531,1.019531,-1,1.0942650524290611,-4.381118215754438,
2025-08-06T13:46:27.181346,-0.066406,0.015625,1.015625,-1,0.8795262593266958,-3.740482129009342,
2025-08-06T13:46:27.677990,-0.070312,0.015625,1.015625,-1,0.8792996795163592,-3.9598166591906674,
2025-08-06T13:46:28.179388,-0.074219,0.011719,1.011719,-1,0.661863602311014,-4.195382304387747,
2025-08-06T13:46:28.681755,-0.078125,0.011719,1.011719,-1,0.6616723448247972,-4.41532562301725,
2025-08-06T13:46:29.179438,-0.070312,0.015625,1.007812,-1,0.8860824254812231,-3.990408774127534,
2025-08-06T13:46:29.681288,-0.074219,0.019531,1.007812,-1,1.1072330153369714,-4.211081851662468,
2025-08-06T13:46:30.181817,-0.070312,0.019531,1.015625,-1,1.0990620033875442,-3.959554007490287,
2025-08-06T13:46:30.683807,-0.074219,0.015625,1.015625,-1,0.8790602804446449,-4.179091116786744,
2025-08-06T13:46:31.181573,-0.074219,0.019531,1.015625,-1,1.0987627980003676,-4.178814021344229,
2025-08-06T13:46:31.683120,-0.070312,0.015625,1.015625,-1,0.8792996795163592,-3.9598166591906674,
2025-08-06T13:46:32.184020,-0.074219,0.015625,1.015625,-1,0.8790602804446449,-4.179091116786744,
2025-08-06T13:46:32.692025,-0.078125,0.019531,1.011719,-1,1.1026624730935723,-4.414801336352567,
2025-08-06T13:46:33.187087,-0.070312,0.019531,1.007812,-1,1.1075391957439158,-3.990139988221692,
2025-08-06T13:46:33.686856,-0.074219,0.019531,1.015625,-1,1.0987627980003676,-4.178814021344229,
2025-08-06T13:46:34.189077,-0.074219,0.015625,1.019531,-1,0.8757107582865988,-4.163140449323331,
2025-08-06T13:46:34.689327,-0.078125,0.015625,1.011719,-1,0.8821804749424016,-4.415096222521653,
2025-08-06T13:46:35.196102,-0.074219,0.019531,1.019531,-1,1.0945765010030104,-4.162866514422745,
2025-08-06T13:46:35.689116,-0.074219,0.015625,1.019531,-1,0.8757107582865988,-4.163140449323331,
2025-08-06T13:46:36.190430,-0.082031,0.015625,1.015625,-1,0.8785434598731011,-4.617153946649332,
2025-08-06T13:46:36.697598,-0.078125,0.019531,1.015625,-1,1.0984477632909195,-4.397895421613334,
2025-08-06T13:46:37.198382,-0.074219,0.019531,1.019531,-1,1.0945765010030104,-4.162866514422745,
2025-08-06T13:46:37.705171,-0.074219,0.011719,1.011719,-1,0.661863602311014,-4.195382304387747,
2025-08-06T13:46:38.194520,-0.074219,0.011719,1.015625,-1,0.6593319071763242,-4.179306677081632,
2025-08-06T13:46:38.697212,-0.074219,0.011719,1.015625,-1,0.6593319071763242,-4.179306677081632,
2025-08-06T13:46:39.195227,-0.070312,0.019531,1.015625,-1,1.0990620033875442,-3.959554007490287,
2025-08-06T13:46:39.699142,-0.078125,0.015625,1.011719,-1,0.8821804749424016,-4.415096222521653,
2025-08-06T13:46:40.196565,-0.074219,0.015625,1.015625,-1,0.8790602804446449,-4.179091116786744,
2025-08-06T13:46:40.697689,-0.070312,0.015625,1.019531,-1,0.8759474304583958,-3.9446974592464015,
2025-08-06T13:46:41.198968,-0.078125,0.011719,1.019531,-1,0.6566325350784901,-4.381630592043893,
2025-08-06T13:46:41.702393,-0.074219,0.019531,1.011719,-1,1.1029811491242274,-4.1948839424456885,
2025-08-06T13:46:42.201097,-0.074219,0.015625,1.015625,-1,0.8790602804446449,-4.179091116786744,
2025-08-06T13:46:42.706317,-0.070312,0.015625,1.023438,-1,0.8726197340321947,-3.929689254469079,
2025-08-06T13:46:43.201437,-0.070312,0.015625,1.015625,-1,0.8792996795163592,-3.9598166591906674,
2025-08-06T13:46:43.701726,-0.074219,0.011719,1.015625,-1,0.6593319071763242,-4.179306677081632,
2025-08-06T13:46:44.206709,-0.078125,0.019531,1.023438,-1,1.0901129198618515,-4.36446401113324,
2025-08-06T13:46:44.702566,-0.074219,0.011719,1.015625,-1,0.6593319071763242,-4.179306677081632,
2025-08-06T13:46:45.202718,-0.078125,0.015625,1.015625,-1,0.8788082160947002,-4.398186932818698,
2025-08-06T13:46:45.703796,-0.074219,0.015625,1.011719,-1,0.8824354530316566,-4.195164247190032,
2025-08-06T13:46:46.204872,-0.070312,0.011719,1.011719,-1,0.6620452510160703,-3.975258693608283,
2025-08-06T13:46:46.708215,-0.078125,0.011719,1.019531,-1,0.6566325350784901,-4.381630592043893,
2025-08-06T13:46:47.217249,-0.074219,0.015625,1.019531,-1,0.8757107582865988,-4.163140449323331,
2025-08-06T13:46:47.729250,-0.074219,0.011719,1.023438,-1,0.6543253896095329,-4.147517494862795,
2025-08-06T13:46:48.213855,-0.078125,0.011719,1.007812,-1,0.6642219390273632,-4.4323722037370175,
2025-08-06T13:46:48.711847,-0.078125,0.019531,1.007812,-1,1.106910640781439,-4.431841821849936,
2025-08-06T13:46:49.214955,-0.082031,0.019531,1.015625,-1,1.098116866018644,-4.61684804518945,
2025-08-06T13:46:49.723845,-0.074219,0.007812,1.015625,-1,0.4395278767543178,-4.1794607051913015,
2025-08-06T13:46:50.220297,-0.066406,0.015625,1.007812,-1,0.8863142906072571,-3.769389784892654,
2025-08-06T13:46:50.716078,-0.074219,0.015625,1.023438,-1,0.8723857482373869,-4.147306815880882,
2025-08-06T13:46:51.215879,-0.074219,0.015625,1.007812,-1,0.885837445081153,-4.211365416252368,
2025-08-06T13:46:51.717558,-0.074219,0.015625,1.007812,-1,0.885837445081153,-4.211365416252368,
2025-08-06T13:46:52.219470,-0.070312,0.019531,1.011719,-1,1.1032838148222464,-3.974786307045472,
2025-08-06T13:46:52.717213,-0.074219,0.011719,1.015625,-1,0.6593319071763242,-4.179306677081632,
2025-08-06T13:46:53.219140,-0.074219,0.015625,1.011719,-1,0.8824354530316566,-4.195164247190032,
2025-08-06T13:46:53.719555,-0.074219,0.015625,1.015625,-1,0.8790602804446449,-4.179091116786744,
2025-08-06T13:46:54.221374,-0.074219,0.015625,1.015625,-1,0.8790602804446449,-4.179091116786744,
2025-08-06T13:46:54.721953,-0.070312,0.019531,1.019531,-1,1.0948722985581978,-3.94443780441863,
2025-08-06T13:46:55.224348,-0.070312,0.015625,1.023438,-1,0.8726197340321947,-3.929689254469079,
2025-08-06T13:46:55.727202,-0.078125,0.015625,1.015625,-1,0.8788082160947002,-4.398186932818698,
2025-08-06T13:46:56.224400,-0.066406,0.015625,1.011719,-1,0.8829068228431354,-3.754878556396407,
2025-08-06T13:46:56.730257,-0.074219,0.015625,1.007812,-1,0.885837445081153,-4.211365416252368,
2025-08-06T13:46:57.227745,-0.074219,0.015625,1.011719,-1,0.8824354530316566,-4.195164247190032,
2025-08-06T13:46:57.733745,-0.070312,0.019531,1.015625,-1,1.0990620033875442,-3.959554007490287,
2025-08-06T13:46:58.247744,-0.074219,0.015625,1.019531,-1,0.8757107582865988,-4.163140449323331,
2025-08-06T13:46:58.728875,-0.078125,0.015625,1.015625,-1,0.8788082160947002,-4.398186932818698,
2025-08-06T13:46:59.233920,-0.078125,0.015625,1.027344,-1,0.868843082074078,-4.348221582757211,
2025-08-06T13:46:59.726917,-0.074219,0.015625,1.019531,-1,0.8757107582865988,-4.163140449323331,
2025-08-06T13:47:00.231352,-0.074219,0.015625,1.019531,-1,0.8757107582865988,-4.163140449323331,
2025-08-06T13:47:00.729835,-0.070312,0.015625,1.015625,-1,0.8792996795163592,-3.9598166591906674,
2025-08-06T13:47:01.230559,-0.066406,0.015625,1.007812,-1,0.8863142906072571,-3.769389784892654,
2025-08-06T13:47:01.731302,-0.078125,0.011719,1.015625,-1,0.6591428354176316,-4.398413707523402,
2025-08-06T13:47:02.233703,-0.074219,0.019531,1.023438,-1,1.0904208355486065,-4.147035994474838,
2025-08-06T13:47:02.810403,-0.078125,0.015625,1.011719,-1,0.8821804749424016,-4.415096222521653,
2025-08-06T13:47:03.237865,-0.070312,0.015625,1.011719,-1,0.882677621000814,-3.975052001874419,
2025-08-06T13:47:03.736623,-0.074219,0.011719,1.015625,-1,0.6593319071763242,-4.179306677081632,
2025-08-06T13:47:04.239290,-0.074219,0.015625,1.011719,-1,0.8824354530316566,-4.195164247190032,
2025-08-06T13:47:04.739771,-0.074219,0.011719,1.007812,-1,0.6644154165847265,-4.211586009682766,
2025-08-06T13:47:05.242013,-0.070312,0.015625,1.023438,-1,0.8726197340321947,-3.929689254469079,
2025-08-06T13:47:05.739012,-0.074219,0.011719,1.015625,-1,0.6593319071763242,-4.179306677081632,
2025-08-06T13:47:06.242501,-0.070312,0.019531,1.019531,-1,1.0948722985581978,-3.94443780441863,
2025-08-06T13:47:06.741026,-0.074219,0.019531,1.015625,-1,1.0987627980003676,-4.178814021344229,
2025-08-06T13:47:07.669082,-0.070312,0.019531,1.015625,-1,1.0990620033875442,-3.959554007490287,
2025-08-06T13:47:08.232286,-0.070312,0.011719,1.011719,-1,0.6620452510160703,-3.975258693608283,
2025-08-06T13:47:08.702286,-0.078125,0.027344,1.015625,-1,1.5376797729108764,-4.397118236718166,
2025-08-06T13:47:09.200452,-0.046875,0.042969,0.996094,-1,2.467337921976837,-2.6917839713639937,
2025-08-06T13:47:09.715600,-0.074219,0.007812,1.015625,-1,0.4395278767543178,-4.1794607051913015,
2025-08-06T13:47:10.222264,-0.085938,0.011719,1.019531,-1,0.656230429380315,-4.8178521889353,
2025-08-06T13:47:10.702008,-0.074219,0.023438,1.023438,-1,1.3084801502418777,-4.146704973579097,
2025-08-06T13:47:11.201806,-0.078125,0.015625,1.019531,-1,0.8754615635122167,-4.381406403248674,
2025-08-06T13:47:11.702163,-0.074219,0.011719,1.019531,-1,0.6568194542417054,-4.163353550657151,
2025-08-06T13:47:12.204422,-0.070312,0.019531,1.007812,-1,1.1075391957439158,-3.990139988221692,
2025-08-06T13:47:12.702891,-0.074219,0.015625,1.019531,-1,0.8757107582865988,-4.163140449323331,
2025-08-06T13:47:13.207445,-0.0625,0.019531,1.015625,-1,1.0996123902373598,-3.520804055435415,
2025-08-06T13:47:13.704742,-0.074219,0.011719,1.011719,-1,0.661863602311014,-4.195382304387747,
2025-08-06T13:47:14.208881,-0.070312,0.019531,1.015625,-1,1.0990620033875442,-3.959554007490287,
2025-08-06T13:47:14.709969,-0.078125,0.011719,1.019531,-1,0.6566325350784901,-4.381630592043893,
2025-08-06T13:47:15.207713,-0.070312,0.015625,1.015625,-1,0.8792996795163592,-3.9598166591906674,
2025-08-06T13:47:15.710811,-0.074219,0.011719,1.011719,-1,0.661863602311014,-4.195382304387747,
2025-08-06T13:47:16.209515,-0.078125,0.019531,1.023438,-1,1.0901129198618515,-4.36446401113324,
2025-08-06T13:47:16.708515,-0.074219,0.011719,1.015625,-1,0.6593319071763242,-4.179306677081632,
2025-08-06T13:47:17.213768,-0.070312,0.015625,1.007812,-1,0.8860824254812231,-3.990408774127534,
2025-08-06T13:47:17.765381,-0.074219,0.011719,1.015625,-1,0.6593319071763242,-4.179306677081632,
2025-08-06T13:47:18.208378,-0.078125,0.015625,1.019531,-1,0.8754615635122167,-4.381406403248674,
2025-08-06T13:47:18.713697,-0.078125,0.011719,1.011719,-1,0.6616723448247972,-4.41532562301725,
2025-08-06T13:47:19.209274,-0.070312,0.011719,1.015625,-1,0.659511478806085,-3.9600209833076647,
2025-08-06T13:47:19.708467,-0.078125,0.015625,1.019531,-1,0.8754615635122167,-4.381406403248674,
2025-08-06T13:47:20.209466,-0.074219,0.015625,1.019531,-1,0.8757107582865988,-4.163140449323331,
2025-08-06T13:47:20.714140,-0.070312,0.015625,1.003906,-1,0.8895126503967048,-4.005880476871976,
2025-08-06T13:47:21.210140,-0.070312,0.015625,1.011719,-1,0.882677621000814,-3.975052001874419,
2025-08-06T13:47:21.713387,-0.078125,0.011719,1.011719,-1,0.6616723448247972,-4.41532562301725,
2025-08-06T13:47:22.208058,-0.070312,0.011719,1.015625,-1,0.659511478806085,-3.9600209833076647,
2025-08-06T13:47:22.709331,-0.066406,0.019531,1.015625,-1,1.0993451870049025,-3.740233940400369,
2025-08-06T13:47:23.214455,-0.070312,0.015625,1.015625,-1,0.8792996795163592,-3.9598166591906674,
2025-08-06T13:47:23.728761,-0.074219,0.023438,1.011719,-1,1.3235506112733313,-4.194541331940415,
2025-08-06T13:47:24.212952,-0.074219,0.015625,1.019531,-1,0.8757107582865988,-4.163140449323331,
2025-08-06T13:47:24.713739,-0.074219,0.015625,1.011719,-1,0.8824354530316566,-4.195164247190032,
2025-08-06T13:47:25.218547,-0.070312,0.019531,1.007812,-1,1.1075391957439158,-3.990139988221692,
2025-08-06T13:47:25.714065,-0.070312,0.019531,1.015625,-1,1.0990620033875442,-3.959554007490287,
2025-08-06T13:47:26.220012,-0.070312,0.015625,1.011719,-1,0.882677621000814,-3.975052001874419,
2025-08-06T13:47:26.721417,-0.070312,0.015625,1.015625,-1,0.8792996795163592,-3.9598166591906674,
2025-08-06T13:47:27.220405,-0.070312,0.015625,1.011719,-1,0.882677621000814,-3.975052001874419,
2025-08-06T13:47:27.717882,-0.074219,0.015625,1.015625,-1,0.8790602804446449,-4.179091116786744,
2025-08-06T13:47:28.215341,-0.078125,0.015625,1.007812,-1,0.8855795074738829,-4.432140136110196,
2025-08-06T13:47:28.719593,-0.074219,0.011719,1.007812,-1,0.6644154165847265,-4.211586009682766,
2025-08-06T13:47:29.239585,-0.074219,0.015625,1.019531,-1,0.8757107582865988,-4.163140449323331,
2025-08-06T13:47:29.723584,-0.074219,0.015625,1.011719,-1,0.8824354530316566,-4.195164247190032,
2025-08-06T13:47:30.218857,-0.070312,0.015625,1.019531,-1,0.8759474304583958,-3.9446974592464015,
2025-08-06T13:47:30.718252,-0.066406,0.019531,1.023438,-1,1.0909900534200418,-3.711771254967755,
2025-08-06T13:47:31.219959,-0.074219,0.015625,1.015625,-1,0.8790602804446449,-4.179091116786744,
2025-08-06T13:47:31.722399,-0.078125,0.019531,1.019531,-1,1.0942650524290611,-4.381118215754438,
2025-08-06T13:47:32.225304,-0.078125,0.015625,1.015625,-1,0.8788082160947002,-4.398186932818698,
2025-08-06T13:47:32.825857,-0.078125,0.023438,1.023438,-1,1.3081106976729862,-4.364115765979323,
2025-08-06T13:47:33.222856,-0.070312,0.011719,1.011719,-1,0.6620452510160703,-3.975258693608283,
2025-08-06T13:47:33.724087,-0.074219,0.015625,1.015625,-1,0.8790602804446449,-4.179091116786744,
2025-08-06T13:47:34.231092,-0.074219,0.011719,1.011719,-1,0.661863602311014,-4.195382304387747,
2025-08-06T13:47:34.725846,-0.074219,0.015625,1.011719,-1,0.8824354530316566,-4.195164247190032,
2025-08-06T13:47:35.223338,-0.066406,0.019531,1.015625,-1,1.0993451870049025,-3.740233940400369,
2025-08-06T13:47:35.729305,-0.078125,0.011719,1.015625,-1,0.6591428354176316,-4.398413707523402,
2025-08-06T13:47:36.226623,-0.074219,0.011719,1.023438,-1,0.6543253896095329,-4.147517494862795,
2025-08-06T13:47:36.741712,-0.074219,0.019531,1.015625,-1,1.0987627980003676,-4.178814021344229,
2025-08-06T13:47:37.228868,-0.074219,0.015625,1.011719,-1,0.8824354530316566,-4.195164247190032,
2025-08-06T13:47:38.237070,-0.074219,0.019531,1.011719,-1,1.1029811491242274,-4.1948839424456885,
2025-08-06T13:47:38.402668,-0.074219,0.019531,1.011719,-1,1.1029811491242274,-4.1948839424456885,
2025-08-06T13:47:38.881823,-0.074219,0.015625,1.015625,-1,0.8790602804446449,-4.179091116786744,
2025-08-06T13:47:39.373302,-0.070312,0.023438,1.019531,-1,1.3138212334336523,-3.9441204328156063,
2025-08-06T13:47:39.872011,-0.070312,0.015625,1.011719,-1,0.882677621000814,-3.975052001874419,
2025-08-06T13:47:40.375131,-0.074219,0.019531,1.015625,-1,1.0987627980003676,-4.178814021344229,
2025-08-06T13:47:40.875698,-0.070312,0.019531,1.007812,-1,1.1075391957439158,-3.990139988221692,
2025-08-06T13:47:41.378176,-0.066406,0.011719,1.011719,-1,0.6622171739186216,-3.75507386729858,
2025-08-06T13:47:41.876858,-0.070312,0.015625,1.019531,-1,0.8759474304583958,-3.9446974592464015,
2025-08-06T13:47:42.379799,-0.074219,0.019531,1.015625,-1,1.0987627980003676,-4.178814021344229,
2025-08-06T13:47:42.882379,-0.070312,0.015625,1.011719,-1,0.882677621000814,-3.975052001874419,
2025-08-06T13:47:43.380081,-0.070312,0.015625,1.015625,-1,0.8792996795163592,-3.9598166591906674,
2025-08-06T13:47:43.877670,-0.070312,0.019531,1.023438,-1,1.090713275908077,-3.929432551882644,
2025-08-06T13:47:44.383690,-0.078125,0.019531,1.019531,-1,1.0942650524290611,-4.381118215754438,
2025-08-06T13:47:44.881670,-0.074219,0.015625,1.015625,-1,0.8790602804446449,-4.179091116786744,
2025-08-06T13:47:45.383901,-0.078125,0.015625,1.015625,-1,0.8788082160947002,-4.398186932818698,
2025-08-06T13:47:45.881918,-0.070312,0.015625,1.003906,-1,0.8895126503967048,-4.005880476871976,
2025-08-06T13:47:46.382659,-0.074219,0.015625,1.011719,-1,0.8824354530316566,-4.195164247190032,
2025-08-06T13:47:46.881884,-0.078125,0.011719,1.019531,-1,0.6566325350784901,-4.381630592043893,
2025-08-06T13:47:47.387181,-0.066406,0.011719,1.019531,-1,0.6571649992509749,-3.726386374364592,
2025-08-06T13:47:47.940180,-0.074219,0.011719,1.015625,-1,0.6593319071763242,-4.179306677081632,
2025-08-06T13:47:48.384634,-0.074219,0.015625,1.011719,-1,0.8824354530316566,-4.195164247190032,
2025-08-06T13:47:48.883912,-0.070312,0.015625,1.015625,-1,0.8792996795163592,-3.9598166591906674,
2025-08-06T13:47:49.385823,-0.070312,0.023438,1.011719,-1,1.3239137632710951,-3.974461553954323,
2025-08-06T13:47:49.884836,-0.070312,0.015625,1.015625,-1,0.8792996795163592,-3.9598166591906674,
2025-08-06T13:47:50.383261,-0.074219,0.011719,1.007812,-1,0.6644154165847265,-4.211586009682766,
2025-08-06T13:47:50.883388,-0.074219,0.015625,1.007812,-1,0.885837445081153,-4.211365416252368,
2025-08-06T13:47:51.385082,-0.074219,0.015625,1.015625,-1,0.8790602804446449,-4.179091116786744,
2025-08-06T13:47:51.885264,-0.074219,0.023438,1.015625,-1,1.318489239368982,-4.178475332923178,
2025-08-06T13:47:52.385017,-0.074219,0.015625,1.011719,-1,0.8824354530316566,-4.195164247190032,
2025-08-06T13:47:52.885021,-0.070312,0.011719,1.007812,-1,0.6645991750243075,-3.990617870788554,
2025-08-06T13:47:53.389867,-0.070312,0.011719,1.015625,-1,0.659511478806085,-3.9600209833076647,
2025-08-06T13:47:53.887265,-0.074219,0.019531,1.011719,-1,1.1029811491242274,-4.1948839424456885,
2025-08-06T13:47:54.388264,-0.074219,0.019531,1.015625,-1,1.0987627980003676,-4.178814021344229,
2025-08-06T13:47:54.884916,-0.074219,0.007812,1.007812,-1,0.4429168451083676,-4.2117436345319925,
2025-08-06T13:47:55.384653,-0.074219,0.019531,1.011719,-1,1.1029811491242274,-4.1948839424456885,
2025-08-06T13:47:55.883942,-0.085938,-0.003906,1.027344,-1,-0.2170814545103112,-4.781662702940929,
2025-08-06T13:47:56.384350,-0.066406,0.027344,1.03125,-1,1.5157264810051323,-3.683109226030285,
2025-08-06T13:47:56.885152,-0.070312,0.011719,1.019531,-1,0.6569969803031029,-3.944899451739895,
2025-08-06T13:47:57.384933,-0.074219,0.015625,1.015625,-1,0.8790602804446449,-4.179091116786744,
2025-08-06T13:47:57.896832,-0.070312,0.019531,1.015625,-1,1.0990620033875442,-3.959554007490287,
2025-08-06T13:47:58.391833,-0.078125,0.015625,1.019531,-1,0.8754615635122167,-4.381406403248674,
2025-08-06T13:47:58.892832,-0.074219,0.015625,1.011719,-1,0.8824354530316566,-4.195164247190032,
2025-08-06T13:47:59.388640,-0.082031,0.015625,1.019531,-1,0.8751998195990149,-4.599545017888066,
2025-08-06T13:47:59.893482,-0.078125,0.015625,1.019531,-1,0.8754615635122167,-4.381406403248674,
2025-08-06T13:48:00.389487,-0.070312,0.019531,1.011719,-1,1.1032838148222464,-3.974786307045472,
2025-08-06T13:48:00.891188,-0.074219,0.011719,1.011719,-1,0.661863602311014,-4.195382304387747,
2025-08-06T13:48:01.392291,-0.070312,0.019531,1.007812,-1,1.1075391957439158,-3.990139988221692,
2025-08-06T13:48:01.893020,-0.070312,0.015625,1.011719,-1,0.882677621000814,-3.975052001874419,
2025-08-06T13:48:02.396365,-0.074219,0.019531,1.023438,-1,1.0904208355486065,-4.147035994474838,
2025-08-06T13:48:02.902863,-0.070312,0.015625,1.019531,-1,0.8759474304583958,-3.9446974592464015,
2025-08-06T13:48:03.392861,-0.074219,0.019531,1.015625,-1,1.0987627980003676,-4.178814021344229,
2025-08-06T13:48:03.890290,-0.074219,0.011719,1.015625,-1,0.6593319071763242,-4.179306677081632,
2025-08-06T13:48:04.401367,-0.078125,0.015625,1.011719,-1,0.8821804749424016,-4.415096222521653,
2025-08-06T13:48:04.892627,-0.074219,0.019531,1.011719,-1,1.1029811491242274,-4.1948839424456885,
2025-08-06T13:48:05.398627,-0.074219,0.011719,1.007812,-1,0.6644154165847265,-4.211586009682766,
2025-08-06T13:48:05.898406,-0.070312,0.015625,1.015625,-1,0.8792996795163592,-3.9598166591906674,
2025-08-06T13:48:06.393854,-0.078125,0.011719,1.011719,-1,0.6616723448247972,-4.41532562301725,
2025-08-06T13:48:06.894696,-0.074219,0.015625,1.015625,-1,0.8790602804446449,-4.179091116786744,
2025-08-06T13:48:07.395408,-0.074219,0.019531,1.007812,-1,1.1072330153369714,-4.211081851662468,
2025-08-06T13:48:07.895533,-0.066406,0.019531,1.015625,-1,1.0993451870049025,-3.740233940400369,
2025-08-06T13:48:08.400260,-0.074219,0.011719,1.011719,-1,0.661863602311014,-4.195382304387747,
2025-08-06T13:48:08.897991,-0.070312,0.015625,1.019531,-1,0.8759474304583958,-3.9446974592464015,
2025-08-06T13:48:09.398879,-0.074219,0.019531,1.007812,-1,1.1072330153369714,-4.211081851662468,
2025-08-06T13:48:09.898440,-0.078125,0.015625,1.011719,-1,0.8821804749424016,-4.415096222521653,
2025-08-06T13:48:10.397744,-0.074219,0.019531,1.011719,-1,1.1029811491242274,-4.1948839424456885,
2025-08-06T13:48:10.905226,-0.070312,0.015625,1.019531,-1,0.8759474304583958,-3.9446974592464015,
2025-08-06T13:48:11.402081,-0.070312,0.007812,1.019531,-1,0.4379712775456259,-3.945043784869436,
2025-08-06T13:48:11.902882,-0.070312,0.015625,1.019531,-1,0.8759474304583958,-3.9446974592464015,
2025-08-06T13:48:12.400105,-0.070312,0.019531,1.011719,-1,1.1032838148222464,-3.974786307045472,
2025-08-06T13:48:12.935157,-0.078125,0.011719,1.019531,-1,0.6566325350784901,-4.381630592043893,
2025-08-06T13:48:13.403370,-0.070312,0.015625,1.015625,-1,0.8792996795163592,-3.9598166591906674,
2025-08-06T13:48:13.904830,-0.066406,0.015625,1.019531,-1,0.876171428032863,-3.726195505459816,
2025-08-06T13:48:14.405463,-0.078125,0.019531,1.019531,-1,1.0942650524290611,-4.381118215754438,
2025-08-06T13:48:14.908166,-0.070312,0.011719,1.007812,-1,0.6645991750243075,-3.990617870788554,
2025-08-06T13:48:15.408918,-0.074219,0.019531,1.03125,-1,1.0822052884979907,-4.115740699737707,
2025-08-06T13:48:15.907730,-0.070312,0.011719,1.011719,-1,0.6620452510160703,-3.975258693608283,
2025-08-06T13:48:16.425176,-0.070312,0.015625,1.015625,-1,0.8792996795163592,-3.9598166591906674,
2025-08-06T13:48:16.909344,-0.074219,0.019531,1.015625,-1,1.0987627980003676,-4.178814021344229,
2025-08-06T13:48:17.421912,-0.074219,0.019531,1.019531,-1,1.0945765010030104,-4.162866514422745,
2025-08-06T13:48:17.945911,-0.074219,0.007812,1.011719,-1,0.4412156541442312,-4.195538116812858,
2025-08-06T13:48:18.425569,-0.082031,0.015625,1.015625,-1,0.8785434598731011,-4.617153946649332,
2025-08-06T13:48:18.919574,-0.070312,0.019531,1.015625,-1,1.0990620033875442,-3.959554007490287,
2025-08-06T13:48:19.410782,-0.070312,0.023438,1.011719,-1,1.3239137632710951,-3.974461553954323,
2025-08-06T13:48:19.911397,-0.078125,0.015625,1.019531,-1,0.8754615635122167,-4.381406403248674,
2025-08-06T13:48:20.412042,-0.074219,0.019531,1.015625,-1,1.0987627980003676,-4.178814021344229,
2025-08-06T13:48:20.914137,-0.070312,0.019531,1.011719,-1,1.1032838148222464,-3.974786307045472,
2025-08-06T13:48:21.414169,-0.066406,0.019531,1.007812,-1,1.10782898445145,-3.7691357978354745,
2025-08-06T13:48:21.913605,-0.074219,0.011719,1.011719,-1,0.661863602311014,-4.195382304387747,
2025-08-06T13:48:22.414543,-0.078125,0.015625,1.011719,-1,0.8821804749424016,-4.415096222521653,
2025-08-06T13:48:22.918422,-0.074219,0.019531,1.007812,-1,1.1072330153369714,-4.211081851662468,
2025-08-06T13:48:23.415713,-0.070312,0.019531,1.015625,-1,1.0990620033875442,-3.959554007490287,
2025-08-06T13:48:23.914970,-0.074219,0.019531,1.011719,-1,1.1029811491242274,-4.1948839424456885,
2025-08-06T13:48:24.413477,-0.074219,0.019531,1.011719,-1,1.1029811491242274,-4.1948839424456885,
2025-08-06T13:48:24.917377,-0.074219,0.015625,1.015625,-1,0.8790602804446449,-4.179091116786744,
2025-08-06T13:48:25.417436,-0.074219,0.015625,1.011719,-1,0.8824354530316566,-4.195164247190032,
2025-08-06T13:48:25.917836,-0.078125,0.015625,1.011719,-1,0.8821804749424016,-4.415096222521653,
2025-08-06T13:48:26.418512,-0.070312,0.015625,1.011719,-1,0.882677621000814,-3.975052001874419,
2025-08-06T13:48:26.917147,-0.070312,0.011719,1.007812,-1,0.6645991750243075,-3.990617870788554,
2025-08-06T13:48:27.420329,-0.078125,0.011719,1.011719,-1,0.6616723448247972,-4.41532562301725,
2025-08-06T13:48:27.923582,-0.070312,0.019531,1.015625,-1,1.0990620033875442,-3.959554007490287,
2025-08-06T13:48:28.430381,-0.078125,0.019531,1.007812,-1,1.106910640781439,-4.431841821849936,
2025-08-06T13:48:28.923445,-0.074219,0.019531,1.015625,-1,1.0987627980003676,-4.178814021344229,
2025-08-06T13:48:29.426368,-0.078125,0.015625,1.011719,-1,0.8821804749424016,-4.415096222521653,
2025-08-06T13:48:29.927602,-0.070312,0.011719,1.015625,-1,0.659511478806085,-3.9600209833076647,
2025-08-06T13:48:30.426287,-0.074219,0.015625,1.007812,-1,0.885837445081153,-4.211365416252368,
2025-08-06T13:48:30.924173,-0.074219,0.019531,1.011719,-1,1.1029811491242274,-4.1948839424456885,
2025-08-06T13:48:31.427040,-0.074219,0.015625,1.011719,-1,0.8824354530316566,-4.195164247190032,
2025-08-06T13:48:31.956246,-0.074219,0.019531,1.015625,-1,1.0987627980003676,-4.178814021344229,
2025-08-06T13:48:32.424282,-0.074219,0.015625,1.011719,-1,0.8824354530316566,-4.195164247190032,
2025-08-06T13:48:33.002312,-0.074219,0.023438,1.007812,-1,1.3286521897374437,-4.2107352573149095,
2025-08-06T13:48:33.426372,-0.074219,0.015625,1.015625,-1,0.8790602804446449,-4.179091116786744,
2025-08-06T13:48:33.928229,-0.074219,0.007812,1.011719,-1,0.4412156541442312,-4.195538116812858,
2025-08-06T13:48:34.427398,-0.078125,0.015625,1.015625,-1,0.8788082160947002,-4.398186932818698,
2025-08-06T13:48:34.925664,-0.070312,0.023438,1.027344,-1,1.303879768242992,-3.914234419760696,
2025-08-06T13:48:35.429712,-0.070312,0.015625,1.007812,-1,0.8860824254812231,-3.990408774127534,
2025-08-06T13:48:35.933352,-0.070312,0.011719,1.023438,-1,0.6545009005032266,-3.9298889500681695,
2025-08-06T13:48:36.430364,-0.070312,0.015625,1.007812,-1,0.8860824254812231,-3.990408774127534,
2025-08-06T13:48:36.927365,-0.074219,0.015625,1.011719,-1,0.8824354530316566,-4.195164247190032,
2025-08-06T13:48:37.428951,-0.070312,0.015625,1.011719,-1,0.882677621000814,-3.975052001874419,
2025-08-06T13:48:37.932532,-0.074219,0.015625,1.027344,-1,0.8690866661704141,-4.131596950733885,
2025-08-06T13:48:38.430367,-0.070312,0.019531,1.015625,-1,1.0990620033875442,-3.959554007490287,
2025-08-06T13:48:38.963305,-0.070312,0.011719,1.007812,-1,0.6645991750243075,-3.990617870788554,
2025-08-06T13:48:39.459305,-0.082031,0.019531,1.015625,-1,1.098116866018644,-4.61684804518945,
2025-08-06T13:48:39.971370,-0.066406,0.011719,1.011719,-1,0.6622171739186216,-3.75507386729858,
2025-08-06T13:48:40.462139,-0.074219,0.015625,1.003906,-1,0.8892648146423924,-4.227687765693737,
2025-08-06T13:48:40.965221,-0.066406,0.015625,1.015625,-1,0.8795262593266958,-3.740482129009342,
2025-08-06T13:48:41.462802,-0.074219,0.019531,1.011719,-1,1.1029811491242274,-4.1948839424456885,
2025-08-06T13:48:41.964223,-0.074219,0.011719,1.019531,-1,0.6568194542417054,-4.163353550657151,
2025-08-06T13:48:42.468725,-0.074219,0.019531,1.011719,-1,1.1029811491242274,-4.1948839424456885,
2025-08-06T13:48:42.967725,-0.070312,0.011719,1.011719,-1,0.6620452510160703,-3.975258693608283,
2025-08-06T13:48:43.461322,-0.074219,0.015625,1.019531,-1,0.8757107582865988,-4.163140449323331,
2025-08-06T13:48:43.966881,-0.074219,0.015625,1.007812,-1,0.885837445081153,-4.211365416252368,
2025-08-06T13:48:44.470729,-0.066406,0.011719,1.019531,-1,0.6571649992509749,-3.726386374364592,
2025-08-06T13:48:44.984662,-0.078125,0.019531,1.011719,-1,1.1026624730935723,-4.414801336352567,
2025-08-06T13:48:45.470936,-0.074219,0.015625,1.011719,-1,0.8824354530316566,-4.195164247190032,
2025-08-06T13:48:45.963690,-0.074219,0.015625,1.015625,-1,0.8790602804446449,-4.179091116786744,
2025-08-06T13:48:46.467357,-0.070312,0.019531,1.007812,-1,1.1075391957439158,-3.990139988221692,
2025-08-06T13:48:46.962771,-0.074219,0.019531,1.015625,-1,1.0987627980003676,-4.178814021344229,
2025-08-06T13:48:47.464392,-0.070312,0.019531,1.011719,-1,1.1032838148222464,-3.974786307045472,
2025-08-06T13:48:48.056392,-0.082031,0.011719,1.015625,-1,0.658944243584142,-4.617391915917898,
2025-08-06T13:48:48.470669,-0.066406,0.015625,1.011719,-1,0.8829068228431354,-3.754878556396407,
2025-08-06T13:48:48.985358,-0.074219,0.015625,1.011719,-1,0.8824354530316566,-4.195164247190032,
2025-08-06T13:48:49.473148,-0.074219,0.015625,1.011719,-1,0.8824354530316566,-4.195164247190032,
2025-08-06T13:48:49.970148,-0.074219,0.019531,1.019531,-1,1.0945765010030104,-4.162866514422745,
2025-08-06T13:48:50.470762,-0.074219,0.011719,1.015625,-1,0.6593319071763242,-4.179306677081632,
2025-08-06T13:48:50.992635,-0.074219,0.019531,1.019531,-1,1.0945765010030104,-4.162866514422745,
2025-08-06T13:48:51.465935,-0.082031,0.015625,1.015625,-1,0.8785434598731011,-4.617153946649332,
2025-08-06T13:48:51.971363,-0.074219,0.011719,1.011719,-1,0.661863602311014,-4.195382304387747,
2025-08-06T13:48:52.468071,-0.074219,0.011719,1.007812,-1,0.6644154165847265,-4.211586009682766,
2025-08-06T13:48:52.976616,-0.078125,0.011719,1.011719,-1,0.6616723448247972,-4.41532562301725,
2025-08-06T13:48:53.466765,-0.074219,0.019531,1.011719,-1,1.1029811491242274,-4.1948839424456885,
2025-08-06T13:48:53.969322,-0.074219,0.019531,1.019531,-1,1.0945765010030104,-4.162866514422745,
2025-08-06T13:48:54.468015,-0.074219,0.015625,1.015625,-1,0.8790602804446449,-4.179091116786744,
2025-08-06T13:48:54.970594,-0.070312,0.015625,1.015625,-1,0.8792996795163592,-3.9598166591906674,
2025-08-06T13:48:55.467918,-0.070312,0.011719,1.011719,-1,0.6620452510160703,-3.975258693608283,
2025-08-06T13:48:55.971886,-0.078125,0.015625,1.011719,-1,0.8821804749424016,-4.415096222521653,
2025-08-06T13:48:56.474908,-0.070312,0.019531,1.019531,-1,1.0948722985581978,-3.94443780441863,
2025-08-06T13:48:56.980363,-0.074219,0.011719,1.015625,-1,0.6593319071763242,-4.179306677081632,
2025-08-06T13:48:57.469078,-0.070312,0.019531,1.007812,-1,1.1075391957439158,-3.990139988221692,
2025-08-06T13:48:57.972702,-0.070312,0.011719,1.011719,-1,0.6620452510160703,-3.975258693608283,
2025-08-06T13:48:58.470688,-0.066406,0.019531,1.015625,-1,1.0993451870049025,-3.740233940400369,
2025-08-06T13:48:58.970197,-0.074219,0.015625,1.007812,-1,0.885837445081153,-4.211365416252368,
2025-08-06T13:48:59.476485,-0.074219,0.015625,1.011719,-1,0.8824354530316566,-4.195164247190032,
2025-08-06T13:48:59.973349,-0.074219,0.015625,1.023438,-1,0.8723857482373869,-4.147306815880882,
2025-08-06T13:49:00.475234,-0.074219,0.015625,1.023438,-1,0.8723857482373869,-4.147306815880882,
2025-08-06T13:49:00.977632,-0.074219,0.011719,1.019531,-1,0.6568194542417054,-4.163353550657151,
2025-08-06T13:49:01.472367,-0.070312,0.011719,1.019531,-1,0.6569969803031029,-3.944899451739895,
2025-08-06T13:49:01.972865,-0.070312,0.019531,1.011719,-1,1.1032838148222464,-3.974786307045472,
2025-08-06T13:49:02.482571,-0.078125,0.019531,1.011719,-1,1.1026624730935723,-4.414801336352567,
2025-08-06T13:49:03.035351,-0.074219,0.015625,1.019531,-1,0.8757107582865988,-4.163140449323331,
2025-08-06T13:49:03.471813,-0.074219,0.015625,1.011719,-1,0.8824354530316566,-4.195164247190032,
2025-08-06T13:49:03.979141,-0.074219,0.015625,1.015625,-1,0.8790602804446449,-4.179091116786744,
2025-08-06T13:49:04.474234,-0.070312,0.015625,1.007812,-1,0.8860824254812231,-3.990408774127534,
2025-08-06T13:49:04.983052,-0.070312,0.015625,1.015625,-1,0.8792996795163592,-3.9598166591906674,
2025-08-06T13:49:05.475504,-0.070312,0.019531,1.011719,-1,1.1032838148222464,-3.974786307045472,
2025-08-06T13:49:05.975083,-0.070312,0.011719,1.019531,-1,0.6569969803031029,-3.944899451739895,
2025-08-06T13:49:06.475653,-0.070312,0.011719,1.015625,-1,0.659511478806085,-3.9600209833076647,
2025-08-06T13:49:06.971643,-0.070312,0.019531,1.019531,-1,1.0948722985581978,-3.94443780441863,
2025-08-06T13:49:07.475254,-0.074219,0.015625,1.019531,-1,0.8757107582865988,-4.163140449323331,
2025-08-06T13:49:07.975525,-0.074219,0.015625,1.019531,-1,0.8757107582865988,-4.163140449323331,
2025-08-06T13:49:08.475738,-0.070312,0.019531,1.015625,-1,1.0990620033875442,-3.959554007490287,
2025-08-06T13:49:08.975607,-0.074219,0.019531,1.011719,-1,1.1029811491242274,-4.1948839424456885,
2025-08-06T13:49:09.474048,-0.074219,0.019531,1.011719,-1,1.1029811491242274,-4.1948839424456885,
2025-08-06T13:49:09.976048,-0.074219,0.015625,1.019531,-1,0.8757107582865988,-4.163140449323331,
2025-08-06T13:49:10.473205,-0.078125,0.015625,1.015625,-1,0.8788082160947002,-4.398186932818698,
2025-08-06T13:49:10.973408,-0.070312,0.019531,1.015625,-1,1.0990620033875442,-3.959554007490287,
2025-08-06T13:49:11.473403,-0.078125,0.015625,1.011719,-1,0.8821804749424016,-4.415096222521653,
2025-08-06T13:49:11.975038,-0.078125,0.019531,1.003906,-1,1.1111904648672029,-4.449009661770406,
2025-08-06T13:49:12.482359,-0.074219,0.015625,1.011719,-1,0.8824354530316566,-4.195164247190032,
2025-08-06T13:49:12.974495,-0.074219,0.015625,1.011719,-1,0.8824354530316566,-4.195164247190032,
2025-08-06T13:49:13.479290,-0.070312,0.015625,1.011719,-1,0.882677621000814,-3.975052001874419,
2025-08-06T13:49:13.982843,-0.074219,0.011719,1.015625,-1,0.6593319071763242,-4.179306677081632,
2025-08-06T13:49:14.476603,-0.070312,0.011719,1.015625,-1,0.659511478806085,-3.9600209833076647,
2025-08-06T13:49:14.974800,-0.078125,0.015625,1.015625,-1,0.8788082160947002,-4.398186932818698,
2025-08-06T13:49:15.477563,-0.074219,0.015625,1.023438,-1,0.8723857482373869,-4.147306815880882,
2025-08-06T13:49:15.975951,-0.078125,0.011719,1.015625,-1,0.6591428354176316,-4.398413707523402,
2025-08-06T13:49:16.476339,-0.074219,0.007812,1.007812,-1,0.4429168451083676,-4.2117436345319925,
2025-08-06T13:49:16.976914,-0.078125,0.015625,1.011719,-1,0.8821804749424016,-4.415096222521653,
2025-08-06T13:49:17.479847,-0.070312,0.015625,1.015625,-1,0.8792996795163592,-3.9598166591906674,
2025-08-06T13:49:18.138953,-0.082031,0.015625,1.019531,-1,0.8751998195990149,-4.599545017888066,
2025-08-06T13:49:18.478959,-0.070312,0.011719,1.015625,-1,0.659511478806085,-3.9600209833076647,
2025-08-06T13:49:18.974830,-0.078125,0.019531,1.015625,-1,1.0984477632909195,-4.397895421613334,
2025-08-06T13:49:19.478028,-0.074219,0.015625,1.015625,-1,0.8790602804446449,-4.179091116786744,
2025-08-06T13:49:19.976340,-0.074219,0.011719,1.011719,-1,0.661863602311014,-4.195382304387747,
2025-08-06T13:49:20.484938,-0.066406,0.019531,1.015625,-1,1.0993451870049025,-3.740233940400369,
2025-08-06T13:49:20.983086,-0.074219,0.011719,1.011719,-1,0.661863602311014,-4.195382304387747,
2025-08-06T13:49:21.483848,-0.074219,0.023438,1.015625,-1,1.318489239368982,-4.178475332923178,
2025-08-06T13:49:21.983580,-0.070312,0.015625,1.011719,-1,0.882677621000814,-3.975052001874419,
2025-08-06T13:49:22.482705,-0.070312,0.011719,1.011719,-1,0.6620452510160703,-3.975258693608283,
2025-08-06T13:49:22.993081,-0.078125,0.015625,1.007812,-1,0.8855795074738829,-4.432140136110196,
2025-08-06T13:49:23.483372,-0.042969,0.054688,1.019531,-1,3.067704988423813,-2.4098906584336306,
2025-08-06T13:49:23.990091,-0.0625,0.011719,1.058594,-1,0.6331556204226184,-3.378646958311595,
2025-08-06T13:49:24.481857,-0.074219,0.003906,0.996094,-1,0.2240526688284373,-4.261203838797182,
2025-08-06T13:49:24.991342,-0.078125,0.023438,0.996094,-1,1.3437903953432295,-4.483368998445382,
2025-08-06T13:49:25.485703,-0.074219,0.015625,1.015625,-1,0.8790602804446449,-4.179091116786744,
2025-08-06T13:49:25.996892,-0.078125,0.015625,1.015625,-1,0.8788082160947002,-4.398186932818698,
2025-08-06T13:49:26.488892,-0.078125,0.015625,1.019531,-1,0.8754615635122167,-4.381406403248674,
2025-08-06T13:49:27.007893,-0.078125,0.019531,1.015625,-1,1.0984477632909195,-4.397895421613334,
2025-08-06T13:49:27.496893,-0.070312,0.015625,1.027344,-1,0.8693180067117757,-3.914798426430872,
2025-08-06T13:49:27.994892,-0.070312,0.019531,1.003906,-1,1.1118263430981457,-4.005608552607101,
2025-08-06T13:49:28.488892,-0.070312,0.015625,1.015625,-1,0.8792996795163592,-3.9598166591906674,
2025-08-06T13:49:28.991434,-0.078125,0.011719,1.019531,-1,0.6566325350784901,-4.381630592043893,
2025-08-06T13:49:29.488805,-0.070312,0.023438,1.003906,-1,1.3341634617425504,-4.005276186563045,
2025-08-06T13:49:29.991319,-0.066406,0.011719,1.007812,-1,0.6647730957793557,-3.769587369095426,
2025-08-06T13:49:30.490235,-0.074219,0.015625,1.007812,-1,0.885837445081153,-4.211365416252368,
2025-08-06T13:49:30.990836,-0.074219,0.019531,1.015625,-1,1.0987627980003676,-4.178814021344229,
2025-08-06T13:49:31.491496,-0.074219,0.019531,1.015625,-1,1.0987627980003676,-4.178814021344229,
2025-08-06T13:49:31.996780,-0.074219,0.023438,1.019531,-1,1.3134663212654785,-4.1625316885074,
2025-08-06T13:49:32.508628,-0.074219,0.011719,1.011719,-1,0.661863602311014,-4.195382304387747,
2025-08-06T13:49:33.110629,-0.082031,0.015625,1.015625,-1,0.8785434598731011,-4.617153946649332,
2025-08-06T13:49:33.503900,-0.070312,0.015625,1.015625,-1,0.8792996795163592,-3.9598166591906674,
2025-08-06T13:49:33.995267,-0.070312,0.015625,1.007812,-1,0.8860824254812231,-3.990408774127534,
2025-08-06T13:49:34.499328,-0.074219,0.011719,1.011719,-1,0.661863602311014,-4.195382304387747,
2025-08-06T13:49:35.004328,-0.074219,0.019531,1.011719,-1,1.1029811491242274,-4.1948839424456885,
2025-08-06T13:49:35.500328,-0.074219,0.019531,1.015625,-1,1.0987627980003676,-4.178814021344229,
2025-08-06T13:49:36.002329,-0.074219,0.015625,1.007812,-1,0.885837445081153,-4.211365416252368,
2025-08-06T13:49:36.505327,-0.074219,0.019531,1.011719,-1,1.1029811491242274,-4.1948839424456885,
2025-08-06T13:49:37.001327,-0.074219,0.011719,1.015625,-1,0.6593319071763242,-4.179306677081632,
2025-08-06T13:49:37.501327,-0.074219,0.019531,1.011719,-1,1.1029811491242274,-4.1948839424456885,
2025-08-06T13:49:38.010327,-0.074219,0.015625,1.011719,-1,0.8824354530316566,-4.195164247190032,
2025-08-06T13:49:38.502328,-0.070312,0.015625,1.007812,-1,0.8860824254812231,-3.990408774127534,
2025-08-06T13:49:39.009328,-0.074219,0.015625,1.015625,-1,0.8790602804446449,-4.179091116786744,
2025-08-06T13:49:39.508327,-0.074219,0.011719,1.015625,-1,0.6593319071763242,-4.179306677081632,
2025-08-06T13:49:40.009352,-0.070312,0.015625,1.007812,-1,0.8860824254812231,-3.990408774127534,
2025-08-06T13:49:40.508859,-0.074219,0.019531,1.011719,-1,1.1029811491242274,-4.1948839424456885,
2025-08-06T13:49:41.011342,-0.078125,0.015625,1.019531,-1,0.8754615635122167,-4.381406403248674,
2025-08-06T13:49:41.511208,-0.070312,0.011719,1.011719,-1,0.6620452510160703,-3.975258693608283,
2025-08-06T13:49:42.007294,-0.070312,0.015625,1.011719,-1,0.882677621000814,-3.975052001874419,
2025-08-06T13:49:42.509419,-0.070312,0.019531,1.019531,-1,1.0948722985581978,-3.94443780441863,
2025-08-06T13:49:43.012443,-0.074219,0.019531,1.007812,-1,1.1072330153369714,-4.211081851662468,
2025-08-06T13:49:43.513516,-0.074219,0.015625,1.023438,-1,0.8723857482373869,-4.147306815880882,
2025-08-06T13:49:44.022856,-0.074219,0.015625,1.023438,-1,0.8723857482373869,-4.147306815880882,
2025-08-06T13:49:44.514424,-0.074219,0.015625,1.019531,-1,0.8757107582865988,-4.163140449323331,
2025-08-06T13:49:45.012808,-0.070312,0.015625,1.011719,-1,0.882677621000814,-3.975052001874419,
2025-08-06T13:49:45.515341,-0.074219,0.015625,1.019531,-1,0.8757107582865988,-4.163140449323331,
2025-08-06T13:49:46.011090,-0.074219,0.019531,1.003906,-1,1.111516594346942,-4.227400891418085,
2025-08-06T13:49:46.516611,-0.078125,0.019531,1.007812,-1,1.106910640781439,-4.431841821849936,
2025-08-06T13:49:47.012955,-0.070312,0.011719,1.011719,-1,0.6620452510160703,-3.975258693608283,
2025-08-06T13:49:47.516349,-0.078125,0.015625,1.019531,-1,0.8754615635122167,-4.381406403248674,
2025-08-06T13:49:48.283738,-0.074219,0.019531,1.011719,-1,1.1029811491242274,-4.1948839424456885,
2025-08-06T13:49:48.523739,-0.074219,0.015625,1.011719,-1,0.8824354530316566,-4.195164247190032,
2025-08-06T13:49:49.020629,-0.078125,0.019531,1.015625,-1,1.0984477632909195,-4.397895421613334,
2025-08-06T13:49:49.516834,-0.074219,0.011719,1.011719,-1,0.661863602311014,-4.195382304387747,
2025-08-06T13:49:50.018408,-0.078125,0.019531,1.015625,-1,1.0984477632909195,-4.397895421613334,
2025-08-06T13:49:50.519351,-0.070312,0.011719,1.007812,-1,0.6645991750243075,-3.990617870788554,
2025-08-06T13:49:51.020704,-0.082031,0.015625,1.011719,-1,0.8819126600863326,-4.634897910288624,
2025-08-06T13:49:51.519023,-0.078125,0.015625,1.011719,-1,0.8821804749424016,-4.415096222521653,
2025-08-06T13:49:52.024508,-0.066406,0.015625,1.015625,-1,0.8795262593266958,-3.740482129009342,
2025-08-06T13:49:52.519370,-0.070312,0.015625,1.011719,-1,0.882677621000814,-3.975052001874419,
2025-08-06T13:49:53.022126,-0.074219,0.015625,1.015625,-1,0.8790602804446449,-4.179091116786744,
2025-08-06T13:49:53.520899,-0.070312,0.015625,1.019531,-1,0.8759474304583958,-3.9446974592464015,
2025-08-06T13:49:54.021349,-0.074219,0.015625,1.019531,-1,0.8757107582865988,-4.163140449323331,
2025-08-06T13:49:54.521876,-0.074219,0.015625,1.011719,-1,0.8824354530316566,-4.195164247190032,
2025-08-06T13:49:55.022263,-0.078125,0.019531,1.015625,-1,1.0984477632909195,-4.397895421613334,
2025-08-06T13:49:55.523307,-0.074219,0.015625,1.007812,-1,0.885837445081153,-4.211365416252368,
2025-08-06T13:49:56.025872,-0.070312,0.019531,1.011719,-1,1.1032838148222464,-3.974786307045472,
2025-08-06T13:49:56.524734,-0.074219,0.015625,1.011719,-1,0.8824354530316566,-4.195164247190032,
2025-08-06T13:49:57.026666,-0.074219,0.019531,1.011719,-1,1.1029811491242274,-4.1948839424456885,
2025-08-06T13:49:57.528282,-0.074219,0.015625,1.015625,-1,0.8790602804446449,-4.179091116786744,
2025-08-06T13:49:58.027279,-0.078125,0.011719,1.007812,-1,0.6642219390273632,-4.4323722037370175,
2025-08-06T13:49:58.526887,-0.066406,0.015625,1.007812,-1,0.8863142906072571,-3.769389784892654,
2025-08-06T13:49:59.030331,-0.070312,0.015625,1.019531,-1,0.8759474304583958,-3.9446974592464015,
2025-08-06T13:49:59.536371,-0.074219,0.015625,1.015625,-1,0.8790602804446449,-4.179091116786744,
2025-08-06T13:50:00.034461,-0.078125,0.015625,1.019531,-1,0.8754615635122167,-4.381406403248674,
2025-08-06T13:50:00.531512,-0.074219,0.011719,1.023438,-1,0.6543253896095329,-4.147517494862795,
2025-08-06T13:50:01.030188,-0.078125,0.015625,1.023438,-1,0.8721393804253038,-4.364748924369022,
2025-08-06T13:50:01.531227,-0.070312,0.015625,1.015625,-1,0.8792996795163592,-3.9598166591906674,
2025-08-06T13:50:02.035326,-0.078125,0.019531,1.011719,-1,1.1026624730935723,-4.414801336352567,
2025-08-06T13:50:02.535843,-0.078125,0.019531,1.015625,-1,1.0984477632909195,-4.397895421613334,
2025-08-06T13:50:03.162852,-0.074219,0.015625,1.011719,-1,0.8824354530316566,-4.195164247190032,
2025-08-06T13:50:03.548227,-0.070312,0.023438,1.023438,-1,1.3088310347119567,-3.929118788230284,
2025-08-06T13:50:04.038421,-0.074219,0.015625,1.007812,-1,0.885837445081153,-4.211365416252368,
2025-08-06T13:50:04.537286,-0.066406,0.019531,1.015625,-1,1.0993451870049025,-3.740233940400369,
2025-08-06T13:50:05.037680,-0.074219,0.015625,1.019531,-1,0.8757107582865988,-4.163140449323331,
2025-08-06T13:50:05.536558,-0.074219,0.015625,1.015625,-1,0.8790602804446449,-4.179091116786744,
2025-08-06T13:50:06.038364,-0.078125,0.015625,1.007812,-1,0.8855795074738829,-4.432140136110196,
2025-08-06T13:50:06.536661,-0.074219,0.015625,1.011719,-1,0.8824354530316566,-4.195164247190032,
2025-08-06T13:50:07.041525,-0.074219,0.011719,1.015625,-1,0.6593319071763242,-4.179306677081632,
2025-08-06T13:50:07.537483,-0.074219,0.015625,1.015625,-1,0.8790602804446449,-4.179091116786744,
2025-08-06T13:50:08.038592,-0.070312,0.011719,1.011719,-1,0.6620452510160703,-3.975258693608283,
2025-08-06T13:50:08.541343,-0.078125,0.015625,1.011719,-1,0.8821804749424016,-4.415096222521653,
2025-08-06T13:50:09.041379,-0.074219,0.015625,1.011719,-1,0.8824354530316566,-4.195164247190032,
2025-08-06T13:50:09.542176,-0.074219,0.015625,1.015625,-1,0.8790602804446449,-4.179091116786744,
2025-08-06T13:50:10.043200,-0.078125,0.015625,1.019531,-1,0.8754615635122167,-4.381406403248674,
2025-08-06T13:50:10.542035,-0.074219,0.015625,1.015625,-1,0.8790602804446449,-4.179091116786744,
2025-08-06T13:50:11.047074,-0.074219,0.015625,1.015625,-1,0.8790602804446449,-4.179091116786744,
2025-08-06T13:50:11.543580,-0.078125,0.015625,1.015625,-1,0.8788082160947002,-4.398186932818698,
2025-08-06T13:50:12.051406,-0.074219,0.015625,1.011719,-1,0.8824354530316566,-4.195164247190032,
2025-08-06T13:50:12.546990,-0.066406,0.019531,1.019531,-1,1.0951522551319368,-3.725950149660806,
2025-08-06T13:50:13.056528,-0.074219,0.015625,1.011719,-1,0.8824354530316566,-4.195164247190032,
2025-08-06T13:50:13.543821,-0.078125,0.019531,1.011719,-1,1.1026624730935723,-4.414801336352567,
2025-08-06T13:50:14.047252,-0.074219,0.019531,1.007812,-1,1.1072330153369714,-4.211081851662468,
2025-08-06T13:50:14.548549,-0.074219,0.015625,1.007812,-1,0.885837445081153,-4.211365416252368,
2025-08-06T13:50:15.049547,-0.066406,0.019531,1.011719,-1,1.1035702752112522,-3.75462749123489,
2025-08-06T13:50:15.550379,-0.070312,0.015625,1.019531,-1,0.8759474304583958,-3.9446974592464015,
2025-08-06T13:50:16.050391,-0.074219,0.015625,1.015625,-1,0.8790602804446449,-4.179091116786744,
2025-08-06T13:50:16.553838,-0.074219,0.015625,1.011719,-1,0.8824354530316566,-4.195164247190032,
2025-08-06T13:50:17.052498,-0.074219,0.019531,1.015625,-1,1.0987627980003676,-4.178814021344229,
2025-08-06T13:50:17.561204,-0.074219,0.015625,1.015625,-1,0.8790602804446449,-4.179091116786744,
2025-08-06T13:50:18.205202,-0.078125,0.015625,1.015625,-1,0.8788082160947002,-4.398186932818698,
2025-08-06T13:50:18.574668,-0.078125,0.019531,1.023438,-1,1.0901129198618515,-4.36446401113324,
2025-08-06T13:50:19.059876,-0.078125,0.019531,1.011719,-1,1.1026624730935723,-4.414801336352567,
2025-08-06T13:50:19.553224,-0.074219,0.015625,1.011719,-1,0.8824354530316566,-4.195164247190032,
2025-08-06T13:50:20.057810,-0.0625,0.015625,1.015625,-1,0.8797400529857811,-3.521037759152545,
2025-08-06T13:50:20.557461,-0.074219,0.015625,1.015625,-1,0.8790602804446449,-4.179091116786744,
2025-08-06T13:50:21.055382,-0.070312,0.019531,1.015625,-1,1.0990620033875442,-3.959554007490287,
2025-08-06T13:50:21.558827,-0.078125,0.011719,1.011719,-1,0.6616723448247972,-4.41532562301725,
2025-08-06T13:50:22.057257,-0.074219,0.019531,1.011719,-1,1.1029811491242274,-4.1948839424456885,
2025-08-06T13:50:22.557842,-0.066406,0.015625,1.015625,-1,0.8795262593266958,-3.740482129009342,
2025-08-06T13:50:23.057587,-0.074219,0.015625,1.027344,-1,0.8690866661704141,-4.131596950733885,
2025-08-06T13:50:23.557846,-0.074219,0.015625,1.007812,-1,0.885837445081153,-4.211365416252368,
2025-08-06T13:50:24.056697,-0.074219,0.019531,1.023438,-1,1.0904208355486065,-4.147035994474838,
2025-08-06T13:50:24.561195,-0.074219,0.015625,1.015625,-1,0.8790602804446449,-4.179091116786744,
2025-08-06T13:50:25.056437,-0.066406,0.011719,1.015625,-1,0.6596814348035882,-3.7406752018940073,
2025-08-06T13:50:25.558203,-0.078125,0.011719,1.011719,-1,0.6616723448247972,-4.41532562301725,
2025-08-06T13:50:26.058402,-0.074219,0.019531,1.015625,-1,1.0987627980003676,-4.178814021344229,
2025-08-06T13:50:26.559075,-0.074219,0.015625,1.011719,-1,0.8824354530316566,-4.195164247190032,
2025-08-06T13:50:27.060463,-0.074219,0.015625,1.007812,-1,0.885837445081153,-4.211365416252368,
2025-08-06T13:50:27.562464,-0.070312,0.023438,1.011719,-1,1.3239137632710951,-3.974461553954323,
2025-08-06T13:50:28.062007,-0.070312,0.015625,1.011719,-1,0.882677621000814,-3.975052001874419,
2025-08-06T13:50:28.563904,-0.070312,0.015625,1.011719,-1,0.882677621000814,-3.975052001874419,
2025-08-06T13:50:29.061845,-0.070312,0.019531,1.011719,-1,1.1032838148222464,-3.974786307045472,
2025-08-06T13:50:29.563484,-0.074219,0.011719,1.015625,-1,0.6593319071763242,-4.179306677081632,
2025-08-06T13:50:30.065025,-0.070312,0.015625,1.007812,-1,0.8860824254812231,-3.990408774127534,
2025-08-06T13:50:30.564837,-0.070312,0.007812,1.015625,-1,0.4396475897690352,-3.960166982639457,
2025-08-06T13:50:31.067846,-0.074219,0.011719,1.011719,-1,0.661863602311014,-4.195382304387747,
2025-08-06T13:50:31.568377,-0.078125,0.015625,1.015625,-1,0.8788082160947002,-4.398186932818698,
2025-08-06T13:50:32.070285,-0.074219,0.015625,1.011719,-1,0.8824354530316566,-4.195164247190032,
2025-08-06T13:50:32.565401,-0.074219,0.011719,1.011719,-1,0.661863602311014,-4.195382304387747,
2025-08-06T13:50:33.268497,-0.074219,0.015625,1.011719,-1,0.8824354530316566,-4.195164247190032,
2025-08-06T13:50:33.568497,-0.070312,0.015625,1.019531,-1,0.8759474304583958,-3.9446974592464015,
2025-08-06T13:50:34.064978,-0.078125,0.011719,1.015625,-1,0.6591428354176316,-4.398413707523402,
2025-08-06T13:50:34.563978,-0.074219,0.011719,1.007812,-1,0.6644154165847265,-4.211586009682766,
2025-08-06T13:50:35.065834,-0.074219,0.011719,1.011719,-1,0.661863602311014,-4.195382304387747,
2025-08-06T13:50:35.570091,-0.070312,0.019531,1.023438,-1,1.090713275908077,-3.929432551882644,
2025-08-06T13:50:36.066351,-0.074219,0.015625,1.011719,-1,0.8824354530316566,-4.195164247190032,
2025-08-06T13:50:36.569174,-0.074219,0.015625,1.011719,-1,0.8824354530316566,-4.195164247190032,
2025-08-06T13:50:37.069590,-0.074219,0.023438,1.019531,-1,1.3134663212654785,-4.1625316885074,
2025-08-06T13:50:37.576850,-0.074219,0.015625,1.015625,-1,0.8790602804446449,-4.179091116786744,
2025-08-06T13:50:38.070056,-0.070312,0.011719,1.007812,-1,0.6645991750243075,-3.990617870788554,
2025-08-06T13:50:38.569898,-0.070312,0.019531,1.011719,-1,1.1032838148222464,-3.974786307045472,
2025-08-06T13:50:39.072391,-0.074219,0.011719,1.007812,-1,0.6644154165847265,-4.211586009682766,
2025-08-06T13:50:39.574553,-0.070312,0.011719,1.015625,-1,0.659511478806085,-3.9600209833076647,
2025-08-06T13:50:40.073406,-0.066406,0.011719,1.015625,-1,0.6596814348035882,-3.7406752018940073,
2025-08-06T13:50:40.625738,-0.074219,0.011719,1.019531,-1,0.6568194542417054,-4.163353550657151,
2025-08-06T13:50:41.076913,-0.074219,0.023438,1.019531,-1,1.3134663212654785,-4.1625316885074,
2025-08-06T13:50:41.578998,-0.074219,0.019531,1.015625,-1,1.0987627980003676,-4.178814021344229,
2025-08-06T13:50:42.078335,-0.074219,0.019531,1.015625,-1,1.0987627980003676,-4.178814021344229,
2025-08-06T13:50:42.578864,-0.074219,0.015625,1.023438,-1,0.8723857482373869,-4.147306815880882,
2025-08-06T13:50:43.079234,-0.078125,0.019531,1.015625,-1,1.0984477632909195,-4.397895421613334,
2025-08-06T13:50:43.582425,-0.082031,0.015625,1.011719,-1,0.8819126600863326,-4.634897910288624,
2025-08-06T13:50:44.082644,-0.074219,0.015625,1.011719,-1,0.8824354530316566,-4.195164247190032,
2025-08-06T13:50:44.584526,-0.074219,0.019531,1.007812,-1,1.1072330153369714,-4.211081851662468,
2025-08-06T13:50:45.083638,-0.074219,0.011719,1.015625,-1,0.6593319071763242,-4.179306677081632,
2025-08-06T13:50:45.586547,-0.074219,0.015625,1.007812,-1,0.885837445081153,-4.211365416252368,
2025-08-06T13:50:46.086524,-0.078125,0.011719,1.023438,-1,0.6541405910729506,-4.364970565735547,
2025-08-06T13:50:46.587150,-0.082031,0.015625,1.007812,-1,0.8853085859634725,-4.652783059771656,
2025-08-06T13:50:47.089075,-0.066406,0.019531,1.015625,-1,1.0993451870049025,-3.740233940400369,
2025-08-06T13:50:47.605853,-0.074219,0.015625,1.015625,-1,0.8790602804446449,-4.179091116786744,
2025-08-06T13:50:48.159998,-0.074219,0.015625,1.015625,-1,0.8790602804446449,-4.179091116786744,
2025-08-06T13:50:48.599998,-0.066406,0.019531,1.015625,-1,1.0993451870049025,-3.740233940400369,
2025-08-06T13:50:49.090456,-0.070312,0.015625,1.007812,-1,0.8860824254812231,-3.990408774127534,
2025-08-06T13:50:49.594555,-0.074219,0.011719,1.011719,-1,0.661863602311014,-4.195382304387747,
2025-08-06T13:50:50.093782,-0.070312,0.011719,1.007812,-1,0.6645991750243075,-3.990617870788554,
2025-08-06T13:50:50.592895,-0.074219,0.015625,1.019531,-1,0.8757107582865988,-4.163140449323331,
2025-08-06T13:50:51.093354,-0.078125,0.015625,1.015625,-1,0.8788082160947002,-4.398186932818698,
2025-08-06T13:50:51.598942,-0.074219,0.015625,1.011719,-1,0.8824354530316566,-4.195164247190032,
2025-08-06T13:50:52.096630,-0.074219,0.019531,1.011719,-1,1.1029811491242274,-4.1948839424456885,
2025-08-06T13:50:52.595705,-0.078125,0.015625,1.019531,-1,0.8754615635122167,-4.381406403248674,
2025-08-06T13:50:53.098900,-0.070312,0.015625,1.015625,-1,0.8792996795163592,-3.9598166591906674,
2025-08-06T13:50:53.601215,-0.078125,0.015625,1.027344,-1,0.868843082074078,-4.348221582757211,
2025-08-06T13:50:54.102862,-0.078125,0.015625,1.019531,-1,0.8754615635122167,-4.381406403248674,
2025-08-06T13:50:54.603308,-0.074219,0.015625,1.019531,-1,0.8757107582865988,-4.163140449323331,
2025-08-06T13:50:55.104201,-0.078125,0.015625,1.011719,-1,0.8821804749424016,-4.415096222521653,
2025-08-06T13:50:55.603323,-0.078125,0.019531,1.011719,-1,1.1026624730935723,-4.414801336352567,
2025-08-06T13:50:56.105852,-0.074219,0.015625,1.007812,-1,0.885837445081153,-4.211365416252368,
2025-08-06T13:50:56.612323,-0.070312,0.015625,1.015625,-1,0.8792996795163592,-3.9598166591906674,
2025-08-06T13:50:57.109186,-0.070312,0.019531,1.027344,-1,1.086586705885355,-3.9145446307984617,
2025-08-06T13:50:57.609187,-0.074219,0.019531,1.011719,-1,1.1029811491242274,-4.1948839424456885,
2025-08-06T13:50:58.110198,-0.074219,0.019531,1.019531,-1,1.0945765010030104,-4.162866514422745,
2025-08-06T13:50:58.608822,-0.070312,0.019531,1.011719,-1,1.1032838148222464,-3.974786307045472,
2025-08-06T13:50:59.110687,-0.070312,0.015625,1.015625,-1,0.8792996795163592,-3.9598166591906674,
2025-08-06T13:50:59.612686,-0.074219,0.015625,1.011719,-1,0.8824354530316566,-4.195164247190032,
2025-08-06T13:51:00.110393,-0.070312,0.015625,1.015625,-1,0.8792996795163592,-3.9598166591906674,
2025-08-06T13:51:00.614735,-0.078125,0.019531,1.023438,-1,1.0901129198618515,-4.36446401113324,
2025-08-06T13:51:01.111826,-0.074219,0.015625,1.015625,-1,0.8790602804446449,-4.179091116786744,
2025-08-06T13:51:01.614380,-0.070312,0.011719,1.019531,-1,0.6569969803031029,-3.944899451739895,
2025-08-06T13:51:02.117236,-0.078125,0.011719,1.015625,-1,0.6591428354176316,-4.398413707523402,
2025-08-06T13:51:02.615203,-0.074219,0.015625,1.007812,-1,0.885837445081153,-4.211365416252368,
2025-08-06T13:51:03.294707,-0.066406,0.019531,1.011719,-1,1.1035702752112522,-3.75462749123489,
2025-08-06T13:51:03.618260,-0.070312,0.015625,1.011719,-1,0.882677621000814,-3.975052001874419,
2025-08-06T13:51:04.116273,-0.078125,0.015625,1.007812,-1,0.8855795074738829,-4.432140136110196,
2025-08-06T13:51:04.617965,-0.074219,0.015625,1.015625,-1,0.8790602804446449,-4.179091116786744,
2025-08-06T13:51:05.118818,-0.074219,0.019531,1.011719,-1,1.1029811491242274,-4.1948839424456885,
2025-08-06T13:51:05.620919,-0.070312,0.015625,1.011719,-1,0.882677621000814,-3.975052001874419,
2025-08-06T13:51:06.119491,-0.070312,0.015625,1.003906,-1,0.8895126503967048,-4.005880476871976,
2025-08-06T13:51:06.622717,-0.074219,0.023438,1.007812,-1,1.3286521897374437,-4.2107352573149095,
2025-08-06T13:51:07.122187,-0.074219,0.019531,1.015625,-1,1.0987627980003676,-4.178814021344229,
2025-08-06T13:51:07.622156,-0.074219,0.015625,1.011719,-1,0.8824354530316566,-4.195164247190032,
2025-08-06T13:51:08.121701,-0.078125,0.015625,1.023438,-1,0.8721393804253038,-4.364748924369022,
2025-08-06T13:51:08.619735,-0.082031,0.011719,1.011719,-1,0.6614714585716096,-4.635138633853219,
2025-08-06T13:51:09.129836,-0.074219,0.019531,1.019531,-1,1.0945765010030104,-4.162866514422745,
2025-08-06T13:51:09.622124,-0.074219,0.015625,1.011719,-1,0.8824354530316566,-4.195164247190032,
2025-08-06T13:51:10.122736,-0.074219,0.011719,1.003906,-1,0.6669862684536116,-4.227910934139552,
2025-08-06T13:51:10.622698,-0.070312,0.015625,1.011719,-1,0.882677621000814,-3.975052001874419,
2025-08-06T13:51:11.138837,-0.070312,0.015625,1.011719,-1,0.882677621000814,-3.975052001874419,
2025-08-06T13:51:11.626772,-0.074219,0.015625,1.011719,-1,0.8824354530316566,-4.195164247190032,
2025-08-06T13:51:12.128172,-0.070312,0.015625,1.015625,-1,0.8792996795163592,-3.9598166591906674,
2025-08-06T13:51:12.851243,-0.070312,0.011719,1.015625,-1,0.659511478806085,-3.9600209833076647,
2025-08-06T13:51:13.329826,-0.070312,0.015625,1.011719,-1,0.882677621000814,-3.975052001874419,
2025-08-06T13:51:13.824320,-0.070312,0.019531,1.011719,-1,1.1032838148222464,-3.974786307045472,
2025-08-06T13:51:14.320845,-0.070312,0.019531,1.015625,-1,1.0990620033875442,-3.959554007490287,
2025-08-06T13:51:14.823351,-0.066406,0.011719,1.011719,-1,0.6622171739186216,-3.75507386729858,
2025-08-06T13:51:15.320140,-0.074219,0.011719,1.015625,-1,0.6593319071763242,-4.179306677081632,
2025-08-06T13:51:15.823033,-0.074219,0.015625,1.019531,-1,0.8757107582865988,-4.163140449323331,
2025-08-06T13:51:16.325225,-0.074219,0.015625,1.015625,-1,0.8790602804446449,-4.179091116786744,
2025-08-06T13:51:16.825214,-0.078125,0.011719,1.019531,-1,0.6566325350784901,-4.381630592043893,
2025-08-06T13:51:17.325909,-0.074219,0.019531,1.019531,-1,1.0945765010030104,-4.162866514422745,
2025-08-06T13:51:17.832326,-0.074219,0.015625,1.015625,-1,0.8790602804446449,-4.179091116786744,
2025-08-06T13:51:18.401323,-0.074219,0.023438,1.015625,-1,1.318489239368982,-4.178475332923178,
2025-08-06T13:51:18.827321,-0.070312,0.023438,1.007812,-1,1.3290195583790962,-3.989811457540183,
2025-08-06T13:51:19.328275,-0.074219,0.011719,1.011719,-1,0.661863602311014,-4.195382304387747,
2025-08-06T13:51:19.827775,-0.074219,0.011719,1.015625,-1,0.6593319071763242,-4.179306677081632,
2025-08-06T13:51:20.328866,-0.074219,0.019531,1.011719,-1,1.1029811491242274,-4.1948839424456885,
2025-08-06T13:51:20.830100,-0.070312,0.015625,1.015625,-1,0.8792996795163592,-3.9598166591906674,
2025-08-06T13:51:21.332350,-0.074219,0.015625,1.015625,-1,0.8790602804446449,-4.179091116786744,
2025-08-06T13:51:21.835703,-0.074219,0.015625,1.011719,-1,0.8824354530316566,-4.195164247190032,
2025-08-06T13:51:22.333684,-0.078125,0.019531,1.027344,-1,1.0859931344949636,-4.3479398935976885,
2025-08-06T13:51:22.832111,-0.078125,0.019531,1.023438,-1,1.0901129198618515,-4.36446401113324,
2025-08-06T13:51:23.336111,-0.074219,0.019531,1.015625,-1,1.0987627980003676,-4.178814021344229,
2025-08-06T13:51:23.834157,-0.078125,0.015625,1.015625,-1,0.8788082160947002,-4.398186932818698,
2025-08-06T13:51:24.333571,-0.074219,0.019531,1.011719,-1,1.1029811491242274,-4.1948839424456885,
2025-08-06T13:51:24.834495,-0.074219,0.015625,1.011719,-1,0.8824354530316566,-4.195164247190032,
2025-08-06T13:51:25.341362,-0.074219,0.015625,1.015625,-1,0.8790602804446449,-4.179091116786744,
2025-08-06T13:51:25.836978,-0.074219,0.019531,1.019531,-1,1.0945765010030104,-4.162866514422745,
2025-08-06T13:51:26.336812,-0.078125,0.015625,1.019531,-1,0.8754615635122167,-4.381406403248674,
2025-08-06T13:51:26.838395,-0.070312,0.015625,1.015625,-1,0.8792996795163592,-3.9598166591906674,
2025-08-06T13:51:27.342394,-0.078125,0.019531,1.011719,-1,1.1026624730935723,-4.414801336352567,
2025-08-06T13:51:27.838381,-0.070312,0.019531,1.019531,-1,1.0948722985581978,-3.94443780441863,
2025-08-06T13:51:28.340383,-0.070312,0.019531,1.015625,-1,1.0990620033875442,-3.959554007490287,
2025-08-06T13:51:28.842452,-0.074219,0.015625,1.007812,-1,0.885837445081153,-4.211365416252368,
2025-08-06T13:51:29.343260,-0.070312,0.011719,1.015625,-1,0.659511478806085,-3.9600209833076647,
2025-08-06T13:51:29.846442,-0.070312,0.019531,1.015625,-1,1.0990620033875442,-3.959554007490287,
2025-08-06T13:51:30.342909,-0.078125,0.011719,1.015625,-1,0.6591428354176316,-4.398413707523402,
2025-08-06T13:51:30.844910,-0.066406,0.015625,1.015625,-1,0.8795262593266958,-3.740482129009342,
2025-08-06T13:51:31.347526,-0.074219,0.019531,1.003906,-1,1.111516594346942,-4.227400891418085,
2025-08-06T13:51:31.860235,-0.074219,0.015625,1.015625,-1,0.8790602804446449,-4.179091116786744,
2025-08-06T13:51:32.345858,-0.078125,0.019531,1.011719,-1,1.1026624730935723,-4.414801336352567,
2025-08-06T13:51:32.846337,-0.070312,0.011719,1.007812,-1,0.6645991750243075,-3.990617870788554,
2025-08-06T13:51:33.366338,-0.074219,0.015625,1.019531,-1,0.8757107582865988,-4.163140449323331,
2025-08-06T13:51:33.847776,-0.070312,0.007812,1.015625,-1,0.4396475897690352,-3.960166982639457,
2025-08-06T13:51:34.351785,-0.078125,0.019531,1.011719,-1,1.1026624730935723,-4.414801336352567,
2025-08-06T13:51:34.847674,-0.074219,0.019531,1.007812,-1,1.1072330153369714,-4.211081851662468,
2025-08-06T13:51:35.350691,-0.074219,0.011719,1.023438,-1,0.6543253896095329,-4.147517494862795,
2025-08-06T13:51:35.851413,-0.078125,0.011719,1.011719,-1,0.6616723448247972,-4.41532562301725,
2025-08-06T13:51:36.351316,-0.074219,0.019531,1.023438,-1,1.0904208355486065,-4.147035994474838,
2025-08-06T13:51:36.856357,-0.070312,0.015625,1.007812,-1,0.8860824254812231,-3.990408774127534,
2025-08-06T13:51:37.354445,-0.074219,0.019531,1.015625,-1,1.0987627980003676,-4.178814021344229,
2025-08-06T13:51:37.856276,-0.078125,0.015625,1.011719,-1,0.8821804749424016,-4.415096222521653,
2025-08-06T13:51:38.358115,-0.074219,0.015625,1.015625,-1,0.8790602804446449,-4.179091116786744,
2025-08-06T13:51:38.860003,-0.074219,0.019531,1.015625,-1,1.0987627980003676,-4.178814021344229,
2025-08-06T13:51:39.360321,-0.070312,0.015625,1.023438,-1,0.8726197340321947,-3.929689254469079,
2025-08-06T13:51:39.865618,-0.074219,0.019531,1.007812,-1,1.1072330153369714,-4.211081851662468,
2025-08-06T13:51:40.357791,-0.074219,0.019531,1.015625,-1,1.0987627980003676,-4.178814021344229,
2025-08-06T13:51:40.860742,-0.074219,0.015625,1.015625,-1,0.8790602804446449,-4.179091116786744,
2025-08-06T13:51:41.360079,-0.074219,0.011719,1.023438,-1,0.6543253896095329,-4.147517494862795,
2025-08-06T13:51:41.859862,-0.078125,0.011719,1.015625,-1,0.6591428354176316,-4.398413707523402,
2025-08-06T13:51:42.362300,-0.070312,0.019531,1.015625,-1,1.0990620033875442,-3.959554007490287,
2025-08-06T13:51:42.861825,-0.070312,0.015625,1.019531,-1,0.8759474304583958,-3.9446974592464015,
2025-08-06T13:51:43.362468,-0.074219,0.011719,1.023438,-1,0.6543253896095329,-4.147517494862795,
2025-08-06T13:51:43.865538,-0.074219,0.011719,1.011719,-1,0.661863602311014,-4.195382304387747,
2025-08-06T13:51:44.369686,-0.074219,0.015625,1.015625,-1,0.8790602804446449,-4.179091116786744,
2025-08-06T13:51:44.864478,-0.070312,0.019531,1.011719,-1,1.1032838148222464,-3.974786307045472,
2025-08-06T13:51:45.364470,-0.070312,0.015625,1.007812,-1,0.8860824254812231,-3.990408774127534,
2025-08-06T13:51:45.864807,-0.070312,0.015625,1.011719,-1,0.882677621000814,-3.975052001874419,
2025-08-06T13:51:46.364877,-0.074219,0.011719,1.019531,-1,0.6568194542417054,-4.163353550657151,
2025-08-06T13:51:46.870258,-0.070312,0.011719,1.011719,-1,0.6620452510160703,-3.975258693608283,
2025-08-06T13:51:47.367673,-0.074219,0.015625,1.023438,-1,0.8723857482373869,-4.147306815880882,
2025-08-06T13:51:47.869673,-0.070312,0.015625,1.015625,-1,0.8792996795163592,-3.9598166591906674,
2025-08-06T13:51:48.406672,-0.074219,0.019531,1.011719,-1,1.1029811491242274,-4.1948839424456885,
2025-08-06T13:51:48.870675,-0.070312,0.015625,1.011719,-1,0.882677621000814,-3.975052001874419,
2025-08-06T13:51:49.369855,-0.078125,0.011719,1.015625,-1,0.6591428354176316,-4.398413707523402,
2025-08-06T13:51:49.871819,-0.074219,0.023438,1.015625,-1,1.318489239368982,-4.178475332923178,
2025-08-06T13:51:50.374529,-0.070312,0.015625,1.007812,-1,0.8860824254812231,-3.990408774127534,
2025-08-06T13:51:50.878295,-0.074219,0.015625,1.011719,-1,0.8824354530316566,-4.195164247190032,
2025-08-06T13:51:51.386135,-0.078125,0.015625,1.015625,-1,0.8788082160947002,-4.398186932818698,
2025-08-06T13:51:51.874053,-0.078125,0.019531,1.015625,-1,1.0984477632909195,-4.397895421613334,
2025-08-06T13:51:52.378676,-0.074219,0.019531,1.011719,-1,1.1029811491242274,-4.1948839424456885,
2025-08-06T13:51:52.876906,-0.074219,0.015625,1.011719,-1,0.8824354530316566,-4.195164247190032,
2025-08-06T13:51:53.378350,-0.070312,0.015625,1.007812,-1,0.8860824254812231,-3.990408774127534,
2025-08-06T13:51:53.880935,-0.078125,0.015625,1.015625,-1,0.8788082160947002,-4.398186932818698,
2025-08-06T13:51:54.381790,-0.066406,0.011719,1.007812,-1,0.6647730957793557,-3.769587369095426,
2025-08-06T13:51:54.881066,-0.066406,0.019531,1.015625,-1,1.0993451870049025,-3.740233940400369,
2025-08-06T13:51:55.381252,-0.074219,0.015625,1.015625,-1,0.8790602804446449,-4.179091116786744,
2025-08-06T13:51:55.881427,-0.074219,0.011719,1.007812,-1,0.6644154165847265,-4.211586009682766,
2025-08-06T13:51:56.382345,-0.074219,0.019531,1.011719,-1,1.1029811491242274,-4.1948839424456885,
2025-08-06T13:51:56.881391,-0.082031,0.015625,1.015625,-1,0.8785434598731011,-4.617153946649332,
2025-08-06T13:51:57.385991,-0.074219,0.019531,1.015625,-1,1.0987627980003676,-4.178814021344229,
2025-08-06T13:51:57.888991,-0.074219,0.011719,1.015625,-1,0.6593319071763242,-4.179306677081632,
2025-08-06T13:51:58.384691,-0.074219,0.019531,1.015625,-1,1.0987627980003676,-4.178814021344229,
2025-08-06T13:51:58.884121,-0.074219,0.019531,1.015625,-1,1.0987627980003676,-4.178814021344229,
2025-08-06T13:51:59.388865,-0.074219,0.019531,1.019531,-1,1.0945765010030104,-4.162866514422745,
2025-08-06T13:51:59.882162,-0.074219,0.015625,1.011719,-1,0.8824354530316566,-4.195164247190032,
2025-08-06T13:52:00.387769,-0.074219,0.015625,1.011719,-1,0.8824354530316566,-4.195164247190032,
2025-08-06T13:52:00.883621,-0.078125,0.011719,1.015625,-1,0.6591428354176316,-4.398413707523402,
2025-08-06T13:52:01.384299,-0.074219,0.015625,1.015625,-1,0.8790602804446449,-4.179091116786744,
2025-08-06T13:52:01.884207,-0.078125,0.011719,1.015625,-1,0.6591428354176316,-4.398413707523402,
2025-08-06T13:52:02.387682,-0.074219,0.015625,1.015625,-1,0.8790602804446449,-4.179091116786744,
2025-08-06T13:52:02.888002,-0.074219,0.015625,1.011719,-1,0.8824354530316566,-4.195164247190032,
2025-08-06T13:52:03.491003,-0.074219,0.015625,1.011719,-1,0.8824354530316566,-4.195164247190032,
2025-08-06T13:52:03.896003,-0.066406,0.011719,1.015625,-1,0.6596814348035882,-3.7406752018940073,
2025-08-06T13:52:04.391582,-0.074219,0.019531,1.015625,-1,1.0987627980003676,-4.178814021344229,
2025-08-06T13:52:04.887505,-0.078125,0.015625,1.011719,-1,0.8821804749424016,-4.415096222521653,
2025-08-06T13:52:05.387727,-0.074219,0.019531,1.015625,-1,1.0987627980003676,-4.178814021344229,
2025-08-06T13:52:05.887819,-0.070312,0.015625,1.011719,-1,0.882677621000814,-3.975052001874419,
2025-08-06T13:52:06.390376,-0.078125,0.015625,1.007812,-1,0.8855795074738829,-4.432140136110196,
2025-08-06T13:52:06.891540,-0.070312,0.011719,1.007812,-1,0.6645991750243075,-3.990617870788554,
2025-08-06T13:52:07.391831,-0.074219,0.015625,1.011719,-1,0.8824354530316566,-4.195164247190032,
2025-08-06T13:52:07.897335,-0.074219,0.019531,1.023438,-1,1.0904208355486065,-4.147035994474838,
2025-08-06T13:52:08.394334,-0.074219,0.023438,1.019531,-1,1.3134663212654785,-4.1625316885074,
2025-08-06T13:52:08.894465,-0.070312,0.019531,1.015625,-1,1.0990620033875442,-3.959554007490287,
2025-08-06T13:52:09.396379,-0.074219,0.019531,1.011719,-1,1.1029811491242274,-4.1948839424456885,
2025-08-06T13:52:09.895888,-0.070312,0.015625,1.015625,-1,0.8792996795163592,-3.9598166591906674,
2025-08-06T13:52:10.397265,-0.074219,0.015625,1.015625,-1,0.8790602804446449,-4.179091116786744,
2025-08-06T13:52:10.897593,-0.070312,0.015625,1.023438,-1,0.8726197340321947,-3.929689254469079,
2025-08-06T13:52:11.405317,-0.074219,0.015625,1.011719,-1,0.8824354530316566,-4.195164247190032,
2025-08-06T13:52:11.897471,-0.070312,0.015625,1.015625,-1,0.8792996795163592,-3.9598166591906674,
2025-08-06T13:52:12.399297,-0.070312,0.015625,1.011719,-1,0.882677621000814,-3.975052001874419,
2025-08-06T13:52:12.901926,-0.074219,0.019531,1.015625,-1,1.0987627980003676,-4.178814021344229,
2025-08-06T13:52:13.398751,-0.070312,0.011719,1.011719,-1,0.6620452510160703,-3.975258693608283,
2025-08-06T13:52:13.897957,-0.074219,0.015625,1.007812,-1,0.885837445081153,-4.211365416252368,
2025-08-06T13:52:14.404142,-0.070312,0.019531,1.015625,-1,1.0990620033875442,-3.959554007490287,
2025-08-06T13:52:14.905898,-0.066406,0.015625,1.011719,-1,0.8829068228431354,-3.754878556396407,
2025-08-06T13:52:15.399923,-0.074219,0.019531,1.011719,-1,1.1029811491242274,-4.1948839424456885,
2025-08-06T13:52:15.900801,-0.074219,0.019531,1.011719,-1,1.1029811491242274,-4.1948839424456885,
2025-08-06T13:52:16.401965,-0.070312,0.011719,1.011719,-1,0.6620452510160703,-3.975258693608283,
2025-08-06T13:52:16.901963,-0.074219,0.019531,1.015625,-1,1.0987627980003676,-4.178814021344229,
2025-08-06T13:52:17.401963,-0.074219,0.015625,1.011719,-1,0.8824354530316566,-4.195164247190032,
2025-08-06T13:52:17.902906,-0.070312,0.019531,1.015625,-1,1.0990620033875442,-3.959554007490287,
2025-08-06T13:52:18.484019,-0.070312,0.023438,1.007812,-1,1.3290195583790962,-3.989811457540183,
2025-08-06T13:52:18.909019,-0.074219,0.015625,1.011719,-1,0.8824354530316566,-4.195164247190032,
2025-08-06T13:52:19.405634,-0.074219,0.015625,1.011719,-1,0.8824354530316566,-4.195164247190032,
2025-08-06T13:52:19.914417,-0.078125,0.019531,1.019531,-1,1.0942650524290611,-4.381118215754438,
2025-08-06T13:52:20.406645,-0.074219,0.019531,1.011719,-1,1.1029811491242274,-4.1948839424456885,
2025-08-06T13:52:20.906716,-0.074219,0.019531,1.015625,-1,1.0987627980003676,-4.178814021344229,
2025-08-06T13:52:21.409204,-0.074219,0.019531,1.015625,-1,1.0987627980003676,-4.178814021344229,
2025-08-06T13:52:21.906806,-0.074219,0.015625,1.007812,-1,0.885837445081153,-4.211365416252368,
2025-08-06T13:52:22.407419,-0.070312,0.011719,1.007812,-1,0.6645991750243075,-3.990617870788554,
2025-08-06T13:52:22.907658,-0.070312,0.019531,1.027344,-1,1.086586705885355,-3.9145446307984617,
2025-08-06T13:52:23.412240,-0.074219,0.015625,1.019531,-1,0.8757107582865988,-4.163140449323331,
2025-08-06T13:52:23.912045,-0.070312,0.011719,1.015625,-1,0.659511478806085,-3.9600209833076647,
2025-08-06T13:52:24.412953,-0.070312,0.015625,1.011719,-1,0.882677621000814,-3.975052001874419,
2025-08-06T13:52:24.911384,-0.074219,0.015625,1.011719,-1,0.8824354530316566,-4.195164247190032,
2025-08-06T13:52:25.414936,-0.066406,0.015625,1.015625,-1,0.8795262593266958,-3.740482129009342,
2025-08-06T13:52:25.914466,-0.078125,0.015625,1.007812,-1,0.8855795074738829,-4.432140136110196,
2025-08-06T13:52:26.417677,-0.066406,0.015625,1.003906,-1,0.8897472194815572,-3.78400967482739,
2025-08-06T13:52:26.927678,-0.078125,0.011719,1.011719,-1,0.6616723448247972,-4.41532562301725,
2025-08-06T13:52:27.420679,-0.078125,0.019531,1.015625,-1,1.0984477632909195,-4.397895421613334,
2025-08-06T13:52:27.917370,-0.074219,0.015625,1.019531,-1,0.8757107582865988,-4.163140449323331,
2025-08-06T13:52:28.417848,-0.070312,0.011719,1.015625,-1,0.659511478806085,-3.9600209833076647,
2025-08-06T13:52:28.919515,-0.078125,0.015625,1.015625,-1,0.8788082160947002,-4.398186932818698,
2025-08-06T13:52:29.416937,-0.074219,0.019531,1.019531,-1,1.0945765010030104,-4.162866514422745,
2025-08-06T13:52:29.928386,-0.074219,0.019531,1.011719,-1,1.1029811491242274,-4.1948839424456885,
2025-08-06T13:52:30.420433,-0.074219,0.015625,1.007812,-1,0.885837445081153,-4.211365416252368,
2025-08-06T13:52:30.923323,-0.074219,0.019531,1.019531,-1,1.0945765010030104,-4.162866514422745,
2025-08-06T13:52:31.422915,-0.078125,0.019531,1.011719,-1,1.1026624730935723,-4.414801336352567,
2025-08-06T13:52:31.927867,-0.078125,0.019531,1.011719,-1,1.1026624730935723,-4.414801336352567,
2025-08-06T13:52:32.423043,-0.078125,0.019531,1.011719,-1,1.1026624730935723,-4.414801336352567,
2025-08-06T13:52:32.922057,-0.078125,0.011719,1.011719,-1,0.6616723448247972,-4.41532562301725,
2025-08-06T13:52:33.494057,-0.074219,0.015625,1.011719,-1,0.8824354530316566,-4.195164247190032,
2025-08-06T13:52:33.923057,-0.074219,0.015625,1.011719,-1,0.8824354530316566,-4.195164247190032,
2025-08-06T13:52:34.641685,-0.070312,0.015625,1.003906,-1,0.8895126503967048,-4.005880476871976,
2025-08-06T13:52:34.925650,-0.074219,0.015625,1.007812,-1,0.885837445081153,-4.211365416252368,
2025-08-06T13:52:35.424797,-0.0625,0.015625,1.007812,-1,0.8865330738718554,-3.548258397085583,
2025-08-06T13:52:35.925545,-0.074219,0.015625,1.019531,-1,0.8757107582865988,-4.163140449323331,
2025-08-06T13:52:36.423846,-0.078125,0.011719,1.011719,-1,0.6616723448247972,-4.41532562301725,
2025-08-06T13:52:36.925371,-0.074219,0.015625,1.003906,-1,0.8892648146423924,-4.227687765693737,
2025-08-06T13:52:37.428988,-0.078125,0.011719,1.011719,-1,0.6616723448247972,-4.41532562301725,
2025-08-06T13:52:37.929825,-0.066406,0.015625,1.015625,-1,0.8795262593266958,-3.740482129009342,
2025-08-06T13:52:38.432207,-0.070312,0.019531,1.011719,-1,1.1032838148222464,-3.974786307045472,
2025-08-06T13:52:38.931244,-0.074219,0.015625,1.003906,-1,0.8892648146423924,-4.227687765693737,
2025-08-06T13:52:39.433000,-0.074219,0.015625,1.011719,-1,0.8824354530316566,-4.195164247190032,
2025-08-06T13:52:39.935790,-0.070312,0.015625,1.007812,-1,0.8860824254812231,-3.990408774127534,
2025-08-06T13:52:40.434252,-0.070312,0.019531,1.011719,-1,1.1032838148222464,-3.974786307045472,
2025-08-06T13:52:40.930462,-0.070312,0.015625,1.027344,-1,0.8693180067117757,-3.914798426430872,
2025-08-06T13:52:41.432932,-0.074219,0.015625,1.019531,-1,0.8757107582865988,-4.163140449323331,
2025-08-06T13:52:41.932931,-0.070312,0.015625,1.007812,-1,0.8860824254812231,-3.990408774127534,
2025-08-06T13:52:42.435930,-0.070312,0.011719,1.015625,-1,0.659511478806085,-3.9600209833076647,
2025-08-06T13:52:42.935936,-0.074219,0.015625,1.007812,-1,0.885837445081153,-4.211365416252368,
2025-08-06T13:52:43.459676,-0.078125,0.011719,1.015625,-1,0.6591428354176316,-4.398413707523402,
2025-08-06T13:52:43.937676,-0.074219,0.015625,1.015625,-1,0.8790602804446449,-4.179091116786744,
2025-08-06T13:52:44.438988,-0.066406,0.015625,1.019531,-1,0.876171428032863,-3.726195505459816,
2025-08-06T13:52:44.938477,-0.070312,0.015625,1.015625,-1,0.8792996795163592,-3.9598166591906674,
2025-08-06T13:52:45.581555,-0.074219,0.007812,1.011719,-1,0.4412156541442312,-4.195538116812858,
2025-08-06T13:52:46.126580,-0.074219,0.015625,1.015625,-1,0.8790602804446449,-4.179091116786744,
2025-08-06T13:52:46.721553,-0.070312,0.015625,1.015625,-1,0.8792996795163592,-3.9598166591906674,
2025-08-06T13:52:47.235552,-0.074219,0.011719,1.019531,-1,0.6568194542417054,-4.163353550657151,
2025-08-06T13:52:47.695551,-0.070312,0.015625,1.023438,-1,0.8726197340321947,-3.929689254469079,
2025-08-06T13:52:48.262640,-0.078125,0.019531,1.011719,-1,1.1026624730935723,-4.414801336352567,
2025-08-06T13:52:49.341640,-0.070312,0.015625,1.007812,-1,0.8860824254812231,-3.990408774127534,
2025-08-06T13:52:49.863130,-0.070312,0.015625,1.019531,-1,0.8759474304583958,-3.9446974592464015,
2025-08-06T13:52:50.285130,-0.074219,0.015625,1.015625,-1,0.8790602804446449,-4.179091116786744,
2025-08-06T13:52:50.802038,-0.078125,0.007812,1.027344,-1,0.4344187130006755,-4.348597296233935,
2025-08-06T13:52:51.352038,-0.070312,0.015625,1.015625,-1,0.8792996795163592,-3.9598166591906674,
2025-08-06T13:52:51.865957,-0.066406,0.015625,1.019531,-1,0.876171428032863,-3.726195505459816,
2025-08-07T12:42:43.083664,0.003906,0.011719,1.023438,-1,0.6560387701732742,0.2186566827176238,
2025-08-07T12:42:43.267664,-0.003906,0.015625,1.023438,-1,0.8746699746402803,-0.218645536959768,
2025-08-07T12:42:43.514664,0.003906,0.015625,1.019531,-1,0.8780212720239244,0.2194832158151633,
2025-08-07T12:42:43.760665,0.003906,0.011719,1.019531,-1,0.6585525540811924,0.2194944901765701,
2025-08-07T12:42:44.109001,0.003906,0.011719,1.015625,-1,0.6610850246801468,0.2203385252569125,
2025-08-07T12:42:44.457630,0.003906,0.015625,1.011719,-1,0.8847997491400248,0.2211775386640661,
2025-08-07T12:42:44.598630,0.003906,0.011719,1.011719,-1,0.6636370467315315,0.2211890761607455,
2025-08-07T12:42:44.839630,-0.003906,0.007812,1.011719,-1,0.4423979374283344,-0.2211973202646514,
2025-08-07T12:42:44.980630,0.003906,0.015625,1.023438,-1,0.8746699746402803,0.218645536959768,
2025-08-07T12:42:45.120630,-0.003906,0.007812,1.019531,-1,0.4390083141781417,-0.2195025462409984,
2025-08-07T12:42:45.472577,-0.003906,0.011719,1.015625,-1,0.6610850246801468,-0.2203385252569125,
2025-08-07T12:42:45.820030,0.003906,0.011719,1.015625,-1,0.6610850246801468,0.2203385252569125,
2025-08-07T12:42:45.972030,0.003906,0.015625,1.015625,-1,0.8813974792568712,0.2203271203396046,
2025-08-07T12:42:46.114031,0.003906,0.011719,1.019531,-1,0.6585525540811924,0.2194944901765701,
2025-08-07T12:42:46.358222,0.003906,0.019531,1.007812,-1,1.1102223499912978,0.2220197626139639,
2025-08-07T12:42:46.705260,0.003906,0.007812,1.019531,-1,0.4390083141781417,0.2195025462409984,
2025-08-07T12:42:47.058960,-0.003906,0.007812,1.019531,-1,0.4390083141781417,-0.2195025462409984,
2025-08-07T12:42:47.405961,-0.003906,0.007812,1.015625,-1,0.440696608244391,-0.2203466746180019,
2025-08-07T12:42:47.552959,0.003906,0.011719,1.011719,-1,0.6636370467315315,0.2211890761607455,
2025-08-07T12:42:47.803759,0.003906,0.015625,1.011719,-1,0.8847997491400248,0.2211775386640661,
2025-08-07T12:42:47.957771,0.003906,0.015625,1.015625,-1,0.8813974792568712,0.2203271203396046,
2025-08-07T12:42:48.105760,-0.003906,0.011719,1.019531,-1,0.6585525540811924,-0.2194944901765701,
2025-08-07T12:42:49.271165,0.003906,0.007812,1.015625,-1,0.440696608244391,0.2203466746180019,
2025-08-07T12:42:49.675679,0.003906,0.011719,1.015625,-1,0.6610850246801468,0.2203385252569125,
2025-08-07T12:42:49.957452,-0.003906,0.007812,1.023438,-1,0.4373324787034078,-0.2186646468807166,
2025-08-07T12:42:50.107453,0.003906,0.015625,1.011719,-1,0.8847997491400248,0.2211775386640661,
2025-08-07T12:42:50.316381,0.003906,0.007812,1.019531,-1,0.4390083141781417,0.2195025462409984,
2025-08-07T12:42:50.779453,-0.003906,0.015625,1.015625,-1,0.8813974792568712,-0.2203271203396046,
2025-08-07T12:42:50.923452,-0.003906,0.011719,1.019531,-1,0.6585525540811924,-0.2194944901765701,
2025-08-07T12:42:51.147453,-0.003906,0.011719,1.015625,-1,0.6610850246801468,-0.2203385252569125,
2025-08-07T12:42:51.328452,-0.003906,0.007812,1.011719,-1,0.4423979374283344,-0.2211973202646514,
2025-08-07T12:42:51.737620,-0.003906,0.011719,1.019531,-1,0.6585525540811924,-0.2194944901765701,
2025-08-07T12:42:51.942216,0.003906,0.011719,1.011719,-1,0.6636370467315315,0.2211890761607455,
2025-08-07T12:42:52.588666,-0.003906,0.011719,1.015625,-1,0.6610850246801468,-0.2203385252569125,
2025-08-07T12:42:52.841290,-0.003906,0.015625,1.019531,-1,0.8780212720239244,-0.2194832158151633,
2025-08-07T12:42:53.089856,0.003906,0.011719,1.023438,-1,0.6560387701732742,0.2186566827176238,
2025-08-07T12:42:53.330309,-0.003906,0.015625,1.015625,-1,0.8813974792568712,-0.2203271203396046,
2025-08-07T12:42:53.572928,0.003906,0.015625,1.023438,-1,0.8746699746402803,0.218645536959768,
2025-08-07T12:42:53.770928,0.003906,0.007812,1.015625,-1,0.440696608244391,0.2203466746180019,
2025-08-07T12:42:53.923929,-0.003906,0.011719,1.027344,-1,0.6535447393115237,-0.2178254582906934,
2025-08-07T12:42:54.270725,0.003906,0.007812,1.027344,-1,0.4356698126898492,0.2178333319679526,
2025-08-07T12:42:54.410726,0.003906,0.011719,1.027344,-1,0.6535447393115237,0.2178254582906934,
2025-08-07T12:42:54.554725,0.003906,0.011719,1.011719,-1,0.6636370467315315,0.2211890761607455,
2025-08-07T12:42:54.822746,-0.003906,0.011719,1.023438,-1,0.6560387701732742,-0.2186566827176238,
2025-08-07T12:42:54.970744,0.003906,0.011719,1.023438,-1,0.6560387701732742,0.2186566827176238,
2025-08-07T12:42:55.117744,0.003906,0.011719,1.019531,-1,0.6585525540811924,0.2194944901765701,
2025-08-07T12:42:55.281620,0.003906,0.015625,1.015625,-1,0.8813974792568712,0.2203271203396046,
2025-08-07T12:42:55.528873,0.003906,0.011719,1.015625,-1,0.6610850246801468,0.2203385252569125,
2025-08-07T12:42:56.189527,-0.003906,0.015625,1.015625,-1,0.8813974792568712,-0.2203271203396046,
2025-08-07T12:42:56.764526,0.003906,0.011719,1.015625,-1,0.6610850246801468,0.2203385252569125,
2025-08-07T12:42:57.214899,-0.003906,0.011719,1.011719,-1,0.6636370467315315,-0.2211890761607455,
2025-08-07T12:42:57.671920,-0.003906,0.007812,1.011719,-1,0.4423979374283344,-0.2211973202646514,
2025-08-07T12:42:58.035537,0.003906,0.011719,1.019531,-1,0.6585525540811924,0.2194944901765701,
2025-08-07T12:42:58.591237,-0.003906,0.011719,1.015625,-1,0.6610850246801468,-0.2203385252569125,
2025-08-07T12:42:59.141820,0.003906,0.015625,1.023438,-1,0.8746699746402803,0.218645536959768,
2025-08-07T12:42:59.403821,0.003906,0.015625,1.007812,-1,0.8882292657912181,0.222034766746131,
2025-08-07T12:42:59.559821,0.003906,0.019531,1.015625,-1,1.101683871375512,0.2203124597146971,
2025-08-07T12:42:59.708820,-0.003906,0.011719,1.019531,-1,0.6585525540811924,-0.2194944901765701,
2025-08-07T12:42:59.968830,-0.003906,0.011719,1.015625,-1,0.6610850246801468,-0.2203385252569125,
2025-08-07T12:43:00.143829,0.003906,0.011719,1.011719,-1,0.6636370467315315,0.2211890761607455,
2025-08-07T12:43:00.313829,-0.003906,0.015625,1.019531,-1,0.8780212720239244,-0.2194832158151633,
2025-08-07T12:43:00.674228,0.003906,0.011719,1.019531,-1,0.6585525540811924,0.2194944901765701,
2025-08-07T12:43:00.876226,-0.003906,0.007812,1.019531,-1,0.4390083141781417,-0.2195025462409984,
2025-08-07T12:43:01.031227,-0.003906,0.011719,1.027344,-1,0.6535447393115237,-0.2178254582906934,
2025-08-07T12:43:01.391984,-0.003906,0.007812,1.015625,-1,0.440696608244391,-0.2203466746180019,
2025-08-07T12:43:01.658982,-0.003906,0.011719,1.015625,-1,0.6610850246801468,-0.2203385252569125,
2025-08-07T12:43:01.875985,-0.003906,0.011719,1.03125,-1,0.6510695985569274,-0.2170005293006272,
2025-08-07T12:43:02.230499,-0.003906,0.011719,1.019531,-1,0.6585525540811924,-0.2194944901765701,
2025-08-07T12:43:02.416497,-0.003906,0.019531,1.019531,-1,1.09746422581127,-0.2194687229956665,
2025-08-07T12:43:02.795706,-0.003906,0.011719,1.019531,-1,0.6585525540811924,-0.2194944901765701,
2025-08-07T12:43:03.154706,-0.003906,0.011719,1.011719,-1,0.6636370467315315,-0.2211890761607455,
2025-08-07T12:43:03.846702,0.003906,0.011719,1.015625,-1,0.6610850246801468,0.2203385252569125,
2025-08-07T12:43:04.198703,0.003906,0.007812,1.015625,-1,0.440696608244391,0.2203466746180019,
2025-08-07T12:43:05.653753,-0.003906,0.015625,1.015625,-1,0.8813974792568712,-0.2203271203396046,
2025-08-07T12:43:05.817752,-0.003906,0.011719,1.015625,-1,0.6610850246801468,-0.2203385252569125,
2025-08-07T12:43:05.972753,0.003906,0.007812,1.023438,-1,0.4373324787034078,0.2186646468807166,
2025-08-07T12:43:06.146752,-0.003906,0.007812,1.015625,-1,0.440696608244391,-0.2203466746180019,
2025-08-07T12:43:06.406752,-0.003906,0.011719,1.015625,-1,0.6610850246801468,-0.2203385252569125,
2025-08-07T12:43:06.557753,0.003906,0.011719,1.023438,-1,0.6560387701732742,0.2186566827176238,
2025-08-07T12:43:06.698501,0.007812,0.015625,1.023438,-1,0.8746508678011791,0.4372847060532876,
2025-08-07T12:43:06.893511,-0.003906,0.011719,1.011719,-1,0.6636370467315315,-0.2211890761607455,
2025-08-07T12:43:07.268502,-0.003906,0.011719,1.015625,-1,0.6610850246801468,-0.2203385252569125,
2025-08-07T12:43:07.433506,-0.003906,0.007812,1.015625,-1,0.440696608244391,-0.2203466746180019,
2025-08-07T12:43:07.594502,-0.003906,0.015625,1.015625,-1,0.8813974792568712,-0.2203271203396046,
2025-08-07T12:43:07.941273,-0.003906,0.015625,1.015625,-1,0.8813974792568712,-0.2203271203396046,
2025-08-07T12:43:08.384744,-0.003906,0.011719,1.023438,-1,0.6560387701732742,-0.2186566827176238,
2025-08-07T12:43:08.638744,0.003906,0.015625,1.015625,-1,0.8813974792568712,0.2203271203396046,
2025-08-07T12:43:09.082602,-0.003906,0.015625,1.027344,-1,0.8713450088071322,-0.2178144391557953,
2025-08-07T12:43:09.227602,-0.003906,0.007812,1.019531,-1,0.4390083141781417,-0.2195025462409984,
2025-08-07T12:43:09.406601,-0.003906,0.011719,1.019531,-1,0.6585525540811924,-0.2194944901765701,
2025-08-07T12:43:09.783649,-0.003906,0.015625,1.023438,-1,0.8746699746402803,-0.218645536959768,
2025-08-07T12:43:10.071928,0.003906,0.011719,1.011719,-1,0.6636370467315315,0.2211890761607455,
2025-08-07T12:43:10.925950,0.003906,0.011719,1.019531,-1,0.6585525540811924,0.2194944901765701,
2025-08-07T12:43:11.506175,0.003906,0.007812,1.023438,-1,0.4373324787034078,0.2186646468807166,
2025-08-07T12:43:12.121665,0.003906,0.007812,1.015625,-1,0.440696608244391,0.2203466746180019,
2025-08-07T12:43:12.689379,-0.003906,0.015625,1.019531,-1,0.8780212720239244,-0.2194832158151633,
2025-08-07T12:43:12.895378,0.003906,0.015625,1.027344,-1,0.8713450088071322,0.2178144391557953,
2025-08-07T12:43:13.173377,0.003906,0.015625,1.015625,-1,0.8813974792568712,0.2203271203396046,
2025-08-07T12:43:14.086968,0.003906,0.019531,1.023438,-1,1.0932757087945513,0.2186312094366695,
2025-08-07T12:43:14.338971,-0.003906,0.011719,1.015625,-1,0.6610850246801468,-0.2203385252569125,
2025-08-07T12:43:14.842905,0.003906,0.011719,1.011719,-1,0.6636370467315315,0.2211890761607455,
2025-08-07T12:43:15.106705,-0.003906,0.011719,1.011719,-1,0.6636370467315315,-0.2211890761607455,
2025-08-07T12:43:16.391182,-0.003906,0.011719,1.015625,-1,0.6610850246801468,-0.2203385252569125,
2025-08-07T12:43:16.737182,-0.003906,0.011719,1.023438,-1,0.6560387701732742,-0.2186566827176238,
2025-08-07T12:43:17.080126,0.003906,0.015625,1.015625,-1,0.8813974792568712,0.2203271203396046,
2025-08-07T12:43:17.321188,-0.007812,0.011719,1.019531,-1,0.6585380568074828,-0.4389825380248408,
2025-08-07T12:43:17.470188,-0.003906,0.011719,1.007812,-1,0.6662095084908791,-0.2220464389197426,
2025-08-07T12:43:17.617189,-0.003906,0.015625,1.011719,-1,0.8847997491400248,-0.2211775386640661,
2025-08-07T12:43:17.975134,0.003906,0.007812,1.015625,-1,0.440696608244391,0.2203466746180019,
2025-08-07T12:43:18.320196,-0.003906,0.011719,1.019531,-1,0.6585525540811924,-0.2194944901765701,
2025-08-07T12:43:18.465196,0.003906,0.015625,1.015625,-1,0.8813974792568712,0.2203271203396046,
2025-08-07T12:43:18.711198,0.003906,0.011719,1.019531,-1,0.6585525540811924,0.2194944901765701,
2025-08-07T12:43:18.877196,0.003906,0.007812,1.011719,-1,0.4423979374283344,0.2211973202646514,
2025-08-07T12:43:19.039196,0.003906,0.011719,1.019531,-1,0.6585525540811924,0.2194944901765701,
2025-08-07T12:43:19.293009,-0.003906,0.007812,1.019531,-1,0.4390083141781417,-0.2195025462409984,
2025-08-07T12:43:19.741165,-0.003906,0.011719,1.019531,-1,0.6585525540811924,-0.2194944901765701,
2025-08-07T12:43:19.915169,0.003906,0.015625,1.019531,-1,0.8780212720239244,0.2194832158151633,
2025-08-07T12:43:20.470348,-0.003906,0.015625,1.019531,-1,0.8780212720239244,-0.2194832158151633,
2025-08-07T12:43:20.615337,0.003906,0.011719,1.027344,-1,0.6535447393115237,0.2178254582906934,
2025-08-07T12:43:21.095973,0.007812,0.007812,1.015625,-1,0.4406868315807243,0.4406868315807243,
2025-08-07T12:43:21.250972,0.003906,0.011719,1.011719,-1,0.6636370467315315,0.2211890761607455,
2025-08-07T12:43:21.841957,-0.003906,0.011719,1.015625,-1,0.6610850246801468,-0.2203385252569125,
2025-08-07T12:43:22.296999,0.003906,0.019531,1.015625,-1,1.101683871375512,0.2203124597146971,
2025-08-07T12:43:22.979498,-0.003906,0.011719,1.023438,-1,0.6560387701732742,-0.2186566827176238,
2025-08-07T12:43:23.410268,0.003906,0.011719,1.023438,-1,0.6560387701732742,0.2186566827176238,
2025-08-07T12:43:23.909137,0.007812,0.007812,1.023438,-1,0.4373229242253906,0.4373229242253906,
2025-08-07T12:43:24.066136,-0.003906,0.011719,1.015625,-1,0.6610850246801468,-0.2203385252569125,
2025-08-07T12:43:24.317136,-0.003906,0.011719,1.019531,-1,0.6585525540811924,-0.2194944901765701,
2025-08-07T12:43:24.589836,-0.003906,0.011719,1.011719,-1,0.6636370467315315,-0.2211890761607455,
2025-08-07T12:43:24.836873,0.003906,0.011719,1.015625,-1,0.6610850246801468,0.2203385252569125,
2025-08-07T12:43:25.097836,-0.003906,0.011719,1.015625,-1,0.6610850246801468,-0.2203385252569125,
2025-08-07T12:43:25.242836,-0.003906,0.011719,1.023438,-1,0.6560387701732742,-0.2186566827176238,
2025-08-07T12:43:25.690646,-0.003906,0.015625,1.023438,-1,0.8746699746402803,-0.218645536959768,
2025-08-07T12:43:25.937026,0.003906,0.011719,1.011719,-1,0.6636370467315315,0.2211890761607455,
2025-08-07T12:43:26.983224,0.003906,0.007812,1.011719,-1,0.4423979374283344,0.2211973202646514,
2025-08-07T12:43:27.124224,0.003906,0.007812,1.011719,-1,0.4423979374283344,0.2211973202646514,
2025-08-07T12:43:27.469224,-0.003906,0.011719,1.019531,-1,0.6585525540811924,-0.2194944901765701,
2025-08-07T12:43:27.616224,-0.003906,0.007812,1.019531,-1,0.4390083141781417,-0.2195025462409984,
2025-08-07T12:43:27.863860,-0.003906,0.011719,1.019531,-1,0.6585525540811924,-0.2194944901765701,
2025-08-07T12:43:28.014860,0.003906,0.011719,1.019531,-1,0.6585525540811924,0.2194944901765701,
2025-08-07T12:43:28.157861,-0.003906,0.011719,1.023438,-1,0.6560387701732742,-0.2186566827176238,
2025-08-07T12:43:28.340860,0.003906,0.011719,1.019531,-1,0.6585525540811924,0.2194944901765701,
2025-08-07T12:43:28.693862,0.003906,0.011719,1.023438,-1,0.6560387701732742,0.2186566827176238,
2025-08-07T12:43:29.040996,-0.003906,0.011719,1.011719,-1,0.6636370467315315,-0.2211890761607455,
2025-08-07T12:43:29.283642,-0.003906,0.011719,1.019531,-1,0.6585525540811924,-0.2194944901765701,
2025-08-07T12:43:29.829847,-0.003906,0.007812,1.015625,-1,0.440696608244391,-0.2203466746180019,
2025-08-07T12:43:30.079126,-0.003906,0.007812,1.019531,-1,0.4390083141781417,-0.2195025462409984,
2025-08-07T12:43:30.732190,-0.003906,0.015625,1.019531,-1,0.8780212720239244,-0.2194832158151633,
2025-08-07T12:43:30.911191,-0.003906,0.011719,1.015625,-1,0.6610850246801468,-0.2203385252569125,
2025-08-07T12:43:31.162954,-0.003906,0.015625,1.023438,-1,0.8746699746402803,-0.218645536959768,
2025-08-07T12:43:31.409476,-0.003906,0.011719,1.023438,-1,0.6560387701732742,-0.2186566827176238,
2025-08-07T12:43:32.058108,0.003906,0.015625,1.019531,-1,0.8780212720239244,0.2194832158151633,
2025-08-07T12:43:32.216108,-0.003906,0.015625,1.015625,-1,0.8813974792568712,-0.2203271203396046,
2025-08-07T12:43:32.462157,-0.003906,0.015625,1.019531,-1,0.8780212720239244,-0.2194832158151633,
2025-08-07T12:43:32.706024,-0.003906,0.011719,1.015625,-1,0.6610850246801468,-0.2203385252569125,
2025-08-07T12:43:32.955161,0.003906,0.015625,1.011719,-1,0.8847997491400248,0.2211775386640661,
2025-08-07T12:43:33.220675,-0.003906,0.011719,1.007812,-1,0.6662095084908791,-0.2220464389197426,
2025-08-07T12:43:33.402675,0.003906,0.003906,1.019531,-1,0.2195073788206799,0.2195073788206799,
2025-08-07T12:43:33.792260,-0.003906,0.011719,1.027344,-1,0.6535447393115237,-0.2178254582906934,
2025-08-07T12:43:33.951259,0.003906,0.011719,1.011719,-1,0.6636370467315315,0.2211890761607455,
2025-08-07T12:43:34.600541,0.003906,0.007812,1.007812,-1,0.4441128939204043,0.2220547792655734,
2025-08-07T12:43:34.847552,0.003906,0.015625,1.011719,-1,0.8847997491400248,0.2211775386640661,
2025-08-07T12:43:35.346732,-0.003906,0.015625,1.015625,-1,0.8813974792568712,-0.2203271203396046,
2025-08-07T12:43:35.523735,-0.003906,0.007812,1.023438,-1,0.4373324787034078,-0.2186646468807166,
2025-08-07T12:43:35.976776,-0.003906,0.007812,1.019531,-1,0.4390083141781417,-0.2195025462409984,
2025-08-07T12:43:36.138999,-0.007812,0.015625,1.015625,-1,0.8813779281484703,-0.4406477247589351,
2025-08-07T12:43:36.383662,0.003906,0.011719,1.015625,-1,0.6610850246801468,0.2203385252569125,
2025-08-07T12:43:36.735215,-0.003906,0.007812,1.019531,-1,0.4390083141781417,-0.2195025462409984,
2025-08-07T12:43:36.927219,0.003906,0.011719,1.023438,-1,0.6560387701732742,0.2186566827176238,
2025-08-07T12:43:37.173648,0.003906,0.007812,1.015625,-1,0.440696608244391,0.2203466746180019,
2025-08-07T12:43:37.345653,-0.003906,0.011719,1.019531,-1,0.6585525540811924,-0.2194944901765701,
2025-08-07T12:43:37.593648,0.003906,0.019531,1.019531,-1,1.09746422581127,0.2194687229956665,
2025-08-07T12:43:37.841649,0.007812,0.011719,1.015625,-1,0.6610703595179453,0.4406705335816567,
2025-08-07T12:43:38.088137,0.007812,0.011719,1.019531,-1,0.6585380568074828,0.4389825380248408,
2025-08-07T12:43:38.238134,0.003906,0.011719,1.011719,-1,0.6636370467315315,0.2211890761607455,
2025-08-07T12:43:38.587615,0.003906,0.011719,1.023438,-1,0.6560387701732742,0.2186566827176238,
2025-08-07T12:43:39.037102,-0.003906,0.007812,1.015625,-1,0.440696608244391,-0.2203466746180019,
2025-08-07T12:43:39.513657,0.003906,0.015625,1.019531,-1,0.8780212720239244,0.2194832158151633,
2025-08-07T12:43:39.660657,-0.003906,0.015625,1.023438,-1,0.8746699746402803,-0.218645536959768,
2025-08-07T12:43:39.909660,-0.003906,0.011719,1.011719,-1,0.6636370467315315,-0.2211890761607455,
2025-08-07T12:43:40.368666,-0.003906,0.015625,1.019531,-1,0.8780212720239244,-0.2194832158151633,
2025-08-07T12:43:40.532664,-0.003906,0.007812,1.019531,-1,0.4390083141781417,-0.2195025462409984,
2025-08-07T12:43:40.679664,0.003906,0.015625,1.027344,-1,0.8713450088071322,0.2178144391557953,
2025-08-07T12:43:40.904663,-0.003906,0.011719,1.011719,-1,0.6636370467315315,-0.2211890761607455,
2025-08-07T12:43:41.293340,-0.003906,0.011719,1.019531,-1,0.6585525540811924,-0.2194944901765701,
2025-08-07T12:43:41.845364,-0.003906,0.011719,1.027344,-1,0.6535447393115237,-0.2178254582906934,
2025-08-07T12:43:42.017363,-0.003906,0.011719,1.023438,-1,0.6560387701732742,-0.2186566827176238,
2025-08-07T12:43:42.201363,-0.003906,-0.003906,1.042969,-1,-0.2145746413182301,-0.2145746413182301,
2025-08-07T12:43:42.650679,0.003906,0.015625,1.015625,-1,0.8813974792568712,0.2203271203396046,
2025-08-07T12:43:42.928680,0.007812,0.015625,1.007812,-1,0.8882092565333266,0.4440628648927684,
2025-08-07T12:43:43.603679,-0.003906,0.011719,1.007812,-1,0.6662095084908791,-0.2220464389197426,
2025-08-07T12:43:43.788681,-0.003906,0.011719,1.015625,-1,0.6610850246801468,-0.2203385252569125,
2025-08-07T12:43:44.074679,-0.003906,0.011719,1.019531,-1,0.6585525540811924,-0.2194944901765701,
2025-08-07T12:43:44.960129,0.003906,0.015625,1.027344,-1,0.8713450088071322,0.2178144391557953,
2025-08-07T12:43:45.143129,0.003906,0.011719,1.027344,-1,0.6535447393115237,0.2178254582906934,
2025-08-07T12:43:45.509686,0.003906,0.019531,1.019531,-1,1.09746422581127,0.2194687229956665,
2025-08-07T12:43:45.743682,-0.003906,0.011719,1.027344,-1,0.6535447393115237,-0.2178254582906934,
2025-08-07T12:43:45.921683,0.003906,0.011719,1.015625,-1,0.6610850246801468,0.2203385252569125,
2025-08-07T12:43:46.086682,0.007812,0.011719,1.011719,-1,0.6636222110785278,0.4423715596291307,
2025-08-07T12:43:46.675267,-0.003906,0.011719,1.019531,-1,0.6585525540811924,-0.2194944901765701,
2025-08-07T12:43:47.032266,-0.003906,0.015625,1.019531,-1,0.8780212720239244,-0.2194832158151633,
2025-08-07T12:43:47.368268,-0.003906,0.007812,1.019531,-1,0.4390083141781417,-0.2195025462409984,
2025-08-07T12:43:47.928127,0.003906,0.015625,1.027344,-1,0.8713450088071322,0.2178144391557953,
2025-08-07T12:43:48.079127,-0.003906,0.011719,1.015625,-1,0.6610850246801468,-0.2203385252569125,
2025-08-07T12:43:48.330595,0.003906,0.011719,1.03125,-1,0.6510695985569274,0.2170005293006272,
2025-08-07T12:43:48.908197,-0.007812,0.007812,1.003906,-1,0.4458306307379863,-0.4458306307379863,
2025-08-07T12:43:49.063197,0.003906,0.019531,1.015625,-1,1.101683871375512,0.2203124597146971,
2025-08-07T12:43:49.432030,0.003906,0.011719,1.015625,-1,0.6610850246801468,0.2203385252569125,
2025-08-07T12:43:49.707028,0.003906,0.003906,1.011719,-1,0.2212022656500535,0.2212022656500535,
2025-08-07T12:43:49.962425,-0.003906,0.011719,1.019531,-1,0.6585525540811924,-0.2194944901765701,
2025-08-07T12:43:50.135424,0.003906,0.015625,1.027344,-1,0.8713450088071322,0.2178144391557953,
2025-08-07T12:43:50.612877,-0.003906,0.015625,1.015625,-1,0.8813974792568712,-0.2203271203396046,
2025-08-07T12:43:50.877877,-0.003906,0.019531,1.015625,-1,1.101683871375512,-0.2203124597146971,
2025-08-07T12:43:51.035886,-0.003906,0.019531,1.023438,-1,1.0932757087945513,-0.2186312094366695,
2025-08-07T12:43:51.290413,0.003906,0.011719,1.023438,-1,0.6560387701732742,0.2186566827176238,
2025-08-07T12:43:52.253448,-0.003906,0.003906,1.015625,-1,0.220351563166734,-0.220351563166734,
2025-08-07T12:43:52.431449,0.003906,0.007812,1.011719,-1,0.4423979374283344,0.2211973202646514,
2025-08-07T12:43:52.897697,-0.003906,0.011719,1.023438,-1,0.6560387701732742,-0.2186566827176238,
2025-08-07T12:43:53.079708,-0.003906,0.015625,1.027344,-1,0.8713450088071322,-0.2178144391557953,
2025-08-07T12:43:53.281707,0.003906,0.007812,1.015625,-1,0.440696608244391,0.2203466746180019,
2025-08-07T12:43:53.759710,-0.003906,0.015625,1.019531,-1,0.8780212720239244,-0.2194832158151633,
2025-08-07T12:43:54.237738,-0.003906,0.007812,1.011719,-1,0.4423979374283344,-0.2211973202646514,
2025-08-07T12:43:54.808736,0.003906,0.011719,1.007812,-1,0.6662095084908791,0.2220464389197426,
2025-08-07T12:43:55.593260,-0.003906,0.007812,1.019531,-1,0.4390083141781417,-0.2195025462409984,
2025-08-07T12:43:55.833262,0.003906,0.015625,1.015625,-1,0.8813974792568712,0.2203271203396046,
2025-08-07T12:43:56.320263,0.003906,0.011719,1.011719,-1,0.6636370467315315,0.2211890761607455,
2025-08-07T12:43:56.880294,-0.003906,0.011719,1.011719,-1,0.6636370467315315,-0.2211890761607455,
2025-08-07T12:43:57.049296,0.003906,0.011719,1.011719,-1,0.6636370467315315,0.2211890761607455,
2025-08-07T12:43:57.611491,-0.003906,0.011719,1.027344,-1,0.6535447393115237,-0.2178254582906934,
2025-08-07T12:43:58.066665,0.003906,0.007812,1.019531,-1,0.4390083141781417,0.2195025462409984,
2025-08-07T12:43:58.853703,0.003906,0.015625,1.019531,-1,0.8780212720239244,0.2194832158151633,
2025-08-07T12:43:59.204667,0.003906,0.007812,1.023438,-1,0.4373324787034078,0.2186646468807166,
2025-08-07T12:43:59.387671,0.003906,0.015625,1.019531,-1,0.8780212720239244,0.2194832158151633,
2025-08-07T12:43:59.754668,0.003906,0.015625,1.011719,-1,0.8847997491400248,0.2211775386640661,
2025-08-07T12:43:59.929674,-0.003906,0.011719,1.011719,-1,0.6636370467315315,-0.2211890761607455,
2025-08-07T12:44:00.115676,0.003906,0.011719,1.007812,-1,0.6662095084908791,0.2220464389197426,
2025-08-07T12:44:00.371345,-0.003906,0.007812,1.015625,-1,0.440696608244391,-0.2203466746180019,
2025-08-07T12:44:00.728567,0.007812,0.007812,1.015625,-1,0.4406868315807243,0.4406868315807243,
2025-08-07T12:44:01.117719,0.003906,0.011719,1.015625,-1,0.6610850246801468,0.2203385252569125,
2025-08-07T12:44:01.297494,-0.003906,0.011719,1.027344,-1,0.6535447393115237,-0.2178254582906934,
2025-08-07T12:44:01.467493,0.003906,0.015625,1.015625,-1,0.8813974792568712,0.2203271203396046,
2025-08-07T12:44:01.629494,0.003906,0.011719,1.015625,-1,0.6610850246801468,0.2203385252569125,
2025-08-07T12:44:01.882494,-0.003906,0.015625,1.015625,-1,0.8813974792568712,-0.2203271203396046,
2025-08-07T12:44:02.359639,0.003906,0.007812,1.023438,-1,0.4373324787034078,0.2186646468807166,
2025-08-07T12:44:03.021638,0.003906,0.019531,1.019531,-1,1.09746422581127,0.2194687229956665,
2025-08-07T12:44:03.371111,-0.003906,0.015625,1.03125,-1,0.8680452241501071,-0.216989634877993,
2025-08-07T12:44:03.832507,0.003906,0.015625,1.015625,-1,0.8813974792568712,0.2203271203396046,
2025-08-07T12:44:04.007507,-0.003906,0.011719,1.015625,-1,0.6610850246801468,-0.2203385252569125,
2025-08-07T12:44:04.367507,-0.003906,0.011719,1.023438,-1,0.6560387701732742,-0.2186566827176238,
2025-08-07T12:44:04.623510,0.007812,0.011719,1.019531,-1,0.6585380568074828,0.4389825380248408,
2025-08-07T12:44:04.998507,0.003906,0.011719,1.015625,-1,0.6610850246801468,0.2203385252569125,
2025-08-07T12:44:05.370507,0.003906,0.007812,1.019531,-1,0.4390083141781417,0.2195025462409984,
2025-08-07T12:44:06.842418,-0.003906,0.007812,1.011719,-1,0.4423979374283344,-0.2211973202646514,
2025-08-07T12:44:06.987418,-0.019531,0.011719,1.011719,-1,0.6635183767042806,-1.105870158926549,
2025-08-07T12:44:07.133420,-0.007812,0.015625,1.023438,-1,0.8746508678011791,-0.4372847060532876,
2025-08-07T12:44:07.310875,0.011719,0.011719,0.992188,-1,0.6766572411445098,0.6766572411445098,
2025-08-07T12:44:07.567896,0.011719,0.003906,1.082031,-1,0.2068177512196987,0.620516984936324,
2025-08-07T12:44:07.742896,-0.003906,0.023438,1.03125,-1,1.3019711020950449,-0.2169585128990087,
2025-08-07T12:44:07.905896,0.007812,0.011719,1.027344,-1,0.6535305702459574,0.4356446200976454,
2025-08-07T12:44:08.193859,-0.003906,0.007812,1.011719,-1,0.4423979374283344,-0.2211973202646514,
2025-08-07T12:44:08.340859,0.007812,0.011719,1.011719,-1,0.6636222110785278,0.4423715596291307,
2025-08-07T12:44:08.494859,0.003906,0.011719,1.0,-1,0.671413383494461,0.2237808108615773,
2025-08-07T12:44:08.745134,-0.003906,0.011719,1.019531,-1,0.6585525540811924,-0.2194944901765701,
2025-08-07T12:44:08.904133,-0.003906,0.011719,1.015625,-1,0.6610850246801468,-0.2203385252569125,
2025-08-07T12:44:09.248900,-0.003906,0.011719,1.011719,-1,0.6636370467315315,-0.2211890761607455,
2025-08-07T12:44:09.399900,-0.003906,0.019531,1.015625,-1,1.101683871375512,-0.2203124597146971,
2025-08-07T12:44:09.654656,0.007812,0.011719,1.019531,-1,0.6585380568074828,0.4389825380248408,
2025-08-07T12:44:10.066411,0.003906,0.015625,1.019531,-1,0.8780212720239244,0.2194832158151633,
2025-08-07T12:44:10.318409,-0.003906,0.011719,1.015625,-1,0.6610850246801468,-0.2203385252569125,
2025-08-07T12:44:10.803409,0.003906,0.011719,1.011719,-1,0.6636370467315315,0.2211890761607455,
2025-08-07T12:44:11.272642,0.003906,0.007812,1.019531,-1,0.4390083141781417,0.2195025462409984,
2025-08-07T12:44:11.748642,-0.003906,0.011719,1.011719,-1,0.6636370467315315,-0.2211890761607455,
2025-08-07T12:44:12.006642,0.003906,0.019531,1.015625,-1,1.101683871375512,0.2203124597146971,
2025-08-07T12:44:12.221006,0.003906,0.015625,1.019531,-1,0.8780212720239244,0.2194832158151633,
2025-08-07T12:44:12.378005,-0.003906,0.011719,1.023438,-1,0.6560387701732742,-0.2186566827176238,
2025-08-07T12:44:12.937119,0.003906,0.007812,1.011719,-1,0.4423979374283344,0.2211973202646514,
2025-08-07T12:44:13.122119,0.003906,0.011719,1.011719,-1,0.6636370467315315,0.2211890761607455,
2025-08-07T12:44:13.475108,-0.003906,0.007812,1.015625,-1,0.440696608244391,-0.2203466746180019,
2025-08-07T12:44:13.639107,0.003906,0.011719,1.011719,-1,0.6636370467315315,0.2211890761607455,
2025-08-07T12:44:14.088302,0.003906,0.015625,1.019531,-1,0.8780212720239244,0.2194832158151633,
2025-08-07T12:44:14.344428,0.003906,0.019531,1.019531,-1,1.09746422581127,0.2194687229956665,
2025-08-07T12:44:14.600671,0.003906,0.019531,1.015625,-1,1.101683871375512,0.2203124597146971,
2025-08-07T12:44:14.790171,0.003906,0.011719,1.019531,-1,0.6585525540811924,0.2194944901765701,
2025-08-07T12:44:15.983131,-0.003906,0.015625,1.023438,-1,0.8746699746402803,-0.218645536959768,
2025-08-07T12:44:16.676130,0.003906,0.015625,1.019531,-1,0.8780212720239244,0.2194832158151633,
2025-08-07T12:44:16.891133,-0.003906,0.003906,0.996094,-1,0.2246720160048103,-0.2246720160048103,
2025-08-07T12:44:17.589172,0.003906,0.015625,1.023438,-1,0.8746699746402803,0.218645536959768,
2025-08-07T12:44:17.794175,-0.003906,0.011719,1.015625,-1,0.6610850246801468,-0.2203385252569125,
2025-08-07T12:44:18.066981,-0.003906,0.011719,1.023438,-1,0.6560387701732742,-0.2186566827176238,
2025-08-07T12:44:18.321001,-0.003906,0.011719,1.015625,-1,0.6610850246801468,-0.2203385252569125,
2025-08-07T12:44:18.982052,-0.003906,0.007812,1.007812,-1,0.4441128939204043,-0.2220547792655734,
2025-08-07T12:44:19.146052,0.003906,0.011719,1.015625,-1,0.6610850246801468,0.2203385252569125,
2025-08-07T12:44:19.400754,0.003906,0.011719,1.019531,-1,0.6585525540811924,0.2194944901765701,
2025-08-07T12:44:20.864675,-0.003906,0.015625,1.015625,-1,0.8813974792568712,-0.2203271203396046,
2025-08-07T12:44:21.116675,-0.003906,0.015625,1.015625,-1,0.8813974792568712,-0.2203271203396046,
2025-08-07T12:44:21.474762,0.003906,0.011719,1.019531,-1,0.6585525540811924,0.2194944901765701,
2025-08-07T12:44:21.810980,0.003906,0.015625,1.019531,-1,0.8780212720239244,0.2194832158151633,
2025-08-07T12:44:22.188139,-0.003906,0.007812,1.015625,-1,0.440696608244391,-0.2203466746180019,
2025-08-07T12:44:22.386130,-0.003906,0.011719,1.019531,-1,0.6585525540811924,-0.2194944901765701,
2025-08-07T12:44:22.598849,-0.003906,0.011719,1.007812,-1,0.6662095084908791,-0.2220464389197426,
2025-08-07T12:44:22.862892,-0.003906,0.007812,1.023438,-1,0.4373324787034078,-0.2186646468807166,
2025-08-07T12:44:23.113517,-0.011719,-0.003906,1.035156,-1,-0.216181824502603,-0.6486131341157197,
2025-08-07T12:44:23.370153,0.003906,0.007812,1.019531,-1,0.4390083141781417,0.2195025462409984,
2025-08-07T12:44:23.522154,-0.003906,0.007812,1.015625,-1,0.440696608244391,-0.2203466746180019,
2025-08-07T12:44:23.729153,0.003906,0.007812,1.011719,-1,0.4423979374283344,0.2211973202646514,
2025-08-07T12:44:23.997027,-0.003906,0.011719,1.011719,-1,0.6636370467315315,-0.2211890761607455,
2025-08-07T12:44:24.259029,0.003906,0.015625,1.015625,-1,0.8813974792568712,0.2203271203396046,
2025-08-07T12:44:24.435030,-0.003906,0.011719,1.011719,-1,0.6636370467315315,-0.2211890761607455,
2025-08-07T12:44:24.587029,0.003906,0.011719,1.015625,-1,0.6610850246801468,0.2203385252569125,
2025-08-07T12:44:25.146693,-0.003906,0.007812,1.03125,-1,0.4340197408272678,-0.2170083138575979,
2025-08-07T12:44:25.335694,0.003906,0.007812,1.023438,-1,0.4373324787034078,0.2186646468807166,
2025-08-07T12:44:25.587420,0.003906,0.011719,1.019531,-1,0.6585525540811924,0.2194944901765701,
2025-08-07T12:44:25.764420,0.003906,0.011719,1.019531,-1,0.6585525540811924,0.2194944901765701,
2025-08-07T12:44:25.934421,-0.003906,0.011719,1.011719,-1,0.6636370467315315,-0.2211890761607455,
2025-08-07T12:44:26.191199,0.003906,0.011719,1.019531,-1,0.6585525540811924,0.2194944901765701,
2025-08-07T12:44:26.344337,0.003906,0.007812,1.015625,-1,0.440696608244391,0.2203466746180019,
2025-08-07T12:44:26.502199,0.003906,0.015625,1.023438,-1,0.8746699746402803,0.218645536959768,
2025-08-07T12:44:26.666200,-0.011719,0.023438,1.011719,-1,1.327016974613099,-0.6634639956325755,
2025-08-07T12:44:26.855199,0.003906,0.007812,1.015625,-1,0.440696608244391,0.2203466746180019,
2025-08-07T12:44:27.009198,-0.003906,0.015625,1.015625,-1,0.8813974792568712,-0.2203271203396046,
2025-08-07T12:44:27.190199,0.003906,0.011719,1.019531,-1,0.6585525540811924,0.2194944901765701,
2025-08-07T12:44:27.850811,-0.003906,0.015625,1.007812,-1,0.8882292657912181,-0.222034766746131,
2025-08-07T12:44:28.322605,-0.003906,0.019531,1.011719,-1,1.105936086165227,-0.2211627076333394,
2025-08-07T12:44:28.690515,-0.003906,0.011719,1.019531,-1,0.6585525540811924,-0.2194944901765701,
2025-08-07T12:44:29.048944,0.003906,0.015625,1.03125,-1,0.8680452241501071,0.216989634877993,
2025-08-07T12:44:29.241944,-0.003906,0.011719,1.019531,-1,0.6585525540811924,-0.2194944901765701,
2025-08-07T12:44:29.400945,-0.003906,0.011719,1.015625,-1,0.6610850246801468,-0.2203385252569125,
2025-08-07T12:44:29.860479,0.003906,0.011719,1.019531,-1,0.6585525540811924,0.2194944901765701,
2025-08-07T12:44:30.116247,0.003906,0.011719,1.019531,-1,0.6585525540811924,0.2194944901765701,
2025-08-07T12:44:30.471663,0.003906,0.015625,1.011719,-1,0.8847997491400248,0.2211775386640661,
2025-08-07T12:44:30.836131,-0.003906,0.011719,1.011719,-1,0.6636370467315315,-0.2211890761607455,
2025-08-07T12:44:31.293650,0.003906,0.011719,1.015625,-1,0.6610850246801468,0.2203385252569125,
2025-08-07T12:44:31.544682,-0.003906,0.007812,1.015625,-1,0.440696608244391,-0.2203466746180019,
2025-08-07T12:44:32.004307,0.003906,0.011719,1.015625,-1,0.6610850246801468,0.2203385252569125,
2025-08-07T12:44:32.254953,0.003906,0.015625,1.027344,-1,0.8713450088071322,0.2178144391557953,
2025-08-07T12:44:32.401953,-0.003906,0.011719,1.019531,-1,0.6585525540811924,-0.2194944901765701,
2025-08-07T12:44:32.861561,0.003906,0.007812,1.015625,-1,0.440696608244391,0.2203466746180019,
2025-08-07T12:44:33.214589,0.003906,0.007812,1.011719,-1,0.4423979374283344,0.2211973202646514,
2025-08-07T12:44:33.361590,-0.003906,0.007812,1.019531,-1,0.4390083141781417,-0.2195025462409984,
2025-08-07T12:44:33.616620,0.003906,0.007812,1.019531,-1,0.4390083141781417,0.2195025462409984,
2025-08-07T12:44:34.268328,0.003906,0.015625,1.015625,-1,0.8813974792568712,0.2203271203396046,
2025-08-07T12:44:34.416328,-0.003906,0.011719,1.019531,-1,0.6585525540811924,-0.2194944901765701,
2025-08-07T12:44:34.565328,0.003906,0.011719,1.023438,-1,0.6560387701732742,0.2186566827176238,
2025-08-07T12:44:34.740329,0.003906,0.007812,1.019531,-1,0.4390083141781417,0.2195025462409984,
2025-08-07T12:44:35.003329,-0.003906,0.015625,1.027344,-1,0.8713450088071322,-0.2178144391557953,
2025-08-07T12:44:35.155339,-0.015625,0.003906,1.039062,-1,0.2153586231353267,-0.8615200628213888,
2025-08-07T12:44:35.813148,0.003906,0.011719,1.019531,-1,0.6585525540811924,0.2194944901765701,
2025-08-07T12:44:35.992148,0.003906,0.015625,1.007812,-1,0.8882292657912181,0.222034766746131,
2025-08-07T12:44:36.152148,0.003906,0.011719,1.011719,-1,0.6636370467315315,0.2211890761607455,
2025-08-07T12:44:36.328149,0.003906,0.011719,1.019531,-1,0.6585525540811924,0.2194944901765701,
2025-08-07T12:44:36.792156,0.003906,0.007812,1.023438,-1,0.4373324787034078,0.2186646468807166,
2025-08-07T12:44:36.969155,0.003906,0.011719,1.023438,-1,0.6560387701732742,0.2186566827176238,
2025-08-07T12:44:37.164154,-0.003906,0.011719,1.015625,-1,0.6610850246801468,-0.2203385252569125,
2025-08-07T12:44:37.529154,-0.007812,0.011719,1.011719,-1,0.6636222110785278,-0.4423715596291307,
2025-08-07T12:44:38.516155,0.003906,0.007812,1.027344,-1,0.4356698126898492,0.2178333319679526,
2025-08-07T12:44:38.705157,0.003906,0.011719,1.011719,-1,0.6636370467315315,0.2211890761607455,
2025-08-07T12:44:38.870156,0.003906,0.011719,1.019531,-1,0.6585525540811924,0.2194944901765701,
2025-08-07T12:44:39.224854,-0.003906,0.015625,1.019531,-1,0.8780212720239244,-0.2194832158151633,
2025-08-07T12:44:39.379853,0.003906,0.007812,1.007812,-1,0.4441128939204043,0.2220547792655734,
2025-08-07T12:44:39.640499,0.003906,0.011719,1.023438,-1,0.6560387701732742,0.2186566827176238,
2025-08-07T12:44:39.887501,0.007812,0.011719,1.015625,-1,0.6610703595179453,0.4406705335816567,
2025-08-07T12:44:40.038498,0.003906,0.007812,1.015625,-1,0.440696608244391,0.2203466746180019,
2025-08-07T12:44:40.294844,-0.003906,0.007812,1.019531,-1,0.4390083141781417,-0.2195025462409984,
2025-08-07T12:44:40.659670,-0.003906,0.011719,1.015625,-1,0.6610850246801468,-0.2203385252569125,
2025-08-07T12:44:41.124752,0.003906,0.007812,1.019531,-1,0.4390083141781417,0.2195025462409984,
2025-08-07T12:44:41.300752,0.003906,0.015625,1.019531,-1,0.8780212720239244,0.2194832158151633,
2025-08-07T12:44:41.450752,-0.003906,0.007812,1.015625,-1,0.440696608244391,-0.2203466746180019,
2025-08-07T12:44:41.807751,-0.003906,0.015625,1.023438,-1,0.8746699746402803,-0.218645536959768,
2025-08-07T12:44:41.973752,-0.003906,0.007812,1.027344,-1,0.4356698126898492,-0.2178333319679526,
2025-08-07T12:44:42.251752,-0.003906,0.007812,1.019531,-1,0.4390083141781417,-0.2195025462409984,
2025-08-07T12:44:42.410752,0.003906,0.015625,1.015625,-1,0.8813974792568712,0.2203271203396046,
2025-08-07T12:44:42.565752,-0.003906,0.011719,1.011719,-1,0.6636370467315315,-0.2211890761607455,
2025-08-07T12:44:42.747756,-0.003906,0.015625,1.015625,-1,0.8813974792568712,-0.2203271203396046,
2025-08-07T12:44:43.129752,-0.003906,0.015625,1.023438,-1,0.8746699746402803,-0.218645536959768,
2025-08-07T12:44:43.382950,-0.003906,0.015625,1.03125,-1,0.8680452241501071,-0.216989634877993,
2025-08-07T12:44:43.653128,-0.003906,0.011719,1.019531,-1,0.6585525540811924,-0.2194944901765701,
2025-08-07T12:44:44.208688,0.003906,0.011719,1.019531,-1,0.6585525540811924,0.2194944901765701,
2025-08-07T12:44:44.559466,-0.011719,0.015625,1.011719,-1,0.8847469996004458,-0.6635628682887976,
2025-08-07T12:44:44.913135,0.003906,0.007812,1.023438,-1,0.4373324787034078,0.2186646468807166,
2025-08-07T12:44:45.070135,0.003906,0.007812,1.023438,-1,0.4373324787034078,0.2186646468807166,
2025-08-07T12:44:45.251135,0.007812,0.003906,1.015625,-1,0.2203466746180019,0.440696608244391,
2025-08-07T12:44:45.404135,-0.003906,0.011719,1.015625,-1,0.6610850246801468,-0.2203385252569125,
2025-08-07T12:44:45.757411,0.003906,0.011719,1.015625,-1,0.6610850246801468,0.2203385252569125,
2025-08-07T12:44:45.916411,0.003906,0.011719,1.015625,-1,0.6610850246801468,0.2203385252569125,
2025-08-07T12:44:46.193539,-0.003906,0.015625,1.019531,-1,0.8780212720239244,-0.2194832158151633,
2025-08-07T12:44:46.548983,-0.003906,0.011719,1.015625,-1,0.6610850246801468,-0.2203385252569125,
2025-08-07T12:44:46.796659,-0.003906,0.015625,1.011719,-1,0.8847997491400248,-0.2211775386640661,
2025-08-07T12:44:47.058617,-0.003906,0.011719,1.015625,-1,0.6610850246801468,-0.2203385252569125,
2025-08-07T12:44:47.306669,0.003906,0.007812,1.011719,-1,0.4423979374283344,0.2211973202646514,
2025-08-07T12:44:47.879222,-0.003906,0.015625,1.023438,-1,0.8746699746402803,-0.218645536959768,
2025-08-07T12:44:48.434150,0.003906,0.007812,1.015625,-1,0.440696608244391,0.2203466746180019,
2025-08-07T12:44:48.591149,0.003906,0.015625,1.019531,-1,0.8780212720239244,0.2194832158151633,
2025-08-07T12:44:48.774148,0.003906,0.011719,1.015625,-1,0.6610850246801468,0.2203385252569125,
2025-08-07T12:44:48.937154,-0.007812,0.03125,1.019531,-1,1.7555917280982234,-0.4388054623549031,
2025-08-07T12:44:49.192800,0.007812,0.011719,1.023438,-1,0.6560244382772132,0.4373069965951363,
2025-08-07T12:44:49.746200,0.003906,0.007812,1.019531,-1,0.4390083141781417,0.2195025462409984,
2025-08-07T12:44:49.911200,-0.007812,0.011719,1.023438,-1,0.6560244382772132,-0.4373069965951363,
2025-08-07T12:44:50.068200,0.003906,0.019531,1.011719,-1,1.105936086165227,0.2211627076333394,
2025-08-07T12:44:50.246200,-0.003906,0.015625,1.015625,-1,0.8813974792568712,-0.2203271203396046,
2025-08-07T12:44:50.599209,-0.003906,0.015625,1.003906,-1,0.8916845813426613,-0.2228984426624887,
2025-08-07T12:44:50.792209,-0.003906,0.011719,1.011719,-1,0.6636370467315315,-0.2211890761607455,
2025-08-07T12:44:50.960209,0.003906,0.007812,1.015625,-1,0.440696608244391,0.2203466746180019,
2025-08-07T12:44:51.318189,-0.003906,0.007812,1.015625,-1,0.440696608244391,-0.2203466746180019,
2025-08-07T12:44:51.473186,-0.003906,0.007812,1.019531,-1,0.4390083141781417,-0.2195025462409984,
2025-08-07T12:44:51.729431,-0.003906,0.007812,1.027344,-1,0.4356698126898492,-0.2178333319679526,
2025-08-07T12:44:51.992077,0.003906,0.015625,1.015625,-1,0.8813974792568712,0.2203271203396046,
2025-08-07T12:44:52.342493,0.003906,0.011719,1.019531,-1,0.6585525540811924,0.2194944901765701,
2025-08-07T12:44:52.796978,-0.003906,0.011719,1.015625,-1,0.6610850246801468,-0.2203385252569125,
2025-08-07T12:44:53.286931,-0.007812,0.019531,1.015625,-1,1.1016594360549303,-0.4406184048097211,
2025-08-07T12:44:53.446935,0.003906,0.007812,1.019531,-1,0.4390083141781417,0.2195025462409984,
2025-08-07T12:44:54.786033,-0.007812,0.019531,1.015625,-1,1.1016594360549303,-0.4406184048097211,
2025-08-07T12:44:55.314036,0.007812,0.007812,1.015625,-1,0.4406868315807243,0.4406868315807243,
2025-08-07T12:44:55.598034,-0.003906,0.011719,1.019531,-1,0.6585525540811924,-0.2194944901765701,
2025-08-07T12:44:56.126034,-0.003906,0.003906,1.023438,-1,0.218669424328471,-0.218669424328471,
2025-08-07T12:44:56.307034,-0.007812,0.015625,0.984375,-1,0.9093518189262312,-0.454632493992263,
2025-08-07T12:44:56.599034,-0.003906,0.015625,1.019531,-1,0.8780212720239244,-0.2194832158151633,
2025-08-07T12:44:56.770035,0.003906,0.015625,1.015625,-1,0.8813974792568712,0.2203271203396046,
2025-08-07T12:44:56.959034,0.003906,0.007812,1.015625,-1,0.440696608244391,0.2203466746180019,
2025-08-07T12:44:57.829671,0.003906,0.011719,1.019531,-1,0.6585525540811924,0.2194944901765701,
2025-08-07T12:44:57.989671,-0.003906,0.019531,1.019531,-1,1.09746422581127,-0.2194687229956665,
2025-08-07T12:44:58.164672,0.003906,0.011719,1.015625,-1,0.6610850246801468,0.2203385252569125,
2025-08-07T12:44:58.436671,0.003906,0.011719,1.011719,-1,0.6636370467315315,0.2211890761607455,
2025-08-07T12:44:58.606671,0.003906,0.007812,1.019531,-1,0.4390083141781417,0.2195025462409984,
2025-08-07T12:44:59.376706,0.003906,0.011719,1.015625,-1,0.6610850246801468,0.2203385252569125,
2025-08-07T12:44:59.734706,0.003906,0.007812,1.015625,-1,0.440696608244391,0.2203466746180019,
2025-08-07T12:44:59.914708,0.003906,0.011719,1.011719,-1,0.6636370467315315,0.2211890761607455,
2025-08-07T12:45:00.076706,-0.003906,0.011719,1.019531,-1,0.6585525540811924,-0.2194944901765701,
2025-08-07T12:45:00.241709,-0.003906,0.011719,1.019531,-1,0.6585525540811924,-0.2194944901765701,
2025-08-07T12:45:00.632708,0.003906,0.007812,1.019531,-1,0.4390083141781417,0.2195025462409984,
2025-08-07T12:45:01.105516,0.003906,0.007812,1.023438,-1,0.4373324787034078,0.2186646468807166,
2025-08-07T12:45:01.375516,0.003906,0.007812,1.011719,-1,0.4423979374283344,0.2211973202646514,
2025-08-07T12:45:01.542516,0.003906,0.011719,1.015625,-1,0.6610850246801468,0.2203385252569125,
2025-08-07T12:45:01.812520,-0.003906,0.007812,1.015625,-1,0.440696608244391,-0.2203466746180019,
2025-08-14T09:07:47.544626,0.007812,0.089844,1.011719,-1,5.074592692098445,0.4406671584058894,0.01709
2025-08-14T09:07:47.966390,0.003906,0.097656,1.011719,-1,5.513343811278554,0.2201805865438625,0.01709
2025-08-14T09:07:48.400447,0.003906,0.09375,1.019531,-1,5.253765691153519,0.2185868085970974,0.01709
2025-08-14T09:07:48.840448,0.007812,0.09375,1.015625,-1,5.273740831474121,0.4388343163968418,0.01709
2025-08-14T09:07:49.277448,0.003906,0.09375,1.015625,-1,5.273857174599009,0.2194203761007803,0.01709
2025-08-14T09:07:49.830447,0.007812,0.097656,1.019531,-1,5.471236885846391,0.4370114432478109,0.01709
2025-08-14T09:07:50.301490,0.003906,0.089844,1.015625,-1,5.055290319574003,0.2194960430900527,0.01709
2025-08-14T09:07:50.744509,0.003906,0.09375,1.015625,-1,5.273857174599009,0.2194203761007803,0.01709
2025-08-14T09:07:51.201508,0.007812,0.089844,1.011719,-1,5.074592692098445,0.4406671584058894,0.01709
2025-08-14T09:07:51.764507,0.003906,0.085938,1.015625,-1,4.8365758532668846,0.219568563822405,0.01709
2025-08-14T09:07:52.254529,0.003906,0.085938,1.015625,-1,4.8365758532668846,0.219568563822405,0.01709
2025-08-14T09:07:52.718771,0.007812,0.09375,1.003906,-1,5.334946471521609,0.4439127700322686,0.01709
2025-08-14T09:07:53.156483,0.007812,0.089844,1.011719,-1,5.074592692098445,0.4406671584058894,0.01709
2025-08-14T09:07:53.569147,0.003906,0.085938,1.015625,-1,4.8365758532668846,0.219568563822405,0.01709
2025-08-14T09:07:54.072146,0.003906,0.085938,1.003906,-1,4.892761801397561,0.2221131119522437,0.01709
2025-08-14T09:07:54.526156,-0.003906,0.09375,1.019531,-1,5.253765691153519,-0.2185868085970974,0.01709
2025-08-14T09:07:54.968148,0.007812,0.085938,1.015625,-1,4.836469060684925,0.4391306787920853,0.01709
2025-08-14T09:07:55.522400,0.003906,0.097656,1.015625,-1,5.492270213166848,0.219341572710269,0.01709
2025-08-14T09:07:55.941083,0.007812,0.089844,1.011719,-1,5.074592692098445,0.4406671584058894,0.01709
2025-08-14T09:07:56.379081,0.003906,0.09375,1.015625,-1,5.273857174599009,0.2194203761007803,0.01709
2025-08-14T09:07:56.803081,0.007812,0.09375,1.011719,-1,5.293984787405834,0.4405140860682329,0.01709
2025-08-14T09:07:57.228081,0.003906,0.09375,1.015625,-1,5.273857174599009,0.2194203761007803,0.01709
2025-08-14T09:07:57.752609,0.003906,0.089844,1.019531,-1,5.036022696165984,0.218661616199015,0.01709
2025-08-14T09:07:58.204610,0.003906,0.089844,1.011719,-1,5.074705555245902,0.2203368375941571,0.01709
2025-08-14T09:07:58.628609,0.003906,0.089844,1.019531,-1,5.036022696165984,0.218661616199015,0.01709
2025-08-14T09:07:59.059628,0.003906,0.09375,1.023438,-1,5.233821198234859,0.2177593129857423,0.01709
2025-08-14T09:07:59.508532,0.003906,0.09375,1.023438,-1,5.233821198234859,0.2177593129857423,0.01709
2025-08-14T09:07:59.931532,0.003906,0.085938,1.019531,-1,4.81813376260626,0.2187333127266207,0.015869
2025-08-14T09:08:00.355531,0.007812,0.09375,1.015625,-1,5.273740831474121,0.4388343163968418,0.01709
2025-08-14T09:08:00.795531,0.007812,0.09375,1.023438,-1,5.233707484628725,0.4355123352218989,0.01709
2025-08-14T09:08:01.246686,0.003906,0.089844,1.011719,-1,5.074705555245902,0.2203368375941571,0.01709
2025-08-14T09:08:01.775376,0.003906,0.089844,1.011719,-1,5.074705555245902,0.2203368375941571,0.01709
2025-08-14T09:08:02.208473,0.007812,0.09375,1.007812,-1,5.314389550775362,0.4422071436864255,0.01709
2025-08-14T09:08:02.628473,0.007812,0.089844,1.007812,-1,5.094160955742287,0.4423619883775861,0.01709
2025-08-14T09:08:03.048474,0.007812,0.089844,1.011719,-1,5.074592692098445,0.4406671584058894,0.01709
2025-08-14T09:08:03.485484,0.003906,0.09375,1.019531,-1,5.253765691153519,0.2185868085970974,0.01709
2025-08-14T09:08:04.164481,0.007812,0.089844,1.007812,-1,5.094160955742287,0.4423619883775861,0.015869
2025-08-14T09:08:04.703612,-0.003906,0.097656,1.007812,-1,5.53458470025606,-0.2210262307191928,0.015869
2025-08-14T09:08:05.437093,0.003906,0.09375,1.011719,-1,5.2941024755146735,0.2202602980309219,0.01709
2025-08-14T09:08:05.855528,0.003906,0.09375,1.015625,-1,5.273857174599009,0.2194203761007803,0.01709
2025-08-14T09:08:06.495130,0.003906,0.089844,1.015625,-1,5.055290319574003,0.2194960430900527,0.01709
2025-08-14T09:08:06.932129,0.003906,0.089844,1.007812,-1,5.094275129610872,0.2211842903210142,0.01709
2025-08-14T09:08:07.483130,0.003906,0.089844,1.019531,-1,5.036022696165984,0.218661616199015,0.01709
2025-08-14T09:08:07.918130,0.003906,0.089844,1.011719,-1,5.074705555245902,0.2203368375941571,0.01709
2025-08-14T09:08:08.371129,0.003906,0.089844,1.007812,-1,5.094275129610872,0.2211842903210142,0.01709
2025-08-14T09:08:08.904153,0.003906,0.097656,1.007812,-1,5.53458470025606,0.2210262307191928,0.01709
2025-08-14T09:08:09.457151,0.007812,0.089844,1.015625,-1,5.0551787468593545,0.43898564371507,0.01709
2025-08-14T09:08:09.899151,0.003906,0.089844,1.011719,-1,5.074705555245902,0.2203368375941571,0.01709
2025-08-14T09:08:10.320528,0.003906,0.09375,1.019531,-1,5.253765691153519,0.2185868085970974,0.01709
2025-08-14T09:08:10.753529,0.003906,0.09375,1.011719,-1,5.2941024755146735,0.2202602980309219,0.01709
2025-08-14T09:08:11.401900,0.007812,0.089844,1.015625,-1,5.0551787468593545,0.43898564371507,0.01709
2025-08-14T09:08:11.828899,0.003906,0.09375,1.019531,-1,5.253765691153519,0.2185868085970974,0.01709
2025-08-14T09:08:12.260267,0.007812,0.089844,1.011719,-1,5.074592692098445,0.4406671584058894,0.01709
2025-08-14T09:08:12.677267,0.003906,0.09375,1.015625,-1,5.273857174599009,0.2194203761007803,0.01709
2025-08-14T09:08:13.224920,0.003906,0.09375,1.019531,-1,5.253765691153519,0.2185868085970974,0.01709
2025-08-14T09:08:13.639921,0.007812,0.09375,1.007812,-1,5.314389550775362,0.4422071436864255,0.01709
2025-08-14T09:08:14.070021,0.003906,0.089844,1.015625,-1,5.055290319574003,0.2194960430900527,0.01709
2025-08-14T09:08:14.523848,0.003906,0.097656,1.015625,-1,5.492270213166848,0.219341572710269,0.01709
2025-08-14T09:08:14.963651,0.007812,0.09375,1.019531,-1,5.253650672624266,0.4371672544577104,0.01709
2025-08-14T09:08:15.439972,0.003906,0.089844,1.019531,-1,5.036022696165984,0.218661616199015,0.01709
2025-08-14T09:08:15.855999,0.007812,0.089844,1.007812,-1,5.094160955742287,0.4423619883775861,0.01709
2025-08-14T09:08:16.312925,0.003906,0.09375,1.019531,-1,5.253765691153519,0.2185868085970974,0.01709
2025-08-14T09:08:16.905924,0.003906,0.089844,1.011719,-1,5.074705555245902,0.2203368375941571,0.01709
2025-08-14T09:08:17.341917,0.003906,0.089844,1.015625,-1,5.055290319574003,0.2194960430900527,0.01709
2025-08-14T09:08:17.872433,0.003906,0.089844,1.011719,-1,5.074705555245902,0.2203368375941571,0.01709
2025-08-14T09:08:18.314433,0.003906,0.09375,1.011719,-1,5.2941024755146735,0.2202602980309219,0.01709
2025-08-14T09:08:18.768452,0.007812,0.085938,1.011719,-1,4.855051297116398,0.4408138670841549,0.01709
2025-08-14T09:08:19.253454,0.003906,0.089844,1.023438,-1,5.016896135374861,0.2178332739241818,0.01709
2025-08-14T09:08:19.702452,0.003906,0.085938,1.015625,-1,4.8365758532668846,0.219568563822405,0.01709
2025-08-14T09:08:20.146374,0.007812,0.09375,1.011719,-1,5.293984787405834,0.4405140860682329,0.01709
2025-08-14T09:08:20.796247,0.007812,0.089844,1.007812,-1,5.094160955742287,0.4423619883775861,0.01709
2025-08-14T09:08:21.221242,0.003906,0.085938,1.015625,-1,4.8365758532668846,0.219568563822405,0.01709
2025-08-14T09:08:21.741217,0.003906,0.089844,1.015625,-1,5.055290319574003,0.2194960430900527,0.01709
2025-08-14T09:08:22.169500,0.003906,0.089844,1.015625,-1,5.055290319574003,0.2194960430900527,0.01709
2025-08-14T09:08:22.619500,0.007812,0.089844,1.015625,-1,5.0551787468593545,0.43898564371507,0.01709
2025-08-14T09:08:23.045312,0.003906,0.09375,1.011719,-1,5.2941024755146735,0.2202602980309219,0.01709
2025-08-14T09:08:23.677491,0.003906,0.089844,1.011719,-1,5.074705555245902,0.2203368375941571,0.01709
2025-08-14T09:08:24.097150,0.007812,0.09375,1.011719,-1,5.293984787405834,0.4405140860682329,0.01709
2025-08-14T09:08:24.523160,0.003906,0.09375,1.011719,-1,5.2941024755146735,0.2202602980309219,0.01709
2025-08-14T09:08:24.998150,0.003906,0.089844,1.015625,-1,5.055290319574003,0.2194960430900527,0.01709
2025-08-14T09:08:25.434265,0.003906,0.089844,1.015625,-1,5.055290319574003,0.2194960430900527,0.01709
2025-08-14T09:08:25.884266,0.007812,0.09375,1.011719,-1,5.293984787405834,0.4405140860682329,0.01709
2025-08-14T09:08:26.567265,0.007812,0.085938,1.007812,-1,4.873781336396888,0.4425103968946299,0.01709
2025-08-14T09:08:27.017265,0.007812,0.089844,1.015625,-1,5.0551787468593545,0.43898564371507,0.01709
2025-08-14T09:08:27.449332,0.007812,0.089844,1.015625,-1,5.0551787468593545,0.43898564371507,0.01709
2025-08-14T09:08:28.921825,0.007812,0.089844,1.015625,-1,5.0551787468593545,0.43898564371507,0.01709
2025-08-14T09:08:29.353512,0.003906,0.089844,1.007812,-1,5.094275129610872,0.2211842903210142,0.01709
2025-08-14T09:08:29.774514,0.007812,0.089844,1.007812,-1,5.094160955742287,0.4423619883775861,0.01709
2025-08-14T09:08:30.227516,0.003906,0.089844,1.019531,-1,5.036022696165984,0.218661616199015,0.01709
2025-08-14T09:08:30.766512,-0.003906,0.097656,1.023438,-1,5.450595901828535,-0.2176822851351158,0.01709
2025-08-14T09:08:31.298243,0.007812,0.089844,1.007812,-1,5.094160955742287,0.4423619883775861,0.01709
2025-08-14T09:08:31.719824,0.003906,0.09375,1.015625,-1,5.273857174599009,0.2194203761007803,0.01709
2025-08-14T09:08:32.142865,0.003906,0.089844,1.015625,-1,5.055290319574003,0.2194960430900527,0.01709
2025-08-14T09:08:32.562865,0.003906,0.089844,1.015625,-1,5.055290319574003,0.2194960430900527,0.01709
2025-08-14T09:08:33.085338,-0.003906,0.085938,1.011719,-1,4.855159325392881,-0.2204101951887956,0.01709
2025-08-14T09:08:33.524338,0.003906,0.09375,1.011719,-1,5.2941024755146735,0.2202602980309219,0.01709
2025-08-14T09:08:33.945337,0.007812,0.09375,1.015625,-1,5.273740831474121,0.4388343163968418,0.01709
2025-08-14T09:08:34.469350,0.007812,0.09375,1.011719,-1,5.293984787405834,0.4405140860682329,0.01709
2025-08-14T09:08:34.880351,0.007812,0.089844,1.015625,-1,5.0551787468593545,0.43898564371507,0.01709
2025-08-14T09:08:35.296297,0.003906,0.089844,1.007812,-1,5.094275129610872,0.2211842903210142,0.01709
2025-08-14T09:08:35.717346,0.003906,0.09375,1.011719,-1,5.2941024755146735,0.2202602980309219,0.01709
2025-08-14T09:08:36.135384,0.003906,0.09375,1.019531,-1,5.253765691153519,0.2185868085970974,0.01709
2025-08-14T09:08:36.545384,0.003906,0.089844,1.015625,-1,5.055290319574003,0.2194960430900527,0.01709
2025-08-14T09:08:36.961772,0.003906,0.09375,1.007812,-1,5.314508605002041,0.2211068645152699,0.01709
2025-08-14T09:08:37.381791,0.003906,0.09375,1.015625,-1,5.273857174599009,0.2194203761007803,0.01709
2025-08-14T09:08:37.810053,0.003906,0.085938,1.011719,-1,4.855159325392881,0.2204101951887956,0.01709
2025-08-14T09:08:38.262441,0.003906,0.089844,1.015625,-1,5.055290319574003,0.2194960430900527,0.01709
2025-08-14T09:08:38.681441,0.007812,0.089844,1.015625,-1,5.0551787468593545,0.43898564371507,0.01709
2025-08-14T09:08:39.093514,0.007812,0.09375,1.011719,-1,5.293984787405834,0.4405140860682329,0.01709
2025-08-14T09:08:39.504532,0.003906,0.09375,1.015625,-1,5.273857174599009,0.2194203761007803,0.01709
2025-08-14T09:08:40.034541,0.003906,0.089844,1.015625,-1,5.055290319574003,0.2194960430900527,0.01709
2025-08-14T09:08:40.447503,0.003906,0.089844,1.011719,-1,5.074705555245902,0.2203368375941571,0.01709
2025-08-14T09:08:40.865503,0.003906,0.089844,1.007812,-1,5.094275129610872,0.2211842903210142,0.01709
2025-08-14T09:08:41.281726,0.007812,0.089844,1.011719,-1,5.074592692098445,0.4406671584058894,0.01709
2025-08-14T09:08:41.699723,0.003906,0.09375,1.019531,-1,5.253765691153519,0.2185868085970974,0.01709
2025-08-14T09:08:42.125724,0.003906,0.09375,1.011719,-1,5.2941024755146735,0.2202602980309219,0.015869
2025-08-14T09:08:42.560725,0.007812,0.09375,1.011719,-1,5.293984787405834,0.4405140860682329,0.01709
2025-08-14T09:08:43.088806,0.003906,0.089844,1.019531,-1,5.036022696165984,0.218661616199015,0.01709
2025-08-14T09:08:43.504851,0.007812,0.089844,1.015625,-1,5.0551787468593545,0.43898564371507,0.01709
2025-08-14T09:08:43.925413,0.007812,0.09375,1.007812,-1,5.314389550775362,0.4422071436864255,0.01709
2025-08-14T09:08:44.348413,0.003906,0.089844,1.011719,-1,5.074705555245902,0.2203368375941571,0.015869
2025-08-14T09:08:44.973713,0.003906,0.089844,1.011719,-1,5.074705555245902,0.2203368375941571,0.01709
2025-08-14T09:08:45.403714,0.003906,0.089844,1.007812,-1,5.094275129610872,0.2211842903210142,0.01709
2025-08-14T09:08:45.825715,0.003906,0.09375,1.011719,-1,5.2941024755146735,0.2202602980309219,0.01709
2025-08-14T09:08:46.263713,0.003906,0.09375,1.011719,-1,5.2941024755146735,0.2202602980309219,0.01709
2025-08-14T09:08:46.677713,-0.003906,0.089844,1.011719,-1,5.074705555245902,-0.2203368375941571,0.01709
2025-08-14T09:08:47.093379,0.003906,0.089844,1.015625,-1,5.055290319574003,0.2194960430900527,0.015869
2025-08-14T09:08:47.514379,0.003906,0.089844,1.015625,-1,5.055290319574003,0.2194960430900527,0.01709
2025-08-14T09:08:48.137148,0.003906,0.089844,1.019531,-1,5.036022696165984,0.218661616199015,0.01709
2025-08-14T09:08:48.558149,0.003906,0.09375,1.003906,-1,5.335066912703126,0.2219597159359737,0.01709
2025-08-14T09:08:49.082749,0.007812,0.09375,1.007812,-1,5.314389550775362,0.4422071436864255,0.01709
2025-08-14T09:08:49.510804,0.007812,0.089844,1.011719,-1,5.074592692098445,0.4406671584058894,0.01709
2025-08-14T09:08:50.041576,0.003906,0.089844,1.003906,-1,5.113990749744391,0.2220380414583726,0.01709
2025-08-14T09:08:50.462673,0.003906,0.097656,1.019531,-1,5.471356611118988,0.2185088995917032,0.01709
2025-08-14T09:08:50.889672,0.007812,0.09375,1.011719,-1,5.293984787405834,0.4405140860682329,0.01709
2025-08-14T09:08:51.405975,0.003906,0.089844,1.011719,-1,5.074705555245902,0.2203368375941571,0.01709
2025-08-14T09:08:51.970678,0.003906,0.09375,1.007812,-1,5.314508605002041,0.2211068645152699,0.01709
2025-08-14T09:08:52.390755,0.003906,0.089844,1.011719,-1,5.074705555245902,0.2203368375941571,0.01709
2025-08-14T09:08:52.809079,0.003906,0.089844,1.011719,-1,5.074705555245902,0.2203368375941571,0.01709
2025-08-14T09:08:53.237864,0.003906,0.097656,1.015625,-1,5.492270213166848,0.219341572710269,0.01709
2025-08-14T09:08:53.654463,0.007812,0.085938,1.011719,-1,4.855051297116398,0.4408138670841549,0.01709
2025-08-14T09:08:54.085464,0.003906,0.089844,1.011719,-1,5.074705555245902,0.2203368375941571,0.01709
2025-08-14T09:08:54.506078,0.003906,0.089844,1.007812,-1,5.094275129610872,0.2211842903210142,0.01709
2025-08-14T09:08:55.048456,0.007812,0.089844,1.015625,-1,5.0551787468593545,0.43898564371507,0.01709
2025-08-14T09:08:55.499457,0.007812,0.089844,1.015625,-1,5.0551787468593545,0.43898564371507,0.01709
2025-08-14T09:08:55.951456,0.003906,0.085938,1.007812,-1,4.873890619806268,0.2212584978981514,0.01709
2025-08-14T09:08:56.480457,0.003906,0.085938,1.015625,-1,4.8365758532668846,0.219568563822405,0.01709
2025-08-14T09:08:56.899232,0.003906,0.089844,1.015625,-1,5.055290319574003,0.2194960430900527,0.01709
2025-08-14T09:08:57.392249,0.003906,0.089844,1.003906,-1,5.113990749744391,0.2220380414583726,0.01709
2025-08-14T09:08:57.878064,0.003906,0.089844,1.011719,-1,5.074705555245902,0.2203368375941571,0.01709
2025-08-14T09:08:58.353990,0.003906,0.09375,1.007812,-1,5.314508605002041,0.2211068645152699,0.01709
2025-08-14T09:08:58.838297,0.003906,0.085938,1.015625,-1,4.8365758532668846,0.219568563822405,0.015869
2025-08-14T09:08:59.563353,0.003906,0.085938,1.011719,-1,4.855159325392881,0.2204101951887956,0.01709
2025-08-14T09:09:00.131828,0.007812,0.09375,1.007812,-1,5.314389550775362,0.4422071436864255,0.01709
2025-08-14T09:09:00.901768,0.003906,0.089844,1.011719,-1,5.074705555245902,0.2203368375941571,0.01709
2025-08-14T09:09:01.427341,0.003906,0.089844,1.015625,-1,5.055290319574003,0.2194960430900527,0.01709
2025-08-14T09:09:02.011621,0.003906,0.089844,1.011719,-1,5.074705555245902,0.2203368375941571,0.01709
2025-08-14T09:09:02.454621,0.003906,0.097656,1.011719,-1,5.513343811278554,0.2201805865438625,0.01709
2025-08-14T09:09:03.056938,0.003906,0.089844,1.015625,-1,5.055290319574003,0.2194960430900527,0.01709
2025-08-14T09:09:03.516938,0.003906,0.097656,1.007812,-1,5.53458470025606,0.2210262307191928,0.01709
2025-08-14T09:09:03.979563,0.003906,0.089844,1.023438,-1,5.016896135374861,0.2178332739241818,0.01709
2025-08-14T09:09:04.402656,0.003906,0.09375,1.011719,-1,5.2941024755146735,0.2202602980309219,0.01709
2025-08-14T09:09:04.886656,0.003906,0.09375,1.011719,-1,5.2941024755146735,0.2202602980309219,0.01709
2025-08-14T09:09:05.297419,0.011719,0.09375,1.011719,-1,5.293788597744054,0.6608112382957926,0.01709
2025-08-14T09:09:05.734452,0.007812,0.089844,1.011719,-1,5.074592692098445,0.4406671584058894,0.01709
2025-08-14T09:09:06.465139,0.007812,0.089844,1.011719,-1,5.074592692098445,0.4406671584058894,0.01709
2025-08-14T09:09:06.996139,0.003906,0.089844,1.011719,-1,5.074705555245902,0.2203368375941571,0.01709
2025-08-14T09:09:07.410258,0.003906,0.09375,1.011719,-1,5.2941024755146735,0.2202602980309219,0.01709
2025-08-14T09:09:07.848771,0.003906,0.085938,1.015625,-1,4.8365758532668846,0.219568563822405,0.01709
2025-08-14T09:09:08.372756,0.011719,0.085938,1.023438,-1,4.799548405538185,0.6537430432737678,0.01709
2025-08-14T09:09:08.793786,0.007812,0.089844,1.007812,-1,5.094160955742287,0.4423619883775861,0.01709
2025-08-14T09:09:09.324784,0.003906,0.09375,1.019531,-1,5.253765691153519,0.2185868085970974,0.01709
2025-08-14T09:09:09.745257,0.003906,0.089844,1.007812,-1,5.094275129610872,0.2211842903210142,0.01709
2025-08-14T09:09:10.167732,0.003906,0.09375,1.003906,-1,5.335066912703126,0.2219597159359737,0.01709
2025-08-14T09:09:10.803455,0.011719,0.089844,1.015625,-1,5.054992751627201,0.6585185479807234,0.01709
2025-08-14T09:09:11.520455,0.003906,0.089844,1.011719,-1,5.074705555245902,0.2203368375941571,0.01709
2025-08-14T09:09:11.939515,0.007812,0.089844,1.011719,-1,5.074592692098445,0.4406671584058894,0.01709
2025-08-14T09:09:12.387510,0.003906,0.089844,1.011719,-1,5.074705555245902,0.2203368375941571,0.01709
2025-08-14T09:09:12.807256,0.003906,0.089844,1.007812,-1,5.094275129610872,0.2211842903210142,0.01709
2025-08-14T09:09:13.237228,0.003906,0.09375,1.011719,-1,5.2941024755146735,0.2202602980309219,0.01709
2025-08-14T09:09:13.689226,0.003906,0.09375,1.019531,-1,5.253765691153519,0.2185868085970974,0.01709
2025-08-14T09:09:14.109226,0.003906,0.085938,1.015625,-1,4.8365758532668846,0.219568563822405,0.01709
2025-08-14T09:09:14.539227,0.007812,0.089844,1.015625,-1,5.0551787468593545,0.43898564371507,0.015869
2025-08-14T09:09:15.132230,0.007812,0.09375,1.019531,-1,5.253650672624266,0.4371672544577104,0.01709
2025-08-14T09:09:15.644228,0.003906,0.085938,1.015625,-1,4.8365758532668846,0.219568563822405,0.01709
2025-08-14T09:09:16.079225,0.003906,0.089844,1.007812,-1,5.094275129610872,0.2211842903210142,0.01709
2025-08-14T09:09:16.508365,0.007812,0.089844,1.011719,-1,5.074592692098445,0.4406671584058894,0.01709
2025-08-14T09:09:16.941364,0.011719,0.09375,1.015625,-1,5.273546883809885,0.6582915542876178,0.01709
2025-08-14T09:09:17.473441,0.003906,0.09375,1.023438,-1,5.233821198234859,0.2177593129857423,0.01709
2025-08-14T09:09:18.013443,0.003906,0.09375,1.011719,-1,5.2941024755146735,0.2202602980309219,0.01709
2025-08-14T09:09:18.479440,0.003906,0.09375,1.023438,-1,5.233821198234859,0.2177593129857423,0.01709
2025-08-14T09:09:18.933442,0.003906,0.085938,1.011719,-1,4.855159325392881,0.2204101951887956,0.01709
2025-08-14T09:09:19.365440,0.007812,0.09375,1.015625,-1,5.273740831474121,0.4388343163968418,0.01709
2025-08-14T09:09:19.794053,0.007812,0.09375,1.007812,-1,5.314389550775362,0.4422071436864255,0.01709
2025-08-14T09:09:20.229054,0.007812,0.089844,1.015625,-1,5.0551787468593545,0.43898564371507,0.01709
2025-08-14T09:09:20.693053,0.011719,0.089844,1.007812,-1,5.093970624564722,0.6635831225730597,0.01709
2025-08-14T09:09:21.330051,0.011719,0.09375,1.0,-1,5.355459447906557,0.6684875100062585,0.01709
2025-08-14T09:09:21.757079,0.003906,0.09375,1.0,-1,5.35578442442961,0.2228191429988076,0.01709
2025-08-14T09:09:22.182918,0.011719,0.09375,1.011719,-1,5.293788597744054,0.6608112382957926,0.01709
2025-08-14T09:09:22.736918,0.003906,0.089844,1.015625,-1,5.055290319574003,0.2194960430900527,0.01709
2025-08-14T09:09:23.152364,0.003906,0.089844,1.007812,-1,5.094275129610872,0.2211842903210142,0.01709
2025-08-14T09:09:23.582368,0.003906,0.09375,1.007812,-1,5.314508605002041,0.2211068645152699,0.01709
2025-08-14T09:09:24.006442,-0.003906,0.089844,1.011719,-1,5.074705555245902,-0.2203368375941571,0.01709
2025-08-14T09:09:24.441464,0.011719,0.085938,1.015625,-1,4.836291034091546,0.658736103188308,0.01709
2025-08-14T09:09:24.867464,0.003906,0.089844,1.011719,-1,5.074705555245902,0.2203368375941571,0.01709
2025-08-14T09:09:25.297197,0.007812,0.089844,1.015625,-1,5.0551787468593545,0.43898564371507,0.01709
2025-08-14T09:09:25.723198,0.007812,0.089844,1.011719,-1,5.074592692098445,0.4406671584058894,0.01709
2025-08-14T09:09:26.141868,0.007812,0.09375,1.015625,-1,5.273740831474121,0.4388343163968418,0.01709
2025-08-14T09:09:26.570867,0.007812,0.09375,1.019531,-1,5.253650672624266,0.4371672544577104,0.01709
2025-08-14T09:09:27.103867,0.007812,0.089844,1.011719,-1,5.074592692098445,0.4406671584058894,0.01709
2025-08-14T09:09:27.527097,0.007812,0.097656,1.019531,-1,5.471236885846391,0.4370114432478109,0.01709
2025-08-14T09:09:27.948338,0.003906,0.089844,1.007812,-1,5.094275129610872,0.2211842903210142,0.01709
2025-08-14T09:09:28.428896,0.003906,0.09375,1.015625,-1,5.273857174599009,0.2194203761007803,0.01709
2025-08-14T09:09:28.968193,0.007812,0.09375,1.019531,-1,5.253650672624266,0.4371672544577104,0.01709
2025-08-14T09:09:29.393942,0.007812,0.089844,1.011719,-1,5.074592692098445,0.4406671584058894,0.01709
2025-08-14T09:09:29.840938,0.003906,0.089844,1.007812,-1,5.094275129610872,0.2211842903210142,0.01709
2025-08-14T09:09:30.388938,0.007812,0.09375,1.011719,-1,5.293984787405834,0.4405140860682329,0.01709
2025-08-14T09:09:30.831942,0.003906,0.089844,1.011719,-1,5.074705555245902,0.2203368375941571,0.01709
2025-08-14T09:09:31.263939,0.003906,0.09375,1.011719,-1,5.2941024755146735,0.2202602980309219,0.01709
2025-08-14T09:09:31.688938,0.003906,0.089844,1.019531,-1,5.036022696165984,0.218661616199015,0.01709
2025-08-14T09:09:32.110929,0.003906,0.089844,1.015625,-1,5.055290319574003,0.2194960430900527,0.01709
2025-08-14T09:09:32.655932,0.003906,0.089844,1.011719,-1,5.074705555245902,0.2203368375941571,0.01709
2025-08-14T09:09:33.077930,0.011719,0.09375,1.019531,-1,5.253458932974111,0.6557909307022759,0.01709
2025-08-14T09:09:33.676396,0.007812,0.089844,1.015625,-1,5.0551787468593545,0.43898564371507,0.01709
2025-08-14T09:09:34.097258,0.003906,0.09375,1.015625,-1,5.273857174599009,0.2194203761007803,0.01709
2025-08-14T09:09:34.568279,0.003906,0.09375,1.019531,-1,5.253765691153519,0.2185868085970974,0.01709
2025-08-14T09:09:35.007277,0.007812,0.085938,1.011719,-1,4.855051297116398,0.4408138670841549,0.01709
2025-08-14T09:09:35.549277,0.003906,0.089844,1.015625,-1,5.055290319574003,0.2194960430900527,0.01709
2025-08-14T09:09:35.978277,0.003906,0.09375,1.023438,-1,5.233821198234859,0.2177593129857423,0.01709
2025-08-14T09:09:36.411278,0.003906,0.085938,1.011719,-1,4.855159325392881,0.2204101951887956,0.01709
2025-08-14T09:09:36.837277,0.003906,0.089844,1.011719,-1,5.074705555245902,0.2203368375941571,0.01709
2025-08-14T09:09:37.477150,0.003906,0.089844,1.007812,-1,5.094275129610872,0.2211842903210142,0.01709
2025-08-14T09:09:38.018974,0.003906,0.09375,1.015625,-1,5.273857174599009,0.2194203761007803,0.01709
2025-08-14T09:09:38.537974,0.003906,0.089844,1.019531,-1,5.036022696165984,0.218661616199015,0.01709
2025-08-14T09:09:39.063629,0.003906,0.089844,1.011719,-1,5.074705555245902,0.2203368375941571,0.01709
2025-08-14T09:09:39.493630,0.007812,0.09375,1.011719,-1,5.293984787405834,0.4405140860682329,0.01709
2025-08-14T09:09:39.919630,0.003906,0.089844,1.015625,-1,5.055290319574003,0.2194960430900527,0.01709
2025-08-14T09:09:40.439629,0.007812,0.09375,1.011719,-1,5.293984787405834,0.4405140860682329,0.01709
2025-08-14T09:09:40.857630,0.007812,0.09375,1.015625,-1,5.273740831474121,0.4388343163968418,0.01709
2025-08-14T09:09:41.382452,0.007812,0.089844,1.011719,-1,5.074592692098445,0.4406671584058894,0.01709
2025-08-14T09:09:41.819450,0.007812,0.089844,1.015625,-1,5.0551787468593545,0.43898564371507,0.01709
2025-08-14T09:09:42.272183,0.011719,0.089844,1.015625,-1,5.054992751627201,0.6585185479807234,0.01709
2025-08-14T09:09:42.715182,0.003906,0.097656,1.019531,-1,5.471356611118988,0.2185088995917032,0.01709
2025-08-14T09:09:43.132812,0.007812,0.089844,1.011719,-1,5.074592692098445,0.4406671584058894,0.01709
2025-08-14T09:09:43.575812,0.007812,0.089844,1.015625,-1,5.0551787468593545,0.43898564371507,0.01709
2025-08-14T09:09:43.996814,0.003906,0.09375,1.011719,-1,5.2941024755146735,0.2202602980309219,0.01709
2025-08-14T09:09:44.419514,0.003906,0.089844,1.015625,-1,5.055290319574003,0.2194960430900527,0.01709
2025-08-14T09:09:44.906513,0.003906,0.09375,1.007812,-1,5.314508605002041,0.2211068645152699,0.01709
2025-08-14T09:09:45.425068,0.003906,0.089844,1.019531,-1,5.036022696165984,0.218661616199015,0.01709
2025-08-14T09:09:45.852069,0.007812,0.089844,1.007812,-1,5.094160955742287,0.4423619883775861,0.01709
2025-08-14T09:09:46.263069,0.007812,0.085938,1.015625,-1,4.836469060684925,0.4391306787920853,0.015869
2025-08-14T09:09:46.794035,0.007812,0.089844,1.011719,-1,5.074592692098445,0.4406671584058894,0.01709
2025-08-14T09:09:47.225036,0.007812,0.089844,1.015625,-1,5.0551787468593545,0.43898564371507,0.01709
2025-08-14T09:09:47.644494,0.003906,0.089844,1.003906,-1,5.113990749744391,0.2220380414583726,0.01709
2025-08-14T09:09:48.198143,0.003906,0.089844,1.007812,-1,5.094275129610872,0.2211842903210142,0.01709
2025-08-14T09:09:48.622236,0.007812,0.089844,1.015625,-1,5.0551787468593545,0.43898564371507,0.01709
2025-08-14T09:09:49.043204,0.007812,0.09375,1.015625,-1,5.273740831474121,0.4388343163968418,0.01709
2025-08-14T09:09:49.608203,0.003906,0.089844,1.007812,-1,5.094275129610872,0.2211842903210142,0.01709
2025-08-14T09:09:50.036723,0.007812,0.089844,1.019531,-1,5.035912394311636,0.4373168631268229,0.01709
2025-08-14T09:09:50.469172,0.007812,0.09375,1.011719,-1,5.293984787405834,0.4405140860682329,0.01709
2025-08-14T09:09:50.897429,0.003906,0.089844,1.019531,-1,5.036022696165984,0.218661616199015,0.01709
2025-08-14T09:09:51.318303,0.003906,0.097656,1.011719,-1,5.513343811278554,0.2201805865438625,0.01709
2025-08-14T09:09:51.821301,0.003906,0.09375,1.015625,-1,5.273857174599009,0.2194203761007803,0.01709
2025-08-14T09:09:52.341495,0.003906,0.085938,1.011719,-1,4.855159325392881,0.2204101951887956,0.01709
2025-08-14T09:09:52.781495,0.007812,0.09375,1.007812,-1,5.314389550775362,0.4422071436864255,0.01709
2025-08-14T09:09:53.200209,0.007812,0.085938,1.007812,-1,4.873781336396888,0.4425103968946299,0.01709
2025-08-14T09:09:53.621285,0.003906,0.09375,1.011719,-1,5.2941024755146735,0.2202602980309219,0.01709
2025-08-14T09:09:54.071285,0.007812,0.085938,1.019531,-1,4.818028186966343,0.437460249914878,0.01709
2025-08-14T09:09:54.598571,0.003906,0.089844,1.007812,-1,5.094275129610872,0.2211842903210142,0.01709
2025-08-14T09:09:55.030573,0.007812,0.09375,1.011719,-1,5.293984787405834,0.4405140860682329,0.01709
2025-08-14T09:09:55.442572,0.003906,0.089844,1.019531,-1,5.036022696165984,0.218661616199015,0.01709
2025-08-14T09:09:55.871038,0.003906,0.09375,1.019531,-1,5.253765691153519,0.2185868085970974,0.01709
2025-08-14T09:09:56.306037,0.003906,0.09375,1.015625,-1,5.273857174599009,0.2194203761007803,0.01709
2025-08-14T09:09:56.929822,0.003906,0.085938,1.011719,-1,4.855159325392881,0.2204101951887956,0.01709
2025-08-14T09:09:57.594822,0.003906,0.089844,1.011719,-1,5.074705555245902,0.2203368375941571,0.01709
2025-08-14T09:09:58.030822,0.007812,0.089844,1.015625,-1,5.0551787468593545,0.43898564371507,0.01709
2025-08-14T09:09:58.478824,0.007812,0.09375,1.011719,-1,5.293984787405834,0.4405140860682329,0.01709
2025-08-14T09:09:58.919822,0.003906,0.097656,1.015625,-1,5.492270213166848,0.219341572710269,0.01709
2025-08-14T09:09:59.331435,0.007812,0.089844,1.011719,-1,5.074592692098445,0.4406671584058894,0.01709
2025-08-14T09:09:59.769434,0.003906,0.089844,1.019531,-1,5.036022696165984,0.218661616199015,0.01709
2025-08-14T09:10:00.190434,0.007812,0.089844,1.003906,-1,5.113875245150716,0.4440694140221948,0.01709
2025-08-14T09:10:00.616117,0.007812,0.089844,1.019531,-1,5.035912394311636,0.4373168631268229,0.01709
2025-08-14T09:10:01.048461,0.007812,0.089844,1.007812,-1,5.094160955742287,0.4423619883775861,0.01709
2025-08-14T09:10:01.474502,0.007812,0.089844,1.007812,-1,5.094160955742287,0.4423619883775861,0.01709
2025-08-14T09:10:01.897504,0.003906,0.09375,1.011719,-1,5.2941024755146735,0.2202602980309219,0.01709
2025-08-14T09:10:02.311502,0.003906,0.09375,1.011719,-1,5.2941024755146735,0.2202602980309219,0.01709
2025-08-14T09:10:02.737083,0.003906,0.09375,1.011719,-1,5.2941024755146735,0.2202602980309219,0.01709
2025-08-14T09:10:03.377078,0.003906,0.09375,1.011719,-1,5.2941024755146735,0.2202602980309219,0.01709
2025-08-14T09:10:03.798812,0.003906,0.09375,1.011719,-1,5.2941024755146735,0.2202602980309219,0.01709
2025-08-14T09:10:04.213162,0.003906,0.09375,1.023438,-1,5.233821198234859,0.2177593129857423,0.01709
2025-08-14T09:10:04.650162,0.003906,0.09375,1.015625,-1,5.273857174599009,0.2194203761007803,0.01709
2025-08-14T09:10:05.086163,0.011719,0.089844,1.007812,-1,5.093970624564722,0.6635831225730597,0.01709
2025-08-14T09:10:05.506199,0.003906,0.09375,1.011719,-1,5.2941024755146735,0.2202602980309219,0.01709
2025-08-14T09:10:06.042209,0.003906,0.097656,1.011719,-1,5.513343811278554,0.2201805865438625,0.01709
2025-08-14T09:10:06.476210,0.003906,0.089844,1.015625,-1,5.055290319574003,0.2194960430900527,0.01709
2025-08-14T09:10:06.947212,0.003906,0.089844,1.015625,-1,5.055290319574003,0.2194960430900527,0.01709
2025-08-14T09:10:07.364209,0.007812,0.089844,1.011719,-1,5.074592692098445,0.4406671584058894,0.01709
2025-08-14T09:10:07.815058,0.003906,0.089844,1.011719,-1,5.074705555245902,0.2203368375941571,0.01709
2025-08-14T09:10:08.237117,0.003906,0.089844,1.011719,-1,5.074705555245902,0.2203368375941571,0.01709
2025-08-14T09:10:08.663116,0.003906,0.09375,1.011719,-1,5.2941024755146735,0.2202602980309219,0.01709
2025-08-14T09:10:09.095116,0.007812,0.09375,1.015625,-1,5.273740831474121,0.4388343163968418,0.015869
2025-08-14T09:10:09.633028,0.003906,0.09375,1.023438,-1,5.233821198234859,0.2177593129857423,0.01709
2025-08-14T09:10:10.062179,0.007812,0.089844,1.015625,-1,5.0551787468593545,0.43898564371507,0.01709
2025-08-14T09:10:10.588428,0.007812,0.09375,1.011719,-1,5.293984787405834,0.4405140860682329,0.01709
2025-08-14T09:10:11.019809,0.003906,0.085938,1.007812,-1,4.873890619806268,0.2212584978981514,0.01709
2025-08-14T09:10:11.446215,0.003906,0.097656,1.019531,-1,5.471356611118988,0.2185088995917032,0.01709
2025-08-14T09:10:11.871215,0.003906,0.089844,1.011719,-1,5.074705555245902,0.2203368375941571,0.01709
2025-08-14T09:10:12.281271,0.007812,0.097656,1.011719,-1,5.513221308524798,0.4403546701592543,0.01709
2025-08-14T09:10:12.721271,0.007812,0.09375,1.007812,-1,5.314389550775362,0.4422071436864255,0.01709
2025-08-14T09:10:13.154273,0.011719,0.089844,1.015625,-1,5.054992751627201,0.6585185479807234,0.01709
2025-08-14T09:10:13.591270,0.003906,0.097656,1.011719,-1,5.513343811278554,0.2201805865438625,0.01709
2025-08-14T09:10:14.034272,0.003906,0.089844,1.011719,-1,5.074705555245902,0.2203368375941571,0.01709
2025-08-14T09:10:14.459270,0.011719,0.097656,1.011719,-1,5.513017092694571,0.6605721116934785,0.01709
2025-08-14T09:10:14.893271,0.003906,0.089844,1.023438,-1,5.016896135374861,0.2178332739241818,0.01709
2025-08-14T09:10:15.317740,0.003906,0.089844,1.015625,-1,5.055290319574003,0.2194960430900527,0.01709
2025-08-14T09:10:15.755739,0.007812,0.089844,1.011719,-1,5.074592692098445,0.4406671584058894,0.01709
2025-08-14T09:10:16.202739,0.011719,0.09375,1.015625,-1,5.273546883809885,0.6582915542876178,0.01709
2025-08-14T09:10:16.629529,0.003906,0.09375,1.015625,-1,5.273857174599009,0.2194203761007803,0.01709
2025-08-14T09:10:17.038587,0.007812,0.09375,1.023438,-1,5.233707484628725,0.4355123352218989,0.01709
2025-08-14T09:10:17.465588,0.003906,0.09375,1.015625,-1,5.273857174599009,0.2194203761007803,0.01709
2025-08-14T09:10:17.901171,0.003906,0.089844,1.019531,-1,5.036022696165984,0.218661616199015,0.01709
2025-08-14T09:10:18.461445,0.011719,0.089844,1.011719,-1,5.074404545801972,0.6610408494201002,0.01709
2025-08-14T09:10:18.886556,0.007812,0.089844,1.019531,-1,5.035912394311636,0.4373168631268229,0.01709
2025-08-14T09:10:19.300560,0.007812,0.089844,1.007812,-1,5.094160955742287,0.4423619883775861,0.01709
2025-08-14T09:10:19.733556,0.003906,0.089844,1.011719,-1,5.074705555245902,0.2203368375941571,0.01709
2025-08-14T09:10:20.216386,0.003906,0.085938,1.019531,-1,4.81813376260626,0.2187333127266207,0.01709
2025-08-14T09:10:20.649430,0.003906,0.089844,1.015625,-1,5.055290319574003,0.2194960430900527,0.01709
2025-08-14T09:10:21.189999,0.003906,0.089844,1.015625,-1,5.055290319574003,0.2194960430900527,0.01709
2025-08-14T09:10:21.630733,0.007812,0.09375,1.015625,-1,5.273740831474121,0.4388343163968418,0.01709
2025-08-14T09:10:22.063732,0.003906,0.09375,1.015625,-1,5.273857174599009,0.2194203761007803,0.01709
2025-08-14T09:10:22.590775,0.003906,0.089844,1.011719,-1,5.074705555245902,0.2203368375941571,0.01709
2025-08-14T09:10:23.027775,0.003906,0.09375,1.003906,-1,5.335066912703126,0.2219597159359737,0.01709
2025-08-14T09:10:23.446488,0.011719,0.089844,1.023438,-1,5.016605295666482,0.653530396119924,0.01709
2025-08-14T09:10:23.897492,0.003906,0.089844,1.015625,-1,5.055290319574003,0.2194960430900527,0.01709
2025-08-14T09:10:24.346655,0.007812,0.089844,1.019531,-1,5.035912394311636,0.4373168631268229,0.01709
2025-08-14T09:10:24.788661,0.007812,0.09375,1.007812,-1,5.314389550775362,0.4422071436864255,0.01709
2025-08-14T09:10:25.227655,0.007812,0.089844,1.011719,-1,5.074592692098445,0.4406671584058894,0.01709
2025-08-14T09:10:25.667668,0.003906,0.089844,1.007812,-1,5.094275129610872,0.2211842903210142,0.01709
2025-08-14T09:10:26.101667,0.007812,0.089844,1.019531,-1,5.035912394311636,0.4373168631268229,0.01709
2025-08-14T09:10:26.528666,-0.003906,0.089844,1.011719,-1,5.074705555245902,-0.2203368375941571,0.01709
2025-08-14T09:10:26.955693,0.003906,0.09375,1.015625,-1,5.273857174599009,0.2194203761007803,0.01709
2025-08-14T09:10:27.591693,0.003906,0.097656,1.007812,-1,5.53458470025606,0.2210262307191928,0.01709
2025-08-14T09:10:28.030914,0.007812,0.089844,1.023438,-1,5.016787085495527,0.4356602506868526,0.015869
2025-08-14T09:10:28.462914,0.003906,0.085938,1.011719,-1,4.855159325392881,0.2204101951887956,0.01709
2025-08-14T09:10:28.906763,0.003906,0.089844,1.015625,-1,5.055290319574003,0.2194960430900527,0.01709
2025-08-14T09:10:29.322470,0.003906,0.089844,1.023438,-1,5.016896135374861,0.2178332739241818,0.01709
2025-08-14T09:10:29.789477,0.003906,0.09375,1.003906,-1,5.335066912703126,0.2219597159359737,0.01709
2025-08-14T09:10:30.575471,0.003906,0.085938,1.023438,-1,4.799826781958027,0.2179041584603552,0.01709
2025-08-14T09:10:31.031469,0.003906,0.089844,1.003906,-1,5.113990749744391,0.2220380414583726,0.01709
2025-08-14T09:10:31.474161,0.007812,0.09375,1.011719,-1,5.293984787405834,0.4405140860682329,0.01709
2025-08-14T09:10:31.912143,0.007812,0.097656,1.011719,-1,5.513221308524798,0.4403546701592543,0.01709
2025-08-14T09:10:32.412144,0.007812,0.085938,1.011719,-1,4.855051297116398,0.4408138670841549,0.01709
2025-08-14T09:10:32.867723,0.011719,0.09375,1.015625,-1,5.273546883809885,0.6582915542876178,0.01709
2025-08-14T09:10:33.354453,0.003906,0.09375,1.019531,-1,5.253765691153519,0.2185868085970974,0.01709
2025-08-14T09:10:33.792453,0.007812,0.09375,1.007812,-1,5.314389550775362,0.4422071436864255,0.01709
2025-08-14T09:10:34.223475,0.007812,0.089844,1.023438,-1,5.016787085495527,0.4356602506868526,0.015869
2025-08-14T09:10:34.732474,0.003906,0.089844,1.023438,-1,5.016896135374861,0.2178332739241818,0.015869
2025-08-14T09:10:35.158578,0.003906,0.097656,1.015625,-1,5.492270213166848,0.219341572710269,0.01709
2025-08-14T09:10:35.595579,0.011719,0.089844,1.011719,-1,5.074404545801972,0.6610408494201002,0.01709
2025-08-14T09:10:36.044578,0.003906,0.089844,1.007812,-1,5.094275129610872,0.2211842903210142,0.01709
2025-08-14T09:10:36.466755,0.003906,0.09375,1.019531,-1,5.253765691153519,0.2185868085970974,0.01709
2025-08-14T09:10:36.936755,0.003906,0.09375,1.015625,-1,5.273857174599009,0.2194203761007803,0.01709
2025-08-14T09:10:37.440755,0.003906,0.089844,1.011719,-1,5.074705555245902,0.2203368375941571,0.01709
2025-08-14T09:10:37.882755,0.003906,0.089844,1.007812,-1,5.094275129610872,0.2211842903210142,0.015869
2025-08-14T09:10:38.416072,0.003906,0.09375,1.023438,-1,5.233821198234859,0.2177593129857423,0.01709
2025-08-14T09:10:38.855937,0.007812,0.089844,1.011719,-1,5.074592692098445,0.4406671584058894,0.01709
2025-08-14T09:10:39.358936,0.007812,0.089844,1.011719,-1,5.074592692098445,0.4406671584058894,0.01709
2025-08-14T09:10:39.845485,0.003906,0.09375,1.019531,-1,5.253765691153519,0.2185868085970974,0.01709
2025-08-14T09:10:40.284065,0.007812,0.089844,1.023438,-1,5.016787085495527,0.4356602506868526,0.01709
2025-08-14T09:10:40.736068,0.003906,0.089844,1.019531,-1,5.036022696165984,0.218661616199015,0.01709
2025-08-14T09:10:41.172065,0.003906,0.089844,1.019531,-1,5.036022696165984,0.218661616199015,0.01709
2025-08-14T09:10:41.598559,0.007812,0.09375,1.019531,-1,5.253650672624266,0.4371672544577104,0.01709
2025-08-14T09:10:42.035698,0.003906,0.089844,1.011719,-1,5.074705555245902,0.2203368375941571,0.01709
2025-08-14T09:10:42.467698,0.003906,0.089844,1.019531,-1,5.036022696165984,0.218661616199015,0.01709
2025-08-14T09:10:42.902894,0.003906,0.089844,1.015625,-1,5.055290319574003,0.2194960430900527,0.01709
2025-08-14T09:10:43.332621,0.003906,0.101562,1.003906,-1,5.77673524036029,0.2217933419617886,0.01709
2025-08-14T09:10:43.767632,0.007812,0.085938,1.011719,-1,4.855051297116398,0.4408138670841549,0.01709
2025-08-14T09:10:44.197633,0.003906,0.09375,1.011719,-1,5.2941024755146735,0.2202602980309219,0.01709
2025-08-14T09:10:44.643609,0.003906,0.09375,1.015625,-1,5.273857174599009,0.2194203761007803,0.01709
2025-08-14T09:10:45.080646,0.003906,0.089844,1.011719,-1,5.074705555245902,0.2203368375941571,0.01709
2025-08-14T09:10:45.508866,0.003906,0.097656,1.011719,-1,5.513343811278554,0.2201805865438625,0.01709
2025-08-14T09:10:45.942973,0.011719,0.089844,1.019531,-1,5.035728517520141,0.6560153465157633,0.01709
2025-08-14T09:10:46.380692,0.003906,0.089844,1.011719,-1,5.074705555245902,0.2203368375941571,0.01709
2025-08-14T09:10:46.809692,0.003906,0.09375,1.007812,-1,5.314508605002041,0.2211068645152699,0.01709
2025-08-14T09:10:47.232693,0.007812,0.089844,1.019531,-1,5.035912394311636,0.4373168631268229,0.01709
2025-08-14T09:10:47.995692,-0.003906,0.101562,1.015625,-1,5.710523256713693,-0.2192596431633997,0.01709
2025-08-14T09:10:48.546006,0.011719,0.09375,1.011719,-1,5.293788597744054,0.6608112382957926,0.01709
2025-08-14T09:10:49.123483,0.003906,0.089844,1.007812,-1,5.094275129610872,0.2211842903210142,0.01709
2025-08-14T09:10:49.565514,0.003906,0.097656,1.011719,-1,5.513343811278554,0.2201805865438625,0.01709
2025-08-14T09:10:50.218749,0.011719,0.085938,1.011719,-1,4.854871210703855,0.6612609149354195,0.01709
2025-08-14T09:10:50.631749,0.003906,0.09375,1.011719,-1,5.2941024755146735,0.2202602980309219,0.01709
2025-08-14T09:10:51.070557,0.003906,0.089844,1.007812,-1,5.094275129610872,0.2211842903210142,0.01709
2025-08-14T09:10:51.487108,0.003906,0.089844,1.015625,-1,5.055290319574003,0.2194960430900527,0.01709
2025-08-14T09:10:51.912005,0.003906,0.089844,1.007812,-1,5.094275129610872,0.2211842903210142,0.01709
2025-08-14T09:10:52.350004,0.003906,0.097656,1.015625,-1,5.492270213166848,0.219341572710269,0.01709
2025-08-14T09:10:52.777325,0.003906,0.089844,1.019531,-1,5.036022696165984,0.218661616199015,0.015869
2025-08-14T09:10:53.214708,0.003906,0.09375,1.007812,-1,5.314508605002041,0.2211068645152699,0.01709
2025-08-14T09:10:53.639707,0.003906,0.089844,1.011719,-1,5.074705555245902,0.2203368375941571,0.01709
2025-08-14T09:10:54.265223,0.003906,0.09375,1.019531,-1,5.253765691153519,0.2185868085970974,0.01709
2025-08-14T09:10:54.726224,0.003906,0.09375,1.007812,-1,5.314508605002041,0.2211068645152699,0.01709
2025-08-14T09:10:55.155958,0.003906,0.097656,1.019531,-1,5.471356611118988,0.2185088995917032,0.01709
2025-08-14T09:10:55.586959,0.003906,0.085938,1.007812,-1,4.873890619806268,0.2212584978981514,0.01709
2025-08-14T09:10:56.021960,0.007812,0.085938,1.015625,-1,4.836469060684925,0.4391306787920853,0.01709
2025-08-14T09:10:56.560775,0.007812,0.09375,1.007812,-1,5.314389550775362,0.4422071436864255,0.01709
2025-08-14T09:10:57.372776,0.003906,0.089844,1.011719,-1,5.074705555245902,0.2203368375941571,0.01709
2025-08-14T09:10:57.910773,0.003906,0.09375,1.015625,-1,5.273857174599009,0.2194203761007803,0.01709
2025-08-14T09:10:58.348772,0.003906,0.089844,1.015625,-1,5.055290319574003,0.2194960430900527,0.01709
2025-08-14T09:10:58.790674,0.003906,0.09375,1.019531,-1,5.253765691153519,0.2185868085970974,0.01709
2025-08-14T09:10:59.250676,0.003906,0.089844,1.011719,-1,5.074705555245902,0.2203368375941571,0.01709
2025-08-14T09:10:59.680285,0.007812,0.089844,1.015625,-1,5.0551787468593545,0.43898564371507,0.01709
2025-08-14T09:11:00.313982,0.007812,0.089844,1.011719,-1,5.074592692098445,0.4406671584058894,0.01709
2025-08-14T09:11:00.852259,0.003906,0.09375,1.035156,-1,5.174898519894152,0.2153144617149565,0.01709
2025-08-14T09:11:01.290864,0.003906,0.089844,1.015625,-1,5.055290319574003,0.2194960430900527,0.01709
2025-08-14T09:11:01.729865,0.003906,0.089844,1.015625,-1,5.055290319574003,0.2194960430900527,0.01709
2025-08-14T09:11:02.168187,0.003906,0.089844,1.019531,-1,5.036022696165984,0.218661616199015,0.01709
2025-08-14T09:11:02.616188,0.007812,0.089844,1.015625,-1,5.0551787468593545,0.43898564371507,0.01709
2025-08-14T09:11:03.065412,0.003906,0.085938,1.019531,-1,4.81813376260626,0.2187333127266207,0.01709
2025-08-14T09:11:03.499953,0.007812,0.089844,1.015625,-1,5.0551787468593545,0.43898564371507,0.01709
2025-08-14T09:11:03.962952,0.003906,0.09375,1.015625,-1,5.273857174599009,0.2194203761007803,0.01709
2025-08-14T09:11:04.502816,0.003906,0.089844,1.015625,-1,5.055290319574003,0.2194960430900527,0.01709
2025-08-14T09:11:04.938814,0.003906,0.09375,1.007812,-1,5.314508605002041,0.2211068645152699,0.015869
2025-08-14T09:11:05.359848,0.007812,0.089844,1.011719,-1,5.074592692098445,0.4406671584058894,0.01709
2025-08-14T09:11:06.110532,0.011719,0.089844,1.015625,-1,5.054992751627201,0.6585185479807234,0.01709
2025-08-14T09:11:06.634969,0.007812,0.09375,1.007812,-1,5.314389550775362,0.4422071436864255,0.01709
2025-08-14T09:11:07.065970,0.007812,0.089844,1.019531,-1,5.035912394311636,0.4373168631268229,0.01709
2025-08-14T09:11:07.504012,0.003906,0.09375,1.015625,-1,5.273857174599009,0.2194203761007803,0.01709
2025-08-14T09:11:07.932226,0.003906,0.09375,1.007812,-1,5.314508605002041,0.2211068645152699,0.01709
2025-08-14T09:11:08.368228,0.003906,0.089844,1.011719,-1,5.074705555245902,0.2203368375941571,0.01709
2025-08-14T09:11:09.005157,0.007812,0.085938,1.011719,-1,4.855051297116398,0.4408138670841549,0.015869
2025-08-14T09:11:09.445074,0.007812,0.089844,1.011719,-1,5.074592692098445,0.4406671584058894,0.01709
2025-08-14T09:11:09.872074,0.003906,0.085938,1.019531,-1,4.81813376260626,0.2187333127266207,0.015869
2025-08-14T09:11:10.316018,0.003906,0.09375,1.015625,-1,5.273857174599009,0.2194203761007803,0.01709
2025-08-14T09:11:10.743436,0.011719,0.09375,1.007812,-1,5.314191083889861,0.663350853020479,0.01709
2025-08-14T09:11:11.182550,0.007812,0.089844,1.011719,-1,5.074592692098445,0.4406671584058894,0.01709
2025-08-14T09:11:11.604550,0.003906,0.089844,1.015625,-1,5.055290319574003,0.2194960430900527,0.01709
2025-08-14T09:11:12.046916,0.003906,0.085938,1.011719,-1,4.855159325392881,0.2204101951887956,0.01709
2025-08-14T09:11:12.596934,0.003906,0.089844,1.003906,-1,5.113990749744391,0.2220380414583726,0.01709
2025-08-14T09:11:13.020171,0.003906,0.089844,1.015625,-1,5.055290319574003,0.2194960430900527,0.01709
2025-08-14T09:11:13.458257,0.003906,0.085938,1.015625,-1,4.8365758532668846,0.219568563822405,0.01709
2025-08-14T09:11:14.223012,0.011719,0.089844,1.011719,-1,5.074404545801972,0.6610408494201002,0.01709
2025-08-14T09:11:14.655012,-0.003906,0.089844,1.019531,-1,5.036022696165984,-0.218661616199015,0.01709
2025-08-14T09:11:15.089336,0.007812,0.089844,1.019531,-1,5.035912394311636,0.4373168631268229,0.01709
2025-08-14T09:11:15.557901,0.003906,0.089844,1.015625,-1,5.055290319574003,0.2194960430900527,0.01709
2025-08-14T09:11:15.993352,0.003906,0.085938,1.015625,-1,4.8365758532668846,0.219568563822405,0.01709
2025-08-14T09:11:16.422199,0.007812,0.089844,1.015625,-1,5.0551787468593545,0.43898564371507,0.01709
2025-08-14T09:11:16.849198,0.003906,0.09375,1.015625,-1,5.273857174599009,0.2194203761007803,0.01709
2025-08-14T09:11:17.284756,0.007812,0.089844,1.015625,-1,5.0551787468593545,0.43898564371507,0.01709
2025-08-14T09:11:17.838503,0.003906,0.089844,1.011719,-1,5.074705555245902,0.2203368375941571,0.015869
2025-08-14T09:11:18.382748,0.003906,0.089844,1.007812,-1,5.094275129610872,0.2211842903210142,0.01709
2025-08-14T09:11:18.934557,0.003906,0.09375,1.023438,-1,5.233821198234859,0.2177593129857423,0.01709
2025-08-14T09:11:19.680557,0.003906,0.082031,1.015625,-1,4.61766395819183,0.2196379461886179,0.01709
2025-08-14T09:11:20.116558,0.007812,0.085938,1.015625,-1,4.836469060684925,0.4391306787920853,0.01709
2025-08-14T09:11:20.554585,0.003906,0.09375,1.003906,-1,5.335066912703126,0.2219597159359737,0.01709
2025-08-14T09:11:21.090698,0.007812,0.089844,1.011719,-1,5.074592692098445,0.4406671584058894,0.01709
2025-08-14T09:11:21.541697,0.003906,0.09375,1.007812,-1,5.314508605002041,0.2211068645152699,0.01709
2025-08-14T09:11:21.986447,0.007812,0.089844,1.007812,-1,5.094160955742287,0.4423619883775861,0.015869
2025-08-14T09:11:22.437444,0.007812,0.089844,1.015625,-1,5.0551787468593545,0.43898564371507,0.01709
2025-08-14T09:11:22.878197,0.003906,0.09375,1.015625,-1,5.273857174599009,0.2194203761007803,0.01709
2025-08-14T09:11:23.311142,0.007812,0.089844,1.011719,-1,5.074592692098445,0.4406671584058894,0.01709
2025-08-14T09:11:23.746136,0.003906,0.09375,1.003906,-1,5.335066912703126,0.2219597159359737,0.01709
2025-08-14T09:11:24.179516,0.011719,0.097656,1.019531,-1,5.471037299892855,0.6555572109492328,0.01709
2025-08-14T09:11:24.619516,0.003906,0.09375,1.011719,-1,5.2941024755146735,0.2202602980309219,0.01709
2025-08-14T09:11:25.050543,0.007812,0.09375,1.015625,-1,5.273740831474121,0.4388343163968418,0.01709
2025-08-14T09:11:25.491703,0.003906,0.089844,1.011719,-1,5.074705555245902,0.2203368375941571,0.01709
2025-08-14T09:11:25.917711,0.003906,0.085938,1.019531,-1,4.81813376260626,0.2187333127266207,0.01709
2025-08-14T09:11:26.487741,0.003906,0.09375,1.011719,-1,5.2941024755146735,0.2202602980309219,0.01709
2025-08-14T09:11:27.191737,0.007812,0.09375,1.015625,-1,5.273740831474121,0.4388343163968418,0.01709
2025-08-14T09:11:27.770737,0.003906,0.085938,1.023438,-1,4.799826781958027,0.2179041584603552,0.01709
2025-08-14T09:11:46.626063,0.003906,0.089844,1.011719,-1,5.074705555245902,0.2203368375941571,0.01709
2025-08-14T09:11:47.168063,0.003906,0.089844,1.011719,-1,5.074705555245902,0.2203368375941571,0.01709
2025-08-14T09:11:47.617054,0.007812,0.097656,1.011719,-1,5.513221308524798,0.4403546701592543,0.01709
2025-08-14T09:11:48.061056,0.003906,0.089844,1.011719,-1,5.074705555245902,0.2203368375941571,0.01709
2025-08-14T09:11:48.513062,0.003906,0.089844,1.015625,-1,5.055290319574003,0.2194960430900527,0.01709
2025-08-14T09:11:48.955073,0.007812,0.089844,1.015625,-1,5.0551787468593545,0.43898564371507,0.01709
2025-08-14T09:11:49.733072,0.003906,0.09375,1.011719,-1,5.2941024755146735,0.2202602980309219,0.015869
2025-08-14T09:11:50.391657,0.003906,0.089844,1.011719,-1,5.074705555245902,0.2203368375941571,0.01709
2025-08-14T09:11:50.837886,0.007812,0.09375,1.019531,-1,5.253650672624266,0.4371672544577104,0.01709
2025-08-14T09:11:51.300351,0.003906,0.089844,1.007812,-1,5.094275129610872,0.2211842903210142,0.01709
2025-08-14T09:11:51.747942,0.007812,0.089844,1.019531,-1,5.035912394311636,0.4373168631268229,0.01709
2025-08-14T09:11:52.220901,0.003906,0.097656,1.015625,-1,5.492270213166848,0.219341572710269,0.01709
2025-08-14T09:11:52.727900,0.007812,0.09375,1.011719,-1,5.293984787405834,0.4405140860682329,0.01709
2025-08-14T09:11:53.153055,0.003906,0.089844,1.015625,-1,5.055290319574003,0.2194960430900527,0.01709
2025-08-14T09:11:53.586055,0.003906,0.09375,1.011719,-1,5.2941024755146735,0.2202602980309219,0.01709
2025-08-14T09:11:54.121778,0.003906,0.09375,1.007812,-1,5.314508605002041,0.2211068645152699,0.015869
2025-08-14T09:11:54.577399,0.003906,0.097656,1.011719,-1,5.513343811278554,0.2201805865438625,0.01709
2025-08-14T09:11:55.006388,0.007812,0.09375,1.011719,-1,5.293984787405834,0.4405140860682329,0.01709
2025-08-14T09:11:55.584744,0.003906,0.09375,1.015625,-1,5.273857174599009,0.2194203761007803,0.01709
2025-08-14T09:11:56.024745,0.003906,0.09375,1.015625,-1,5.273857174599009,0.2194203761007803,0.01709
2025-08-14T09:11:56.460745,0.007812,0.089844,1.011719,-1,5.074592692098445,0.4406671584058894,0.01709
2025-08-14T09:11:57.115504,0.003906,0.089844,1.007812,-1,5.094275129610872,0.2211842903210142,0.01709
2025-08-14T09:11:57.540860,0.007812,0.089844,1.019531,-1,5.035912394311636,0.4373168631268229,0.01709
2025-08-14T09:11:57.996864,0.003906,0.089844,1.011719,-1,5.074705555245902,0.2203368375941571,0.01709
2025-08-14T09:11:58.440250,0.007812,0.09375,1.0,-1,5.355662574697568,0.4456315464756458,0.01709
2025-08-14T09:11:58.977705,0.003906,0.09375,1.019531,-1,5.253765691153519,0.2185868085970974,0.01709
2025-08-14T09:11:59.420663,0.003906,0.09375,1.011719,-1,5.2941024755146735,0.2202602980309219,0.01709
2025-08-14T09:11:59.855660,0.007812,0.09375,1.011719,-1,5.293984787405834,0.4405140860682329,0.01709
2025-08-14T09:12:00.287660,0.003906,0.089844,1.015625,-1,5.055290319574003,0.2194960430900527,0.015869
2025-08-14T09:12:00.731055,0.003906,0.089844,1.007812,-1,5.094275129610872,0.2211842903210142,0.01709
2025-08-14T09:12:01.161076,0.007812,0.089844,1.011719,-1,5.074592692098445,0.4406671584058894,0.01709
2025-08-14T09:12:01.592076,0.007812,0.089844,1.011719,-1,5.074592692098445,0.4406671584058894,0.01709
2025-08-14T09:12:02.024076,0.003906,0.09375,1.019531,-1,5.253765691153519,0.2185868085970974,0.01709
2025-08-14T09:12:02.454076,0.003906,0.09375,1.015625,-1,5.273857174599009,0.2194203761007803,0.015869
2025-08-14T09:12:02.882496,0.003906,0.089844,1.011719,-1,5.074705555245902,0.2203368375941571,0.01709
2025-08-14T09:12:03.326851,0.003906,0.085938,1.015625,-1,4.8365758532668846,0.219568563822405,0.01709
2025-08-14T09:12:03.772850,0.007812,0.085938,1.011719,-1,4.855051297116398,0.4408138670841549,0.01709
2025-08-14T09:12:04.199774,0.003906,0.085938,1.011719,-1,4.855159325392881,0.2204101951887956,0.01709
2025-08-14T09:12:04.650862,0.003906,0.085938,1.011719,-1,4.855159325392881,0.2204101951887956,0.01709
2025-08-14T09:12:05.082726,0.007812,0.09375,1.015625,-1,5.273740831474121,0.4388343163968418,0.01709
2025-08-14T09:12:05.851494,0.007812,0.089844,1.011719,-1,5.074592692098445,0.4406671584058894,0.01709
2025-08-14T09:12:06.280491,0.003906,0.09375,1.015625,-1,5.273857174599009,0.2194203761007803,0.01709
2025-08-14T09:12:06.737492,0.003906,0.09375,1.011719,-1,5.2941024755146735,0.2202602980309219,0.01709
2025-08-14T09:12:07.166194,0.007812,0.09375,1.015625,-1,5.273740831474121,0.4388343163968418,0.01709
2025-08-14T09:12:07.591204,0.003906,0.089844,1.015625,-1,5.055290319574003,0.2194960430900527,0.01709
2025-08-14T09:12:08.162204,0.007812,0.09375,1.011719,-1,5.293984787405834,0.4405140860682329,0.01709
2025-08-14T09:12:08.588010,0.003906,0.09375,1.007812,-1,5.314508605002041,0.2211068645152699,0.01709
2025-08-14T09:12:09.021009,0.007812,0.09375,1.015625,-1,5.273740831474121,0.4388343163968418,0.01709
2025-08-14T09:12:09.453028,0.011719,0.09375,1.019531,-1,5.253458932974111,0.6557909307022759,0.01709
2025-08-14T09:12:09.991990,0.007812,0.089844,1.011719,-1,5.074592692098445,0.4406671584058894,0.01709
2025-08-14T09:12:10.528990,0.007812,0.089844,1.011719,-1,5.074592692098445,0.4406671584058894,0.01709
2025-08-14T09:12:10.952914,0.003906,0.09375,1.027344,-1,5.214032189762759,0.2169382423791886,0.01709
2025-08-14T09:12:11.390914,0.003906,0.089844,1.015625,-1,5.055290319574003,0.2194960430900527,0.01709
2025-08-14T09:12:11.837949,0.003906,0.097656,1.015625,-1,5.492270213166848,0.219341572710269,0.01709
2025-08-14T09:12:12.382216,0.003906,0.09375,1.019531,-1,5.253765691153519,0.2185868085970974,0.015869
2025-08-14T09:12:12.811455,0.007812,0.089844,1.011719,-1,5.074592692098445,0.4406671584058894,0.015869
2025-08-14T09:12:13.244663,0.007812,0.085938,1.015625,-1,4.836469060684925,0.4391306787920853,0.01709
2025-08-14T09:12:13.679663,0.007812,0.09375,1.015625,-1,5.273740831474121,0.4388343163968418,0.01709
2025-08-14T09:12:14.111680,0.003906,0.09375,1.011719,-1,5.2941024755146735,0.2202602980309219,0.01709
2025-08-14T09:12:14.542682,0.011719,0.089844,1.007812,-1,5.093970624564722,0.6635831225730597,0.01709
2025-08-14T09:12:14.974747,0.003906,0.097656,1.015625,-1,5.492270213166848,0.219341572710269,0.01709
2025-08-14T09:12:15.411797,0.003906,0.089844,1.015625,-1,5.055290319574003,0.2194960430900527,0.01709
2025-08-14T09:12:15.851795,0.003906,0.09375,1.015625,-1,5.273857174599009,0.2194203761007803,0.01709
2025-08-14T09:12:16.276248,0.003906,0.09375,1.003906,-1,5.335066912703126,0.2219597159359737,0.01709
2025-08-14T09:12:16.707526,0.003906,0.09375,1.011719,-1,5.2941024755146735,0.2202602980309219,0.01709
2025-08-14T09:12:17.138526,0.007812,0.09375,1.019531,-1,5.253650672624266,0.4371672544577104,0.01709
2025-08-14T09:12:17.560004,0.007812,0.089844,1.019531,-1,5.035912394311636,0.4373168631268229,0.01709
2025-08-14T09:12:18.219003,0.007812,0.089844,1.019531,-1,5.035912394311636,0.4373168631268229,0.01709
2025-08-14T09:12:18.644037,0.003906,0.097656,1.015625,-1,5.492270213166848,0.219341572710269,0.01709
2025-08-14T09:12:19.189276,0.003906,0.09375,1.015625,-1,5.273857174599009,0.2194203761007803,0.01709
2025-08-14T09:12:19.727360,0.015625,0.089844,1.019531,-1,5.035471184075987,0.8746387469468927,0.01709
2025-08-14T09:12:20.162939,0.003906,0.089844,1.019531,-1,5.036022696165984,0.218661616199015,0.01709
2025-08-14T09:12:20.796939,0.007812,0.09375,1.015625,-1,5.273740831474121,0.4388343163968418,0.01709
2025-08-14T09:12:21.336898,0.003906,0.089844,1.011719,-1,5.074705555245902,0.2203368375941571,0.01709
2025-08-14T09:12:21.785659,0.007812,0.089844,1.015625,-1,5.0551787468593545,0.43898564371507,0.01709
2025-08-14T09:12:22.228993,0.003906,0.085938,1.007812,-1,4.873890619806268,0.2212584978981514,0.01709
2025-08-14T09:12:22.698991,0.007812,0.089844,1.011719,-1,5.074592692098445,0.4406671584058894,0.01709
2025-08-14T09:12:23.156993,0.007812,0.09375,1.015625,-1,5.273740831474121,0.4388343163968418,0.01709
2025-08-14T09:12:23.694991,0.003906,0.09375,1.015625,-1,5.273857174599009,0.2194203761007803,0.01709
2025-08-14T09:12:24.128991,0.003906,0.085938,1.015625,-1,4.8365758532668846,0.219568563822405,0.01709
2025-08-14T09:12:24.685199,0.007812,0.09375,1.015625,-1,5.273740831474121,0.4388343163968418,0.01709
2025-08-14T09:12:25.629779,0.003906,0.089844,1.015625,-1,5.055290319574003,0.2194960430900527,0.01709
2025-08-14T09:12:26.070777,0.003906,0.089844,1.011719,-1,5.074705555245902,0.2203368375941571,0.01709
2025-08-14T09:12:26.505359,0.003906,0.09375,1.019531,-1,5.253765691153519,0.2185868085970974,0.01709
2025-08-14T09:12:26.941345,0.003906,0.09375,1.011719,-1,5.2941024755146735,0.2202602980309219,0.01709
2025-08-14T09:12:27.387346,0.007812,0.09375,1.015625,-1,5.273740831474121,0.4388343163968418,0.01709
2025-08-14T09:12:27.818777,0.003906,0.09375,1.011719,-1,5.2941024755146735,0.2202602980309219,0.01709
2025-08-14T09:12:28.244860,0.003906,0.09375,1.007812,-1,5.314508605002041,0.2211068645152699,0.01709
2025-08-14T09:12:28.678415,0.003906,0.089844,1.011719,-1,5.074705555245902,0.2203368375941571,0.01709
2025-08-14T09:12:29.109416,0.007812,0.09375,1.019531,-1,5.253650672624266,0.4371672544577104,0.01709
2025-08-14T09:12:29.650642,0.007812,0.085938,1.011719,-1,4.855051297116398,0.4408138670841549,0.01709
2025-08-14T09:12:30.286533,0.011719,0.089844,1.015625,-1,5.054992751627201,0.6585185479807234,0.01709
2025-08-14T09:12:31.026614,0.003906,0.089844,1.015625,-1,5.055290319574003,0.2194960430900527,0.01709
2025-08-14T09:12:31.472987,0.003906,0.089844,1.019531,-1,5.036022696165984,0.218661616199015,0.01709
2025-08-14T09:12:32.018993,0.003906,0.09375,1.015625,-1,5.273857174599009,0.2194203761007803,0.01709
2025-08-14T09:12:32.457993,0.003906,0.089844,1.019531,-1,5.036022696165984,0.218661616199015,0.01709
2025-08-14T09:12:32.885041,0.003906,0.09375,1.015625,-1,5.273857174599009,0.2194203761007803,0.01709
2025-08-14T09:12:33.540047,0.007812,0.089844,1.015625,-1,5.0551787468593545,0.43898564371507,0.015869
2025-08-14T09:12:33.965510,0.003906,0.09375,1.019531,-1,5.253765691153519,0.2185868085970974,0.01709
2025-08-14T09:12:34.412509,0.007812,0.09375,1.011719,-1,5.293984787405834,0.4405140860682329,0.015869
2025-08-14T09:12:34.843508,0.007812,0.09375,1.011719,-1,5.293984787405834,0.4405140860682329,0.01709
2025-08-14T09:12:35.287072,0.003906,0.089844,1.015625,-1,5.055290319574003,0.2194960430900527,0.01709
2025-08-14T09:12:35.975072,0.007812,0.097656,1.019531,-1,5.471236885846391,0.4370114432478109,0.01709
2025-08-14T09:12:36.398071,0.003906,0.089844,1.007812,-1,5.094275129610872,0.2211842903210142,0.01709
2025-08-14T09:12:36.953072,0.003906,0.09375,1.019531,-1,5.253765691153519,0.2185868085970974,0.01709
2025-08-14T09:12:37.381910,0.007812,0.09375,1.019531,-1,5.253650672624266,0.4371672544577104,0.01709
2025-08-14T09:12:37.823488,0.003906,0.097656,1.027344,-1,5.429996929786256,0.2168620822534611,0.01709
2025-08-14T09:12:38.362763,0.003906,0.09375,1.011719,-1,5.2941024755146735,0.2202602980309219,0.01709
2025-08-14T09:12:38.789880,0.003906,0.09375,1.023438,-1,5.233821198234859,0.2177593129857423,0.015869
2025-08-14T09:12:39.239880,0.003906,0.089844,1.019531,-1,5.036022696165984,0.218661616199015,0.01709
2025-08-14T09:12:39.765924,0.003906,0.09375,1.011719,-1,5.2941024755146735,0.2202602980309219,0.01709
2025-08-14T09:12:40.310481,0.003906,0.09375,1.007812,-1,5.314508605002041,0.2211068645152699,0.01709
2025-08-14T09:12:40.740484,0.003906,0.089844,1.019531,-1,5.036022696165984,0.218661616199015,0.01709
2025-08-14T09:12:41.174341,0.007812,0.09375,1.011719,-1,5.293984787405834,0.4405140860682329,0.01709
2025-08-14T09:12:41.618339,0.003906,0.089844,1.027344,-1,4.997918780157471,0.2170113695692712,0.015869
2025-08-14T09:12:42.045204,0.007812,0.09375,1.011719,-1,5.293984787405834,0.4405140860682329,0.01709
2025-08-14T09:12:42.592205,0.003906,0.089844,1.011719,-1,5.074705555245902,0.2203368375941571,0.01709
2025-08-14T09:12:43.023818,0.003906,0.089844,1.011719,-1,5.074705555245902,0.2203368375941571,0.01709
2025-08-14T09:12:43.464331,0.007812,0.089844,1.011719,-1,5.074592692098445,0.4406671584058894,0.01709
2025-08-14T09:12:43.908234,0.003906,0.085938,1.007812,-1,4.873890619806268,0.2212584978981514,0.01709
2025-08-14T09:12:44.442562,0.003906,0.09375,1.011719,-1,5.2941024755146735,0.2202602980309219,0.015869
2025-08-14T09:12:44.886257,0.003906,0.089844,1.015625,-1,5.055290319574003,0.2194960430900527,0.01709
2025-08-14T09:12:45.418656,0.007812,0.09375,1.015625,-1,5.273740831474121,0.4388343163968418,0.01709
2025-08-14T09:12:45.855673,0.003906,0.09375,1.015625,-1,5.273857174599009,0.2194203761007803,0.01709
2025-08-14T09:12:46.394156,0.003906,0.089844,1.019531,-1,5.036022696165984,0.218661616199015,0.01709
2025-08-14T09:12:46.818156,0.007812,0.089844,1.003906,-1,5.113875245150716,0.4440694140221948,0.01709
2025-08-14T09:12:47.454737,0.003906,0.089844,1.015625,-1,5.055290319574003,0.2194960430900527,0.015869
2025-08-14T09:12:47.889737,0.003906,0.09375,1.015625,-1,5.273857174599009,0.2194203761007803,0.01709
2025-08-14T09:12:48.318463,0.011719,0.09375,1.011719,-1,5.293788597744054,0.6608112382957926,0.01709
2025-08-14T09:12:48.753861,0.003906,0.089844,1.015625,-1,5.055290319574003,0.2194960430900527,0.01709
2025-08-14T09:12:49.180861,0.007812,0.089844,1.019531,-1,5.035912394311636,0.4373168631268229,0.01709
2025-08-14T09:12:49.622894,0.003906,0.085938,1.019531,-1,4.81813376260626,0.2187333127266207,0.01709
2025-08-14T09:12:50.049290,0.007812,0.089844,1.015625,-1,5.0551787468593545,0.43898564371507,0.01709
2025-08-14T09:12:50.803427,-0.003906,0.089844,1.019531,-1,5.036022696165984,-0.218661616199015,0.01709
2025-08-14T09:12:51.380424,0.007812,0.089844,1.015625,-1,5.0551787468593545,0.43898564371507,0.01709
2025-08-14T09:12:51.936427,0.003906,0.09375,1.011719,-1,5.2941024755146735,0.2202602980309219,0.01709
2025-08-14T09:12:52.390424,0.003906,0.09375,1.015625,-1,5.273857174599009,0.2194203761007803,0.01709
2025-08-14T09:12:52.816384,0.003906,0.085938,1.011719,-1,4.855159325392881,0.2204101951887956,0.01709
2025-08-14T09:12:53.263383,0.003906,0.09375,1.007812,-1,5.314508605002041,0.2211068645152699,0.01709
2025-08-14T09:12:53.717384,0.003906,0.09375,1.019531,-1,5.253765691153519,0.2185868085970974,0.01709
2025-08-14T09:12:54.202383,0.003906,0.09375,1.011719,-1,5.2941024755146735,0.2202602980309219,0.015869
2025-08-14T09:12:54.696384,0.003906,0.097656,1.019531,-1,5.471356611118988,0.2185088995917032,0.01709
2025-08-14T09:12:55.140384,0.003906,0.089844,1.011719,-1,5.074705555245902,0.2203368375941571,0.015869
2025-08-14T09:12:55.679237,0.003906,0.09375,1.019531,-1,5.253765691153519,0.2185868085970974,0.01709
2025-08-14T09:12:56.129238,0.003906,0.09375,1.007812,-1,5.314508605002041,0.2211068645152699,0.01709
2025-08-14T09:12:56.686242,0.007812,0.089844,1.019531,-1,5.035912394311636,0.4373168631268229,0.015869
2025-08-14T09:12:57.211577,0.003906,0.09375,1.011719,-1,5.2941024755146735,0.2202602980309219,0.01709
2025-08-14T09:12:57.657377,0.003906,0.089844,1.015625,-1,5.055290319574003,0.2194960430900527,0.01709
2025-08-14T09:12:58.092691,0.007812,0.09375,1.011719,-1,5.293984787405834,0.4405140860682329,0.01709
2025-08-14T09:12:58.523200,0.003906,0.085938,1.015625,-1,4.8365758532668846,0.219568563822405,0.01709
2025-08-14T09:12:58.969199,0.007812,0.089844,1.007812,-1,5.094160955742287,0.4423619883775861,0.015869
2025-08-14T09:12:59.413199,0.003906,0.09375,1.011719,-1,5.2941024755146735,0.2202602980309219,0.015869
2025-08-14T09:12:59.840777,0.003906,0.089844,1.015625,-1,5.055290319574003,0.2194960430900527,0.01709
2025-08-14T09:13:00.296395,0.003906,0.089844,1.019531,-1,5.036022696165984,0.218661616199015,0.01709
2025-08-14T09:13:00.730680,0.003906,0.085938,1.015625,-1,4.8365758532668846,0.219568563822405,0.01709
2025-08-14T09:13:01.382726,0.003906,0.089844,1.015625,-1,5.055290319574003,0.2194960430900527,0.01709
2025-08-14T09:13:01.812798,0.003906,0.09375,1.019531,-1,5.253765691153519,0.2185868085970974,0.01709
2025-08-14T09:13:02.249232,0.003906,0.089844,1.007812,-1,5.094275129610872,0.2211842903210142,0.01709
2025-08-14T09:13:02.697235,0.007812,0.089844,1.015625,-1,5.0551787468593545,0.43898564371507,0.01709
2025-08-14T09:13:03.119833,0.007812,0.089844,1.015625,-1,5.0551787468593545,0.43898564371507,0.01709
2025-08-14T09:13:03.560036,0.003906,0.089844,1.015625,-1,5.055290319574003,0.2194960430900527,0.01709
2025-08-14T09:13:04.099441,0.007812,0.09375,1.011719,-1,5.293984787405834,0.4405140860682329,0.01709
2025-08-14T09:13:04.534634,0.011719,0.089844,1.007812,-1,5.093970624564722,0.6635831225730597,0.01709
2025-08-14T09:13:05.092373,0.003906,0.089844,1.015625,-1,5.055290319574003,0.2194960430900527,0.01709
2025-08-14T09:13:05.880534,0.003906,0.09375,1.015625,-1,5.273857174599009,0.2194203761007803,0.015869
2025-08-14T09:13:06.327533,0.003906,0.09375,1.019531,-1,5.253765691153519,0.2185868085970974,0.01709
2025-08-14T09:13:06.867284,0.007812,0.089844,1.019531,-1,5.035912394311636,0.4373168631268229,0.01709
2025-08-14T09:13:07.311286,0.007812,0.09375,1.015625,-1,5.273740831474121,0.4388343163968418,0.01709
2025-08-14T09:13:07.954089,0.007812,0.089844,1.007812,-1,5.094160955742287,0.4423619883775861,0.01709
2025-08-14T09:13:08.387080,0.003906,0.09375,1.015625,-1,5.273857174599009,0.2194203761007803,0.01709
2025-08-14T09:13:08.819511,0.007812,0.089844,1.015625,-1,5.0551787468593545,0.43898564371507,0.01709
2025-08-14T09:13:09.357461,0.003906,0.089844,1.011719,-1,5.074705555245902,0.2203368375941571,0.01709
2025-08-14T09:13:09.793616,0.003906,0.089844,1.015625,-1,5.055290319574003,0.2194960430900527,0.015869
2025-08-14T09:13:10.223062,0.003906,0.089844,1.019531,-1,5.036022696165984,0.218661616199015,0.01709
2025-08-14T09:13:10.662063,0.003906,0.09375,1.015625,-1,5.273857174599009,0.2194203761007803,0.01709
2025-08-14T09:13:11.095066,0.003906,0.085938,1.023438,-1,4.799826781958027,0.2179041584603552,0.01709
2025-08-14T09:13:11.529496,0.003906,0.085938,1.011719,-1,4.855159325392881,0.2204101951887956,0.01709
2025-08-14T09:13:12.063369,0.011719,0.089844,1.003906,-1,5.113682695749404,0.6661442879768998,0.01709
2025-08-14T09:13:12.490412,0.007812,0.09375,1.015625,-1,5.273740831474121,0.4388343163968418,0.01709
2025-08-14T09:13:12.934421,0.003906,0.09375,1.011719,-1,5.2941024755146735,0.2202602980309219,0.01709
2025-08-14T09:13:13.360743,0.007812,0.09375,1.011719,-1,5.293984787405834,0.4405140860682329,0.01709
2025-08-14T09:13:13.811754,0.015625,0.09375,1.011719,-1,5.293514033119767,0.8810324763047872,0.015869
2025-08-14T09:13:14.235742,0.007812,0.089844,1.011719,-1,5.074592692098445,0.4406671584058894,0.01709
2025-08-14T09:13:14.781854,0.007812,0.089844,1.007812,-1,5.094160955742287,0.4423619883775861,0.015869
2025-08-14T09:13:15.212833,0.003906,0.09375,1.015625,-1,5.273857174599009,0.2194203761007803,0.01709
2025-08-14T09:13:15.652797,0.003906,0.09375,1.011719,-1,5.2941024755146735,0.2202602980309219,0.01709
2025-08-14T09:13:16.085829,0.003906,0.089844,1.015625,-1,5.055290319574003,0.2194960430900527,0.01709
2025-08-14T09:13:16.630692,0.007812,0.09375,1.011719,-1,5.293984787405834,0.4405140860682329,0.01709
2025-08-14T09:13:17.176690,0.003906,0.097656,1.015625,-1,5.492270213166848,0.219341572710269,0.01709
2025-08-14T09:13:17.608690,0.007812,0.089844,1.011719,-1,5.074592692098445,0.4406671584058894,0.015869
2025-08-14T09:13:18.038195,0.003906,0.089844,1.007812,-1,5.094275129610872,0.2211842903210142,0.01709
2025-08-14T09:13:18.480512,0.003906,0.085938,1.011719,-1,4.855159325392881,0.2204101951887956,0.01709
2025-08-14T09:13:18.925959,0.007812,0.089844,1.015625,-1,5.0551787468593545,0.43898564371507,0.01709
2025-08-14T09:13:19.354958,0.003906,0.085938,1.011719,-1,4.855159325392881,0.2204101951887956,0.01709
2025-08-14T09:13:19.810471,0.003906,0.089844,1.015625,-1,5.055290319574003,0.2194960430900527,0.01709
2025-08-14T09:13:20.264662,0.007812,0.089844,1.011719,-1,5.074592692098445,0.4406671584058894,0.01709
2025-08-14T09:13:20.940905,0.003906,0.09375,1.015625,-1,5.273857174599009,0.2194203761007803,0.015869
2025-08-14T09:13:21.378905,0.003906,0.09375,1.015625,-1,5.273857174599009,0.2194203761007803,0.01709
2025-08-14T09:13:21.915526,0.003906,0.09375,1.015625,-1,5.273857174599009,0.2194203761007803,0.01709
2025-08-14T09:13:22.365526,0.007812,0.089844,1.015625,-1,5.0551787468593545,0.43898564371507,0.01709
2025-08-14T09:13:22.914526,0.003906,0.089844,1.015625,-1,5.055290319574003,0.2194960430900527,0.01709
2025-08-14T09:13:23.350578,0.007812,0.085938,1.011719,-1,4.855051297116398,0.4408138670841549,0.01709
2025-08-14T09:13:23.892355,0.007812,0.089844,1.015625,-1,5.0551787468593545,0.43898564371507,0.01709
2025-08-14T09:13:24.325157,0.003906,0.089844,1.007812,-1,5.094275129610872,0.2211842903210142,0.015869
2025-08-14T09:13:24.778157,0.007812,0.089844,1.011719,-1,5.074592692098445,0.4406671584058894,0.015869
2025-08-14T09:13:25.211560,0.007812,0.089844,1.011719,-1,5.074592692098445,0.4406671584058894,0.015869
2025-08-14T09:13:25.662013,0.003906,0.089844,1.003906,-1,5.113990749744391,0.2220380414583726,0.01709
2025-08-14T09:13:26.100697,0.007812,0.089844,1.011719,-1,5.074592692098445,0.4406671584058894,0.01709
2025-08-14T09:13:26.535077,0.007812,0.09375,1.011719,-1,5.293984787405834,0.4405140860682329,0.01709
2025-08-14T09:13:26.981079,0.003906,0.089844,1.011719,-1,5.074705555245902,0.2203368375941571,0.01709
2025-08-14T09:13:27.619944,0.007812,0.09375,1.015625,-1,5.273740831474121,0.4388343163968418,0.015869
2025-08-14T09:13:28.052944,0.007812,0.09375,1.015625,-1,5.273740831474121,0.4388343163968418,0.01709
2025-08-14T09:13:28.488924,0.003906,0.089844,1.007812,-1,5.094275129610872,0.2211842903210142,0.01709
2025-08-14T09:13:28.927680,0.003906,0.089844,1.015625,-1,5.055290319574003,0.2194960430900527,0.01709
2025-08-14T09:13:29.359826,0.003906,0.089844,1.007812,-1,5.094275129610872,0.2211842903210142,0.015869
2025-08-14T09:13:29.905677,0.003906,0.09375,1.011719,-1,5.2941024755146735,0.2202602980309219,0.01709
2025-08-14T09:13:30.357675,0.007812,0.089844,1.015625,-1,5.0551787468593545,0.43898564371507,0.01709
2025-08-14T09:13:30.788691,0.003906,0.089844,1.019531,-1,5.036022696165984,0.218661616199015,0.01709
2025-08-14T09:13:31.232915,0.007812,0.089844,1.019531,-1,5.035912394311636,0.4373168631268229,0.01709
2025-08-14T09:13:31.673013,0.003906,0.089844,1.015625,-1,5.055290319574003,0.2194960430900527,0.01709
2025-08-14T09:13:32.103094,0.003906,0.09375,1.015625,-1,5.273857174599009,0.2194203761007803,0.01709
2025-08-14T09:13:32.548094,0.007812,0.089844,1.015625,-1,5.0551787468593545,0.43898564371507,0.01709
2025-08-14T09:13:32.976700,0.003906,0.089844,1.007812,-1,5.094275129610872,0.2211842903210142,0.01709
2025-08-14T09:13:33.411258,0.003906,0.089844,1.011719,-1,5.074705555245902,0.2203368375941571,0.01709
2025-08-14T09:13:33.866228,0.007812,0.089844,1.011719,-1,5.074592692098445,0.4406671584058894,0.01709
2025-08-14T09:13:34.293252,0.003906,0.09375,1.019531,-1,5.253765691153519,0.2185868085970974,0.01709
2025-08-14T09:13:34.732252,0.003906,0.097656,1.011719,-1,5.513343811278554,0.2201805865438625,0.01709
2025-08-14T09:13:35.170253,0.007812,0.085938,1.011719,-1,4.855051297116398,0.4408138670841549,0.01709
2025-08-14T09:13:35.894206,-0.003906,0.089844,1.019531,-1,5.036022696165984,-0.218661616199015,0.01709
2025-08-14T09:13:36.337204,0.007812,0.089844,1.011719,-1,5.074592692098445,0.4406671584058894,0.01709
2025-08-14T09:13:36.776204,0.003906,0.089844,1.019531,-1,5.036022696165984,0.218661616199015,0.01709
2025-08-14T09:13:37.320492,0.003906,0.089844,1.015625,-1,5.055290319574003,0.2194960430900527,0.01709
2025-08-14T09:13:37.759291,0.003906,0.089844,1.007812,-1,5.094275129610872,0.2211842903210142,0.01709
2025-08-14T09:13:38.198290,0.003906,0.09375,1.015625,-1,5.273857174599009,0.2194203761007803,0.01709
2025-08-14T09:13:38.737310,0.007812,0.09375,1.007812,-1,5.314389550775362,0.4422071436864255,0.01709
2025-08-14T09:13:39.178310,0.003906,0.09375,1.011719,-1,5.2941024755146735,0.2202602980309219,0.01709
2025-08-14T09:13:39.711067,0.003906,0.089844,1.011719,-1,5.074705555245902,0.2203368375941571,0.01709
2025-08-14T09:13:40.153606,0.003906,0.085938,1.019531,-1,4.81813376260626,0.2187333127266207,0.01709
2025-08-14T09:13:40.596606,0.003906,0.089844,1.011719,-1,5.074705555245902,0.2203368375941571,0.01709
2025-08-14T09:13:41.455256,0.007812,0.09375,1.011719,-1,5.293984787405834,0.4405140860682329,0.01709
2025-08-14T09:13:41.899874,0.003906,0.09375,1.015625,-1,5.273857174599009,0.2194203761007803,0.01709
2025-08-14T09:13:42.330620,0.003906,0.089844,1.019531,-1,5.036022696165984,0.218661616199015,0.01709
2025-08-14T09:13:42.767618,0.003906,0.089844,1.011719,-1,5.074705555245902,0.2203368375941571,0.01709
2025-08-14T09:13:43.208791,0.003906,0.085938,1.011719,-1,4.855159325392881,0.2204101951887956,0.01709
2025-08-14T09:13:43.653794,0.003906,0.089844,1.011719,-1,5.074705555245902,0.2203368375941571,0.01709
2025-08-14T09:13:44.110791,0.003906,0.09375,1.015625,-1,5.273857174599009,0.2194203761007803,0.01709
2025-08-14T09:13:44.539268,0.003906,0.085938,1.007812,-1,4.873890619806268,0.2212584978981514,0.01709
2025-08-14T09:13:45.090269,0.003906,0.09375,1.015625,-1,5.273857174599009,0.2194203761007803,0.01709
2025-08-14T09:13:45.742272,-0.003906,0.089844,1.007812,-1,5.094275129610872,-0.2211842903210142,0.01709
2025-08-14T09:13:46.175266,0.003906,0.089844,1.007812,-1,5.094275129610872,0.2211842903210142,0.01709
2025-08-14T09:13:46.619267,0.007812,0.09375,1.011719,-1,5.293984787405834,0.4405140860682329,0.01709
2025-08-14T09:13:47.053252,0.003906,0.089844,1.011719,-1,5.074705555245902,0.2203368375941571,0.01709
2025-08-14T09:13:47.494252,0.003906,0.09375,1.011719,-1,5.2941024755146735,0.2202602980309219,0.01709
2025-08-14T09:13:47.932807,0.003906,0.09375,1.019531,-1,5.253765691153519,0.2185868085970974,0.01709
2025-08-14T09:13:48.367580,0.007812,0.09375,1.007812,-1,5.314389550775362,0.4422071436864255,0.01709
2025-08-14T09:13:48.800580,0.007812,0.09375,1.015625,-1,5.273740831474121,0.4388343163968418,0.01709
2025-08-14T09:13:49.226887,0.003906,0.089844,1.015625,-1,5.055290319574003,0.2194960430900527,0.015869
2025-08-14T09:13:49.679465,0.003906,0.09375,1.003906,-1,5.335066912703126,0.2219597159359737,0.015869
2025-08-14T09:13:50.118493,0.007812,0.089844,1.019531,-1,5.035912394311636,0.4373168631268229,0.01709
2025-08-14T09:13:50.725240,0.007812,0.09375,1.007812,-1,5.314389550775362,0.4422071436864255,0.01709
2025-08-14T09:13:51.306259,0.003906,0.085938,1.019531,-1,4.81813376260626,0.2187333127266207,0.01709
2025-08-14T09:13:51.860911,0.007812,0.09375,1.007812,-1,5.314389550775362,0.4422071436864255,0.01709
2025-08-14T09:13:52.285911,0.003906,0.089844,1.007812,-1,5.094275129610872,0.2211842903210142,0.01709
2025-08-14T09:13:52.726346,0.003906,0.09375,1.011719,-1,5.2941024755146735,0.2202602980309219,0.01709
2025-08-14T09:13:53.169351,0.003906,0.09375,1.019531,-1,5.253765691153519,0.2185868085970974,0.015869
2025-08-14T09:13:53.599364,0.003906,0.09375,1.015625,-1,5.273857174599009,0.2194203761007803,0.01709
2025-08-14T09:13:54.049167,0.007812,0.09375,1.015625,-1,5.273740831474121,0.4388343163968418,0.01709
2025-08-14T09:13:54.486955,0.003906,0.089844,1.007812,-1,5.094275129610872,0.2211842903210142,0.01709
2025-08-14T09:13:54.913882,0.007812,0.097656,1.015625,-1,5.492149109753544,0.4386767165473251,0.01709
2025-08-14T09:13:55.447913,0.007812,0.085938,1.011719,-1,4.855051297116398,0.4408138670841549,0.01709
2025-08-14T09:13:55.887912,0.003906,0.09375,1.011719,-1,5.2941024755146735,0.2202602980309219,0.01709
2025-08-14T09:13:56.319538,0.003906,0.085938,1.011719,-1,4.855159325392881,0.2204101951887956,0.01709
2025-08-14T09:13:56.777990,0.007812,0.089844,1.015625,-1,5.0551787468593545,0.43898564371507,0.01709
2025-08-14T09:13:57.321308,0.007812,0.09375,1.011719,-1,5.293984787405834,0.4405140860682329,0.01709
2025-08-14T09:13:57.874554,0.003906,0.097656,1.011719,-1,5.513343811278554,0.2201805865438625,0.01709
2025-08-14T09:13:58.307556,0.007812,0.089844,1.003906,-1,5.113875245150716,0.4440694140221948,0.01709
2025-08-14T09:13:58.756554,0.011719,0.09375,1.007812,-1,5.314191083889861,0.663350853020479,0.01709
2025-08-14T09:13:59.198606,0.007812,0.097656,1.015625,-1,5.492149109753544,0.4386767165473251,0.015869
2025-08-14T09:13:59.632047,0.003906,0.09375,1.019531,-1,5.253765691153519,0.2185868085970974,0.01709
2025-08-14T09:14:00.074340,0.003906,0.089844,1.019531,-1,5.036022696165984,0.218661616199015,0.01709
2025-08-14T09:14:00.505828,0.003906,0.09375,1.011719,-1,5.2941024755146735,0.2202602980309219,0.01709
2025-08-14T09:14:00.947836,0.003906,0.09375,1.011719,-1,5.2941024755146735,0.2202602980309219,0.01709
2025-08-14T09:14:01.377827,0.003906,0.085938,1.015625,-1,4.8365758532668846,0.219568563822405,0.01709
2025-08-14T09:14:01.829826,0.003906,0.085938,1.019531,-1,4.81813376260626,0.2187333127266207,0.01709
2025-08-14T09:14:02.277826,0.007812,0.09375,1.019531,-1,5.253650672624266,0.4371672544577104,0.01709
2025-08-14T09:14:02.727128,0.003906,0.09375,1.011719,-1,5.2941024755146735,0.2202602980309219,0.01709
2025-08-14T09:14:03.175159,0.003906,0.09375,1.015625,-1,5.273857174599009,0.2194203761007803,0.01709
2025-08-14T09:14:03.608160,0.003906,0.089844,1.015625,-1,5.055290319574003,0.2194960430900527,0.01709
2025-08-14T09:14:04.046159,0.003906,0.089844,1.023438,-1,5.016896135374861,0.2178332739241818,0.01709
2025-08-14T09:14:04.487470,0.011719,0.09375,1.011719,-1,5.293788597744054,0.6608112382957926,0.01709
2025-08-14T09:14:04.930471,0.007812,0.09375,1.015625,-1,5.273740831474121,0.4388343163968418,0.01709
2025-08-14T09:14:05.374341,0.003906,0.089844,1.019531,-1,5.036022696165984,0.218661616199015,0.01709
2025-08-14T09:14:06.078341,0.003906,0.089844,1.007812,-1,5.094275129610872,0.2211842903210142,0.01709
2025-08-14T09:14:06.621305,0.007812,0.09375,1.019531,-1,5.253650672624266,0.4371672544577104,0.01709
2025-08-14T09:14:07.057591,0.003906,0.09375,1.011719,-1,5.2941024755146735,0.2202602980309219,0.01709
2025-08-14T09:14:07.490251,0.003906,0.089844,1.015625,-1,5.055290319574003,0.2194960430900527,0.01709
2025-08-14T09:14:07.930250,0.007812,0.089844,1.007812,-1,5.094160955742287,0.4423619883775861,0.01709
2025-08-14T09:14:08.364368,0.003906,0.089844,1.015625,-1,5.055290319574003,0.2194960430900527,0.01709
2025-08-14T09:14:08.808368,0.003906,0.09375,1.011719,-1,5.2941024755146735,0.2202602980309219,0.01709
2025-08-14T09:14:09.341549,0.007812,0.089844,1.011719,-1,5.074592692098445,0.4406671584058894,0.015869
2025-08-14T09:14:09.784476,0.003906,0.089844,1.007812,-1,5.094275129610872,0.2211842903210142,0.015869
2025-08-14T09:14:10.321858,0.003906,0.09375,1.011719,-1,5.2941024755146735,0.2202602980309219,0.015869
2025-08-14T09:14:10.757375,0.003906,0.09375,1.015625,-1,5.273857174599009,0.2194203761007803,0.01709
2025-08-14T09:14:11.200376,0.007812,0.089844,1.023438,-1,5.016787085495527,0.4356602506868526,0.01709
2025-08-14T09:14:11.630443,0.003906,0.089844,1.011719,-1,5.074705555245902,0.2203368375941571,0.015869
2025-08-14T09:14:12.178563,0.003906,0.09375,1.023438,-1,5.233821198234859,0.2177593129857423,0.01709
2025-08-14T09:14:12.713570,0.003906,0.085938,1.011719,-1,4.855159325392881,0.2204101951887956,0.01709
2025-08-14T09:14:13.168050,0.003906,0.09375,1.015625,-1,5.273857174599009,0.2194203761007803,0.015869
2025-08-14T09:14:13.601847,0.003906,0.089844,1.007812,-1,5.094275129610872,0.2211842903210142,0.01709
2025-08-14T09:14:14.034389,0.007812,0.085938,1.007812,-1,4.873781336396888,0.4425103968946299,0.01709
2025-08-14T09:14:14.476389,0.003906,0.09375,1.011719,-1,5.2941024755146735,0.2202602980309219,0.01709
2025-08-14T09:14:14.913976,0.007812,0.089844,1.015625,-1,5.0551787468593545,0.43898564371507,0.01709
2025-08-14T09:14:15.456113,0.003906,0.09375,1.011719,-1,5.2941024755146735,0.2202602980309219,0.01709
2025-08-14T09:14:16.102939,0.003906,0.09375,1.015625,-1,5.273857174599009,0.2194203761007803,0.01709
2025-08-14T09:14:16.542939,0.007812,0.09375,1.015625,-1,5.273740831474121,0.4388343163968418,0.01709
2025-08-14T09:14:16.987962,0.007812,0.09375,1.011719,-1,5.293984787405834,0.4405140860682329,0.01709
2025-08-14T09:14:17.415149,0.007812,0.089844,1.015625,-1,5.0551787468593545,0.43898564371507,0.01709
2025-08-14T09:14:17.859149,0.007812,0.09375,1.007812,-1,5.314389550775362,0.4422071436864255,0.01709
2025-08-14T09:14:18.302265,0.003906,0.097656,1.011719,-1,5.513343811278554,0.2201805865438625,0.01709
2025-08-14T09:14:18.762215,0.003906,0.09375,1.019531,-1,5.253765691153519,0.2185868085970974,0.01709
2025-08-14T09:14:19.201160,0.003906,0.089844,1.007812,-1,5.094275129610872,0.2211842903210142,0.01709
2025-08-14T09:14:19.748678,0.003906,0.089844,1.011719,-1,5.074705555245902,0.2203368375941571,0.01709
2025-08-14T09:14:20.208680,0.007812,0.089844,1.015625,-1,5.0551787468593545,0.43898564371507,0.01709
2025-08-14T09:14:20.945676,0.007812,0.089844,1.011719,-1,5.074592692098445,0.4406671584058894,0.01709
2025-08-14T09:14:21.660678,0.007812,0.09375,1.015625,-1,5.273740831474121,0.4388343163968418,0.01709
2025-08-14T09:14:22.108783,0.007812,0.09375,1.007812,-1,5.314389550775362,0.4422071436864255,0.01709
2025-08-14T09:14:22.549784,0.007812,0.09375,1.015625,-1,5.273740831474121,0.4388343163968418,0.01709
2025-08-14T09:14:23.008784,0.003906,0.089844,1.007812,-1,5.094275129610872,0.2211842903210142,0.01709
2025-08-14T09:14:23.487785,0.003906,0.09375,1.011719,-1,5.2941024755146735,0.2202602980309219,0.01709
2025-08-14T09:14:23.932849,0.007812,0.089844,1.015625,-1,5.0551787468593545,0.43898564371507,0.01709
2025-08-14T09:14:24.367904,0.003906,0.089844,1.015625,-1,5.055290319574003,0.2194960430900527,0.01709
2025-08-14T09:14:24.794905,0.003906,0.085938,1.023438,-1,4.799826781958027,0.2179041584603552,0.01709
2025-08-14T09:14:25.254008,0.007812,0.089844,1.015625,-1,5.0551787468593545,0.43898564371507,0.01709
2025-08-14T09:14:25.698007,0.007812,0.09375,1.007812,-1,5.314389550775362,0.4422071436864255,0.015869
2025-08-14T09:14:26.133034,0.003906,0.089844,1.011719,-1,5.074705555245902,0.2203368375941571,0.01709
2025-08-14T09:14:26.667033,0.003906,0.09375,1.007812,-1,5.314508605002041,0.2211068645152699,0.01709
2025-08-14T09:14:27.098360,0.003906,0.09375,1.015625,-1,5.273857174599009,0.2194203761007803,0.01709
2025-08-14T09:14:27.532359,0.007812,0.085938,1.007812,-1,4.873781336396888,0.4425103968946299,0.01709
2025-08-14T09:14:27.975145,0.003906,0.085938,1.015625,-1,4.8365758532668846,0.219568563822405,0.01709
2025-08-14T09:14:28.418176,0.007812,0.09375,1.011719,-1,5.293984787405834,0.4405140860682329,0.01709
2025-08-14T09:14:28.862523,0.003906,0.09375,1.015625,-1,5.273857174599009,0.2194203761007803,0.01709
2025-08-14T09:14:29.311558,0.003906,0.09375,1.015625,-1,5.273857174599009,0.2194203761007803,0.01709
2025-08-14T09:14:29.747558,0.003906,0.09375,1.015625,-1,5.273857174599009,0.2194203761007803,0.01709
2025-08-14T09:14:30.195605,0.007812,0.085938,1.015625,-1,4.836469060684925,0.4391306787920853,0.015869
2025-08-14T09:14:30.627605,0.007812,0.097656,1.011719,-1,5.513221308524798,0.4403546701592543,0.01709
2025-08-14T09:14:31.276054,0.007812,0.085938,1.019531,-1,4.818028186966343,0.437460249914878,0.01709
2025-08-14T09:14:31.710055,0.007812,0.09375,1.011719,-1,5.293984787405834,0.4405140860682329,0.01709
2025-08-14T09:14:32.138085,0.003906,0.089844,1.011719,-1,5.074705555245902,0.2203368375941571,0.01709
2025-08-14T09:14:32.581449,0.003906,0.09375,1.015625,-1,5.273857174599009,0.2194203761007803,0.01709
2025-08-14T09:14:33.014822,0.003906,0.085938,1.015625,-1,4.8365758532668846,0.219568563822405,0.01709
2025-08-14T09:14:33.451226,0.003906,0.089844,1.007812,-1,5.094275129610872,0.2211842903210142,0.015869
2025-08-14T09:14:33.909225,0.003906,0.085938,1.015625,-1,4.8365758532668846,0.219568563822405,0.015869
2025-08-14T09:14:34.454933,0.007812,0.09375,1.019531,-1,5.253650672624266,0.4371672544577104,0.01709
2025-08-14T09:14:34.997680,0.003906,0.085938,1.011719,-1,4.855159325392881,0.2204101951887956,0.01709
2025-08-14T09:14:35.439679,0.007812,0.089844,1.011719,-1,5.074592692098445,0.4406671584058894,0.01709
2025-08-14T09:14:36.032679,0.007812,0.089844,1.015625,-1,5.0551787468593545,0.43898564371507,0.01709
2025-08-14T09:14:37.101470,0.003906,0.089844,1.011719,-1,5.074705555245902,0.2203368375941571,0.015869
2025-08-14T09:14:37.537471,0.003906,0.09375,1.015625,-1,5.273857174599009,0.2194203761007803,0.01709
2025-08-14T09:14:39.021984,0.003906,0.09375,1.015625,-1,5.273857174599009,0.2194203761007803,0.01709
2025-08-14T09:14:39.468984,0.003906,0.085938,1.011719,-1,4.855159325392881,0.2204101951887956,0.01709
2025-08-14T09:14:39.926000,0.007812,0.089844,1.015625,-1,5.0551787468593545,0.43898564371507,0.015869
2025-08-14T09:14:40.356015,0.007812,0.089844,1.007812,-1,5.094160955742287,0.4423619883775861,0.015869
2025-08-14T09:14:40.806781,0.003906,0.09375,1.011719,-1,5.2941024755146735,0.2202602980309219,0.01709
2025-08-14T09:14:41.236141,0.007812,0.089844,1.011719,-1,5.074592692098445,0.4406671584058894,0.015869
2025-08-14T09:14:41.667763,0.007812,0.089844,1.011719,-1,5.074592692098445,0.4406671584058894,0.01709
2025-08-14T09:14:42.111762,0.003906,0.09375,1.015625,-1,5.273857174599009,0.2194203761007803,0.01709
2025-08-14T09:14:42.547226,0.003906,0.09375,1.019531,-1,5.253765691153519,0.2185868085970974,0.015869
2025-08-14T09:14:43.092226,0.007812,0.097656,1.023438,-1,5.450477534241118,0.4353582861938239,0.01709
2025-08-14T09:14:43.528285,0.003906,0.089844,1.011719,-1,5.074705555245902,0.2203368375941571,0.01709
2025-08-14T09:14:43.967205,0.003906,0.097656,1.011719,-1,5.513343811278554,0.2201805865438625,0.01709
2025-08-14T09:14:44.397209,0.003906,0.089844,1.007812,-1,5.094275129610872,0.2211842903210142,0.01709
2025-08-14T09:14:44.839720,0.007812,0.09375,1.015625,-1,5.273740831474121,0.4388343163968418,0.015869
2025-08-14T09:14:45.277721,0.007812,0.085938,1.015625,-1,4.836469060684925,0.4391306787920853,0.015869
2025-08-14T09:14:45.724731,0.007812,0.085938,1.007812,-1,4.873781336396888,0.4425103968946299,0.01709
2025-08-14T09:14:46.173869,0.003906,0.097656,1.019531,-1,5.471356611118988,0.2185088995917032,0.01709
2025-08-14T09:14:46.610869,0.003906,0.09375,1.023438,-1,5.233821198234859,0.2177593129857423,0.01709
2025-08-14T09:14:47.047471,0.007812,0.09375,1.003906,-1,5.334946471521609,0.4439127700322686,0.01709
2025-08-14T09:14:47.697418,0.003906,0.09375,1.011719,-1,5.2941024755146735,0.2202602980309219,0.01709
2025-08-14T09:14:48.350256,0.003906,0.089844,1.007812,-1,5.094275129610872,0.2211842903210142,0.01709
2025-08-14T09:14:48.797929,0.007812,0.09375,1.011719,-1,5.293984787405834,0.4405140860682329,0.01709
2025-08-14T09:14:49.233527,0.003906,0.09375,1.003906,-1,5.335066912703126,0.2219597159359737,0.01709
2025-08-14T09:14:49.670528,0.007812,0.089844,1.015625,-1,5.0551787468593545,0.43898564371507,0.01709
2025-08-14T09:14:50.224421,0.003906,0.089844,1.011719,-1,5.074705555245902,0.2203368375941571,0.015869
2025-08-14T09:14:51.028419,0.007812,0.089844,1.015625,-1,5.0551787468593545,0.43898564371507,0.01709
2025-08-14T09:14:51.465419,0.003906,0.097656,1.007812,-1,5.53458470025606,0.2210262307191928,0.01709
2025-08-14T09:14:51.908064,0.003906,0.089844,1.007812,-1,5.094275129610872,0.2211842903210142,0.015869
2025-08-14T09:14:52.355063,0.007812,0.09375,1.007812,-1,5.314389550775362,0.4422071436864255,0.01709
2025-08-14T09:14:52.825064,0.007812,0.09375,1.015625,-1,5.273740831474121,0.4388343163968418,0.01709
2025-08-14T09:14:53.286065,0.007812,0.09375,1.019531,-1,5.253650672624266,0.4371672544577104,0.01709
2025-08-14T09:14:53.838191,0.003906,0.089844,1.019531,-1,5.036022696165984,0.218661616199015,0.01709
2025-08-14T09:14:54.280190,0.003906,0.097656,1.015625,-1,5.492270213166848,0.219341572710269,0.015869
2025-08-14T09:14:54.733190,0.003906,0.09375,1.015625,-1,5.273857174599009,0.2194203761007803,0.01709
2025-08-14T09:14:55.186064,0.007812,0.097656,1.011719,-1,5.513221308524798,0.4403546701592543,0.01709
2025-08-14T09:14:55.621553,0.007812,0.09375,1.011719,-1,5.293984787405834,0.4405140860682329,0.01709
2025-08-14T09:14:56.163130,0.003906,0.085938,1.011719,-1,4.855159325392881,0.2204101951887956,0.01709
2025-08-14T09:14:56.695212,0.007812,0.09375,1.023438,-1,5.233707484628725,0.4355123352218989,0.015869
2025-08-14T09:14:57.140212,0.003906,0.089844,1.011719,-1,5.074705555245902,0.2203368375941571,0.01709
2025-08-14T09:14:57.576211,0.007812,0.089844,1.019531,-1,5.035912394311636,0.4373168631268229,0.01709
2025-08-14T09:14:58.023504,0.003906,0.089844,1.007812,-1,5.094275129610872,0.2211842903210142,0.01709
2025-08-14T09:14:58.567504,0.003906,0.09375,1.019531,-1,5.253765691153519,0.2185868085970974,0.01709
2025-08-14T09:14:59.004431,0.007812,0.09375,1.011719,-1,5.293984787405834,0.4405140860682329,0.01709
2025-08-14T09:14:59.441113,0.003906,0.089844,1.015625,-1,5.055290319574003,0.2194960430900527,0.01709
2025-08-14T09:14:59.989113,0.003906,0.085938,1.011719,-1,4.855159325392881,0.2204101951887956,0.01709
2025-08-14T09:15:00.528949,0.003906,0.089844,1.007812,-1,5.094275129610872,0.2211842903210142,0.01709
2025-08-14T09:15:00.975233,0.003906,0.085938,1.011719,-1,4.855159325392881,0.2204101951887956,0.01709
2025-08-14T09:15:01.414958,0.003906,0.085938,1.019531,-1,4.81813376260626,0.2187333127266207,0.01709
2025-08-14T09:15:01.853633,0.003906,0.089844,1.011719,-1,5.074705555245902,0.2203368375941571,0.01709
2025-08-14T09:15:02.291633,0.007812,0.09375,1.015625,-1,5.273740831474121,0.4388343163968418,0.01709
2025-08-14T09:15:02.727801,0.007812,0.089844,1.011719,-1,5.074592692098445,0.4406671584058894,0.01709
2025-08-14T09:15:03.273117,0.003906,0.09375,1.015625,-1,5.273857174599009,0.2194203761007803,0.01709
2025-08-14T09:15:03.710189,0.003906,0.089844,1.011719,-1,5.074705555245902,0.2203368375941571,0.01709
2025-08-14T09:15:04.148184,0.003906,0.089844,1.015625,-1,5.055290319574003,0.2194960430900527,0.01709
2025-08-14T09:15:04.581182,0.003906,0.089844,1.011719,-1,5.074705555245902,0.2203368375941571,0.01709
2025-08-14T09:15:05.028568,0.007812,0.089844,1.015625,-1,5.0551787468593545,0.43898564371507,0.01709
2025-08-14T09:15:05.645541,0.003906,0.089844,1.007812,-1,5.094275129610872,0.2211842903210142,0.01709
2025-08-14T09:15:06.631110,0.003906,0.089844,1.003906,-1,5.113990749744391,0.2220380414583726,0.01709
2025-08-14T09:15:07.062110,0.007812,0.09375,1.019531,-1,5.253650672624266,0.4371672544577104,0.01709
2025-08-14T09:15:07.499920,0.007812,0.089844,1.011719,-1,5.074592692098445,0.4406671584058894,0.01709
2025-08-14T09:15:07.935575,0.003906,0.09375,1.015625,-1,5.273857174599009,0.2194203761007803,0.01709
2025-08-14T09:15:08.378575,0.003906,0.097656,1.019531,-1,5.471356611118988,0.2185088995917032,0.01709
2025-08-14T09:15:08.822659,0.003906,0.089844,1.019531,-1,5.036022696165984,0.218661616199015,0.01709
2025-08-14T09:15:09.273651,0.003906,0.09375,1.015625,-1,5.273857174599009,0.2194203761007803,0.01709
2025-08-14T09:15:09.711449,0.007812,0.097656,1.015625,-1,5.492149109753544,0.4386767165473251,0.01709
2025-08-14T09:15:10.149028,0.003906,0.089844,1.019531,-1,5.036022696165984,0.218661616199015,0.01709
2025-08-14T09:15:10.579054,0.003906,0.089844,1.015625,-1,5.055290319574003,0.2194960430900527,0.01709
2025-08-14T09:15:11.014054,0.003906,0.09375,1.011719,-1,5.2941024755146735,0.2202602980309219,0.01709
2025-08-14T09:15:11.442054,0.011719,0.085938,1.015625,-1,4.836291034091546,0.658736103188308,0.01709
2025-08-14T09:15:11.876099,0.007812,0.089844,1.015625,-1,5.0551787468593545,0.43898564371507,0.015869
2025-08-14T09:15:12.326157,0.011719,0.089844,1.007812,-1,5.093970624564722,0.6635831225730597,0.01709
2025-08-14T09:15:12.757155,0.003906,0.089844,1.019531,-1,5.036022696165984,0.218661616199015,0.01709
2025-08-14T09:15:13.204190,0.003906,0.089844,1.011719,-1,5.074705555245902,0.2203368375941571,0.01709
2025-08-14T09:15:13.647947,0.003906,0.089844,1.007812,-1,5.094275129610872,0.2211842903210142,0.01709
2025-08-14T09:15:14.086499,0.003906,0.089844,1.007812,-1,5.094275129610872,0.2211842903210142,0.01709
2025-08-14T09:15:14.533504,0.007812,0.089844,1.007812,-1,5.094160955742287,0.4423619883775861,0.01709
2025-08-14T09:15:14.968941,0.007812,0.09375,1.015625,-1,5.273740831474121,0.4388343163968418,0.015869
2025-08-14T09:15:15.414942,0.003906,0.085938,1.011719,-1,4.855159325392881,0.2204101951887956,0.01709
2025-08-14T09:15:15.852014,0.003906,0.089844,1.011719,-1,5.074705555245902,0.2203368375941571,0.015869
2025-08-14T09:15:16.291523,-0.003906,0.09375,1.019531,-1,5.253765691153519,-0.2185868085970974,0.015869
2025-08-14T09:15:16.732030,0.003906,0.089844,1.019531,-1,5.036022696165984,0.218661616199015,0.01709
2025-08-14T09:15:17.170771,0.003906,0.089844,1.015625,-1,5.055290319574003,0.2194960430900527,0.01709
2025-08-14T09:15:17.620772,0.003906,0.09375,1.007812,-1,5.314508605002041,0.2211068645152699,0.01709
2025-08-14T09:15:18.063727,0.007812,0.097656,1.019531,-1,5.471236885846391,0.4370114432478109,0.01709
2025-08-14T09:15:18.497057,0.003906,0.09375,1.023438,-1,5.233821198234859,0.2177593129857423,0.01709
2025-08-14T09:15:18.938107,0.003906,0.09375,1.011719,-1,5.2941024755146735,0.2202602980309219,0.01709
2025-08-14T09:15:19.376107,0.007812,0.089844,1.019531,-1,5.035912394311636,0.4373168631268229,0.01709
2025-08-14T09:15:19.804107,0.003906,0.09375,1.019531,-1,5.253765691153519,0.2185868085970974,0.01709
2025-08-14T09:15:20.264117,0.003906,0.089844,1.015625,-1,5.055290319574003,0.2194960430900527,0.015869
2025-08-14T09:15:21.030956,0.007812,0.097656,1.011719,-1,5.513221308524798,0.4403546701592543,0.01709
2025-08-14T09:15:21.490956,0.003906,0.097656,1.011719,-1,5.513343811278554,0.2201805865438625,0.015869
2025-08-14T09:15:22.032469,-0.003906,0.089844,1.019531,-1,5.036022696165984,-0.218661616199015,0.01709
2025-08-14T09:15:22.468033,0.003906,0.09375,1.015625,-1,5.273857174599009,0.2194203761007803,0.01709
2025-08-14T09:15:22.903921,0.003906,0.09375,1.011719,-1,5.2941024755146735,0.2202602980309219,0.01709
2025-08-14T09:15:23.452922,0.003906,0.089844,1.011719,-1,5.074705555245902,0.2203368375941571,0.01709
2025-08-14T09:15:23.899920,-0.007812,0.09375,1.015625,-1,5.273740831474121,-0.4388343163968418,0.01709
2025-08-14T09:15:24.356920,0.003906,0.097656,1.011719,-1,5.513343811278554,0.2201805865438625,0.01709
2025-08-14T09:15:24.806921,0.003906,0.085938,1.003906,-1,4.892761801397561,0.2221131119522437,0.01709
2025-08-14T09:15:25.259372,0.007812,0.09375,1.011719,-1,5.293984787405834,0.4405140860682329,0.015869
2025-08-14T09:15:25.916966,0.007812,0.09375,1.011719,-1,5.293984787405834,0.4405140860682329,0.01709
2025-08-14T09:15:26.476965,0.003906,0.09375,1.015625,-1,5.273857174599009,0.2194203761007803,0.015869
2025-08-14T09:15:26.911305,0.007812,0.089844,1.015625,-1,5.0551787468593545,0.43898564371507,0.015869
2025-08-14T09:15:27.361791,0.011719,0.09375,1.015625,-1,5.273546883809885,0.6582915542876178,0.01709
2025-08-14T09:15:27.799247,0.003906,0.09375,1.019531,-1,5.253765691153519,0.2185868085970974,0.01709
2025-08-14T09:15:28.230845,0.007812,0.09375,1.015625,-1,5.273740831474121,0.4388343163968418,0.01709
2025-08-14T09:15:28.686844,0.007812,0.09375,1.019531,-1,5.253650672624266,0.4371672544577104,0.01709
2025-08-14T09:15:29.229526,0.007812,0.085938,1.011719,-1,4.855051297116398,0.4408138670841549,0.01709
2025-08-14T09:15:29.671527,0.003906,0.09375,1.015625,-1,5.273857174599009,0.2194203761007803,0.01709
2025-08-14T09:15:30.103712,0.011719,0.085938,1.011719,-1,4.854871210703855,0.6612609149354195,0.01709
2025-08-14T09:15:30.916111,0.003906,0.085938,1.019531,-1,4.81813376260626,0.2187333127266207,0.01709
2025-08-14T09:15:31.358136,0.003906,0.089844,1.011719,-1,5.074705555245902,0.2203368375941571,0.01709
2025-08-14T09:15:31.813137,0.003906,0.089844,1.015625,-1,5.055290319574003,0.2194960430900527,0.01709
2025-08-14T09:15:32.276467,0.007812,0.089844,1.015625,-1,5.0551787468593545,0.43898564371507,0.01709
2025-08-14T09:15:32.708441,0.007812,0.09375,1.011719,-1,5.293984787405834,0.4405140860682329,0.01709
2025-08-14T09:15:33.151444,0.007812,0.09375,1.011719,-1,5.293984787405834,0.4405140860682329,0.01709
2025-08-14T09:15:33.588997,0.007812,0.089844,1.015625,-1,5.0551787468593545,0.43898564371507,0.01709
2025-08-14T09:15:34.241451,0.003906,0.089844,1.011719,-1,5.074705555245902,0.2203368375941571,0.01709
2025-08-14T09:15:34.688948,0.007812,0.09375,1.015625,-1,5.273740831474121,0.4388343163968418,0.015869
2025-08-14T09:15:35.132261,0.003906,0.089844,1.011719,-1,5.074705555245902,0.2203368375941571,0.01709
2025-08-14T09:15:35.843263,0.007812,0.097656,1.015625,-1,5.492149109753544,0.4386767165473251,0.015869
2025-08-14T09:15:36.415985,0.003906,0.09375,1.019531,-1,5.253765691153519,0.2185868085970974,0.01709
2025-08-14T09:15:36.848984,0.007812,0.089844,1.019531,-1,5.035912394311636,0.4373168631268229,0.01709
2025-08-14T09:15:37.402152,0.003906,0.09375,1.019531,-1,5.253765691153519,0.2185868085970974,0.015869
2025-08-14T09:15:37.837147,0.003906,0.089844,1.011719,-1,5.074705555245902,0.2203368375941571,0.01709
2025-08-14T09:15:38.271517,0.007812,0.085938,1.023438,-1,4.799722405166162,0.4358020136098905,0.01709
2025-08-14T09:15:38.733519,0.003906,0.089844,1.003906,-1,5.113990749744391,0.2220380414583726,0.015869
2025-08-14T09:15:39.176588,0.011719,0.089844,1.011719,-1,5.074404545801972,0.6610408494201002,0.01709
2025-08-14T09:15:39.626957,0.003906,0.09375,1.015625,-1,5.273857174599009,0.2194203761007803,0.01709
2025-08-14T09:15:40.066957,0.007812,0.09375,1.019531,-1,5.253650672624266,0.4371672544577104,0.01709
2025-08-14T09:15:40.502957,0.003906,0.085938,1.015625,-1,4.8365758532668846,0.219568563822405,0.01709
2025-08-14T09:15:41.050066,0.007812,0.089844,1.011719,-1,5.074592692098445,0.4406671584058894,0.01709
2025-08-14T09:15:41.587710,0.003906,0.09375,1.019531,-1,5.253765691153519,0.2185868085970974,0.01709
2025-08-14T09:15:42.022334,0.007812,0.089844,1.015625,-1,5.0551787468593545,0.43898564371507,0.01709
2025-08-14T09:15:42.466561,0.003906,0.09375,1.011719,-1,5.2941024755146735,0.2202602980309219,0.01709
2025-08-14T09:15:42.912559,0.003906,0.085938,1.011719,-1,4.855159325392881,0.2204101951887956,0.01709
2025-08-14T09:15:43.354560,0.007812,0.09375,1.023438,-1,5.233707484628725,0.4355123352218989,0.01709
2025-08-14T09:15:43.792654,0.011719,0.097656,1.007812,-1,5.534254191122398,0.6631089598021543,0.01709
2025-08-14T09:15:44.233655,0.003906,0.09375,1.007812,-1,5.314508605002041,0.2211068645152699,0.01709
2025-08-14T09:15:44.673114,0.007812,0.089844,1.011719,-1,5.074592692098445,0.4406671584058894,0.015869
2025-08-14T09:15:45.104212,0.003906,0.09375,1.015625,-1,5.273857174599009,0.2194203761007803,0.01709
2025-08-14T09:15:45.562214,0.003906,0.09375,1.03125,-1,5.194391851831989,0.2161233147546444,0.01709
2025-08-14T09:15:45.994007,0.003906,0.09375,1.015625,-1,5.273857174599009,0.2194203761007803,0.01709
2025-08-14T09:15:46.445849,0.003906,0.089844,1.007812,-1,5.094275129610872,0.2211842903210142,0.01709
2025-08-14T09:15:46.886471,0.007812,0.085938,1.019531,-1,4.818028186966343,0.437460249914878,0.01709
2025-08-14T09:15:47.320166,0.003906,0.09375,1.011719,-1,5.2941024755146735,0.2202602980309219,0.015869
2025-08-14T09:15:47.769167,0.007812,0.09375,1.007812,-1,5.314389550775362,0.4422071436864255,0.01709
2025-08-14T09:15:48.206560,0.003906,0.097656,1.011719,-1,5.513343811278554,0.2201805865438625,0.01709
2025-08-14T09:15:48.643563,0.007812,0.097656,1.015625,-1,5.492149109753544,0.4386767165473251,0.01709
2025-08-14T09:15:49.178810,0.003906,0.09375,1.011719,-1,5.2941024755146735,0.2202602980309219,0.01709
2025-08-14T09:15:49.611079,0.003906,0.09375,1.019531,-1,5.253765691153519,0.2185868085970974,0.01709
2025-08-14T09:15:50.249078,0.003906,0.089844,1.015625,-1,5.055290319574003,0.2194960430900527,0.01709
2025-08-14T09:15:50.820120,0.007812,0.09375,1.007812,-1,5.314389550775362,0.4422071436864255,0.015869
2025-08-14T09:15:51.379114,0.007812,0.089844,1.015625,-1,5.0551787468593545,0.43898564371507,0.01709
2025-08-14T09:15:51.813399,0.003906,0.09375,1.011719,-1,5.2941024755146735,0.2202602980309219,0.01709
2025-08-14T09:15:52.257263,0.003906,0.09375,1.019531,-1,5.253765691153519,0.2185868085970974,0.01709
2025-08-14T09:15:53.146656,0.003906,0.089844,1.019531,-1,5.036022696165984,0.218661616199015,0.01709
2025-08-14T09:15:53.644653,0.003906,0.089844,1.015625,-1,5.055290319574003,0.2194960430900527,0.01709
2025-08-14T09:15:54.178652,0.007812,0.09375,1.011719,-1,5.293984787405834,0.4405140860682329,0.01709
2025-08-14T09:15:54.652652,0.007812,0.089844,1.007812,-1,5.094160955742287,0.4423619883775861,0.01709
2025-08-14T09:15:55.144653,0.007812,0.09375,1.011719,-1,5.293984787405834,0.4405140860682329,0.01709
2025-08-14T09:15:55.752652,0.011719,0.09375,1.007812,-1,5.314191083889861,0.663350853020479,0.01709
2025-08-14T09:15:56.243652,0.007812,0.089844,1.011719,-1,5.074592692098445,0.4406671584058894,0.01709
2025-08-14T09:15:56.761653,0.007812,0.09375,1.007812,-1,5.314389550775362,0.4422071436864255,0.01709
2025-08-14T09:15:57.272653,0.003906,0.09375,1.007812,-1,5.314508605002041,0.2211068645152699,0.01709
2025-08-14T09:15:57.783652,0.007812,0.089844,1.015625,-1,5.0551787468593545,0.43898564371507,0.01709
2025-08-14T09:15:58.279652,0.003906,0.09375,1.007812,-1,5.314508605002041,0.2211068645152699,0.015869
2025-08-14T09:15:58.752652,0.007812,0.09375,1.019531,-1,5.253650672624266,0.4371672544577104,0.01709
2025-08-14T09:15:59.220650,0.003906,0.085938,1.015625,-1,4.8365758532668846,0.219568563822405,0.01709
2025-08-14T09:15:59.671651,0.007812,0.09375,1.015625,-1,5.273740831474121,0.4388343163968418,0.01709
2025-08-14T09:16:00.126653,0.003906,0.089844,1.015625,-1,5.055290319574003,0.2194960430900527,0.015869
2025-08-14T09:16:00.672652,0.007812,0.09375,1.011719,-1,5.293984787405834,0.4405140860682329,0.01709
2025-08-14T09:16:01.120652,0.007812,0.09375,1.011719,-1,5.293984787405834,0.4405140860682329,0.01709
2025-08-14T09:16:01.668652,0.003906,0.089844,1.011719,-1,5.074705555245902,0.2203368375941571,0.01709
2025-08-14T09:16:02.115654,0.003906,0.089844,1.023438,-1,5.016896135374861,0.2178332739241818,0.01709
2025-08-14T09:16:02.557652,0.003906,0.09375,1.019531,-1,5.253765691153519,0.2185868085970974,0.015869
2025-08-14T09:16:02.999652,0.003906,0.089844,1.015625,-1,5.055290319574003,0.2194960430900527,0.01709
2025-08-14T09:16:03.450652,0.003906,0.085938,1.011719,-1,4.855159325392881,0.2204101951887956,0.015869
2025-08-14T09:16:03.899651,0.007812,0.089844,1.007812,-1,5.094160955742287,0.4423619883775861,0.01709
2025-08-14T09:16:04.335651,0.007812,0.09375,1.007812,-1,5.314389550775362,0.4422071436864255,0.015869
2025-08-14T09:16:04.786654,0.007812,0.09375,1.011719,-1,5.293984787405834,0.4405140860682329,0.01709
2025-08-14T09:16:05.224652,0.003906,0.089844,1.015625,-1,5.055290319574003,0.2194960430900527,0.01709
2025-08-14T09:16:05.805657,0.003906,0.085938,1.019531,-1,4.81813376260626,0.2187333127266207,0.015869
2025-08-14T09:16:06.584651,0.003906,0.089844,1.015625,-1,5.055290319574003,0.2194960430900527,0.01709
2025-08-14T09:16:07.034651,0.007812,0.089844,1.011719,-1,5.074592692098445,0.4406671584058894,0.015869
2025-08-14T09:16:07.473651,0.003906,0.089844,1.011719,-1,5.074705555245902,0.2203368375941571,0.01709
2025-08-14T09:16:07.935652,0.003906,0.089844,1.011719,-1,5.074705555245902,0.2203368375941571,0.01709
2025-08-14T09:16:08.412665,0.003906,0.089844,1.015625,-1,5.055290319574003,0.2194960430900527,0.015869
2025-08-14T09:16:08.863652,0.003906,0.089844,1.007812,-1,5.094275129610872,0.2211842903210142,0.01709
2025-08-14T09:16:09.314651,0.003906,0.09375,1.015625,-1,5.273857174599009,0.2194203761007803,0.01709
2025-08-14T09:16:09.788651,0.003906,0.089844,1.015625,-1,5.055290319574003,0.2194960430900527,0.01709
2025-08-14T09:16:10.225651,0.003906,0.089844,1.015625,-1,5.055290319574003,0.2194960430900527,0.01709
2025-08-14T09:16:10.784652,0.003906,0.089844,1.015625,-1,5.055290319574003,0.2194960430900527,0.01709
2025-08-14T09:16:11.335652,0.007812,0.089844,1.011719,-1,5.074592692098445,0.4406671584058894,0.01709
2025-08-14T09:16:11.795653,0.007812,0.097656,1.015625,-1,5.492149109753544,0.4386767165473251,0.01709
2025-08-14T09:16:12.248651,0.003906,0.09375,1.015625,-1,5.273857174599009,0.2194203761007803,0.01709
2025-08-14T09:16:12.691653,0.003906,0.085938,1.015625,-1,4.8365758532668846,0.219568563822405,0.01709
2025-08-14T09:16:13.147653,0.007812,0.09375,1.019531,-1,5.253650672624266,0.4371672544577104,0.015869
2025-08-14T09:16:13.608653,0.003906,0.089844,1.015625,-1,5.055290319574003,0.2194960430900527,0.015869
2025-08-14T09:16:14.073653,0.003906,0.089844,1.019531,-1,5.036022696165984,0.218661616199015,0.015869
2025-08-14T09:16:14.532652,0.003906,0.097656,1.019531,-1,5.471356611118988,0.2185088995917032,0.01709
2025-08-14T09:16:15.093653,0.003906,0.097656,1.007812,-1,5.53458470025606,0.2210262307191928,0.01709
2025-08-14T09:16:15.559652,0.007812,0.089844,1.007812,-1,5.094160955742287,0.4423619883775861,0.01709
2025-08-14T09:16:16.004653,0.003906,0.097656,1.015625,-1,5.492270213166848,0.219341572710269,0.015869
2025-08-14T09:16:16.583652,0.007812,0.089844,1.011719,-1,5.074592692098445,0.4406671584058894,0.01709
2025-08-14T09:16:17.057653,0.007812,0.09375,1.015625,-1,5.273740831474121,0.4388343163968418,0.01709
2025-08-14T09:16:17.539652,0.003906,0.09375,1.019531,-1,5.253765691153519,0.2185868085970974,0.01709
2025-08-14T09:16:18.008652,0.007812,0.085938,1.019531,-1,4.818028186966343,0.437460249914878,0.015869
2025-08-14T09:16:18.565652,0.007812,0.085938,1.015625,-1,4.836469060684925,0.4391306787920853,0.01709
2025-08-14T09:16:19.040652,0.003906,0.09375,1.007812,-1,5.314508605002041,0.2211068645152699,0.01709
2025-08-14T09:16:19.588651,0.003906,0.089844,1.015625,-1,5.055290319574003,0.2194960430900527,0.015869
2025-08-14T09:16:20.269653,0.011719,0.089844,1.011719,-1,5.074404545801972,0.6610408494201002,0.015869
2025-08-14T09:16:21.149652,0.003906,0.09375,1.019531,-1,5.253765691153519,0.2185868085970974,0.015869
2025-08-14T09:16:21.630652,0.003906,0.09375,1.007812,-1,5.314508605002041,0.2211068645152699,0.01709
2025-08-14T09:16:22.838651,0.003906,0.085938,1.019531,-1,4.81813376260626,0.2187333127266207,0.015869
2025-08-14T09:16:23.298652,0.007812,0.089844,1.015625,-1,5.0551787468593545,0.43898564371507,0.015869
2025-08-14T09:16:23.767651,0.003906,0.09375,1.015625,-1,5.273857174599009,0.2194203761007803,0.01709
2025-08-14T09:16:24.226651,0.003906,0.089844,1.011719,-1,5.074705555245902,0.2203368375941571,0.01709
2025-08-14T09:16:24.708653,0.011719,0.085938,1.015625,-1,4.836291034091546,0.658736103188308,0.01709
2025-08-14T09:16:25.387651,0.007812,0.089844,1.011719,-1,5.074592692098445,0.4406671584058894,0.01709
2025-08-14T09:16:25.970651,0.007812,0.085938,1.019531,-1,4.818028186966343,0.437460249914878,0.015869
2025-08-14T09:16:26.427651,0.003906,0.089844,1.011719,-1,5.074705555245902,0.2203368375941571,0.01709
2025-08-14T09:16:27.005652,0.003906,0.09375,1.023438,-1,5.233821198234859,0.2177593129857423,0.015869
2025-08-14T09:16:27.504651,0.007812,0.09375,1.011719,-1,5.293984787405834,0.4405140860682329,0.01709
2025-08-14T09:16:27.990652,0.003906,0.09375,1.007812,-1,5.314508605002041,0.2211068645152699,0.01709
2025-08-14T09:16:28.502652,0.003906,0.09375,1.011719,-1,5.2941024755146735,0.2202602980309219,0.01709
2025-08-14T09:16:28.979652,0.003906,0.089844,1.015625,-1,5.055290319574003,0.2194960430900527,0.01709
2025-08-14T09:16:29.472652,0.003906,0.089844,1.019531,-1,5.036022696165984,0.218661616199015,0.01709
2025-08-14T09:16:29.959651,0.003906,0.089844,1.007812,-1,5.094275129610872,0.2211842903210142,0.01709
2025-08-14T09:16:30.420652,0.003906,0.089844,1.015625,-1,5.055290319574003,0.2194960430900527,0.015869
2025-08-14T09:16:30.884651,0.003906,0.09375,1.015625,-1,5.273857174599009,0.2194203761007803,0.01709
2025-08-14T09:16:31.349651,0.003906,0.09375,1.019531,-1,5.253765691153519,0.2185868085970974,0.01709
2025-08-14T09:16:31.822652,0.003906,0.085938,1.011719,-1,4.855159325392881,0.2204101951887956,0.01709
2025-08-14T09:16:32.283651,0.003906,0.085938,1.011719,-1,4.855159325392881,0.2204101951887956,0.015869
2025-08-14T09:16:32.748653,0.003906,0.09375,1.019531,-1,5.253765691153519,0.2185868085970974,0.015869
2025-08-14T09:16:33.216651,0.003906,0.089844,1.015625,-1,5.055290319574003,0.2194960430900527,0.015869
2025-08-14T09:16:33.661652,0.003906,0.09375,1.011719,-1,5.2941024755146735,0.2202602980309219,0.01709
2025-08-14T09:16:34.119652,0.007812,0.089844,1.015625,-1,5.0551787468593545,0.43898564371507,0.01709
2025-08-14T09:16:34.673651,0.007812,0.097656,1.023438,-1,5.450477534241118,0.4353582861938239,0.015869
2025-08-14T09:16:35.235652,0.003906,0.085938,1.019531,-1,4.81813376260626,0.2187333127266207,0.01709
2025-08-14T09:16:35.965655,0.003906,0.089844,1.007812,-1,5.094275129610872,0.2211842903210142,0.01709
2025-08-14T09:16:36.494652,0.007812,0.09375,1.019531,-1,5.253650672624266,0.4371672544577104,0.01709
2025-08-14T09:16:37.067652,0.007812,0.085938,1.011719,-1,4.855051297116398,0.4408138670841549,0.01709
2025-08-14T09:16:37.643651,0.003906,0.09375,1.015625,-1,5.273857174599009,0.2194203761007803,0.015869
2025-08-14T09:16:38.212651,0.011719,0.089844,1.011719,-1,5.074404545801972,0.6610408494201002,0.01709
2025-08-14T09:16:38.778652,0.003906,0.089844,1.011719,-1,5.074705555245902,0.2203368375941571,0.01709
2025-08-14T09:16:39.231651,0.007812,0.089844,1.023438,-1,5.016787085495527,0.4356602506868526,0.01709
2025-08-14T09:16:39.686652,0.003906,0.097656,1.011719,-1,5.513343811278554,0.2201805865438625,0.01709
2025-08-14T09:16:40.258652,0.003906,0.089844,1.019531,-1,5.036022696165984,0.218661616199015,0.01709
2025-08-14T09:16:40.725651,0.003906,0.089844,1.011719,-1,5.074705555245902,0.2203368375941571,0.01709
2025-08-14T09:16:41.186651,0.007812,0.09375,1.019531,-1,5.253650672624266,0.4371672544577104,0.01709
2025-08-14T09:16:41.662652,0.007812,0.085938,1.011719,-1,4.855051297116398,0.4408138670841549,0.01709
2025-08-14T09:16:42.110652,0.007812,0.089844,1.015625,-1,5.0551787468593545,0.43898564371507,0.015869
2025-08-14T09:16:42.557651,0.007812,0.089844,1.019531,-1,5.035912394311636,0.4373168631268229,0.015869
2025-08-14T09:16:43.035653,0.003906,0.09375,1.011719,-1,5.2941024755146735,0.2202602980309219,0.01709
2025-08-14T09:16:43.717652,0.007812,0.089844,1.011719,-1,5.074592692098445,0.4406671584058894,0.01709
2025-08-14T09:16:44.176651,0.003906,0.09375,1.011719,-1,5.2941024755146735,0.2202602980309219,0.015869
2025-08-14T09:16:44.734652,0.003906,0.09375,1.003906,-1,5.335066912703126,0.2219597159359737,0.015869
2025-08-14T09:16:45.204651,0.007812,0.089844,1.015625,-1,5.0551787468593545,0.43898564371507,0.015869
2025-08-14T09:16:45.680651,0.003906,0.089844,1.011719,-1,5.074705555245902,0.2203368375941571,0.01709
2025-08-14T09:16:46.173651,0.003906,0.09375,1.007812,-1,5.314508605002041,0.2211068645152699,0.015869
2025-08-14T09:16:46.629652,0.011719,0.089844,1.015625,-1,5.054992751627201,0.6585185479807234,0.01709
2025-08-14T09:16:47.082653,0.003906,0.089844,1.011719,-1,5.074705555245902,0.2203368375941571,0.015869
2025-08-14T09:16:47.543651,0.007812,0.09375,1.015625,-1,5.273740831474121,0.4388343163968418,0.01709
2025-08-14T09:16:48.012651,0.003906,0.097656,1.007812,-1,5.53458470025606,0.2210262307191928,0.01709
2025-08-14T09:16:48.493652,0.003906,0.09375,1.015625,-1,5.273857174599009,0.2194203761007803,0.01709
2025-08-14T09:16:48.947652,0.007812,0.09375,1.011719,-1,5.293984787405834,0.4405140860682329,0.01709
2025-08-14T09:16:49.404651,0.003906,0.089844,1.015625,-1,5.055290319574003,0.2194960430900527,0.01709
2025-08-14T09:16:49.872651,0.003906,0.089844,1.011719,-1,5.074705555245902,0.2203368375941571,0.015869
2025-08-14T09:16:50.327653,0.003906,0.089844,1.003906,-1,5.113990749744391,0.2220380414583726,0.015869
2025-08-14T09:16:50.997653,0.007812,0.09375,1.019531,-1,5.253650672624266,0.4371672544577104,0.01709
2025-08-14T09:16:51.456651,0.003906,0.089844,1.007812,-1,5.094275129610872,0.2211842903210142,0.015869
2025-08-14T09:16:51.922652,0.003906,0.089844,1.015625,-1,5.055290319574003,0.2194960430900527,0.01709
2025-08-14T09:16:52.394652,0.003906,0.089844,1.007812,-1,5.094275129610872,0.2211842903210142,0.01709
2025-08-14T09:16:52.869652,0.003906,0.09375,1.019531,-1,5.253765691153519,0.2185868085970974,0.01709
2025-08-14T09:16:53.439651,0.003906,0.09375,1.019531,-1,5.253765691153519,0.2185868085970974,0.01709
2025-08-14T09:16:53.919651,0.003906,0.097656,1.011719,-1,5.513343811278554,0.2201805865438625,0.01709
2025-08-14T09:16:54.372651,0.007812,0.089844,1.019531,-1,5.035912394311636,0.4373168631268229,0.01709
2025-08-14T09:16:54.852651,0.003906,0.09375,1.015625,-1,5.273857174599009,0.2194203761007803,0.01709
2025-08-14T09:16:55.313651,0.003906,0.089844,1.015625,-1,5.055290319574003,0.2194960430900527,0.01709
2025-08-14T09:16:55.761651,0.003906,0.085938,1.019531,-1,4.81813376260626,0.2187333127266207,0.01709
2025-08-14T09:16:56.209651,0.007812,0.09375,1.011719,-1,5.293984787405834,0.4405140860682329,0.01709
2025-08-14T09:16:56.779651,0.003906,0.089844,1.015625,-1,5.055290319574003,0.2194960430900527,0.01709
2025-08-14T09:16:57.269651,0.003906,0.089844,1.011719,-1,5.074705555245902,0.2203368375941571,0.01709
2025-08-14T09:16:57.725653,0.003906,0.089844,1.011719,-1,5.074705555245902,0.2203368375941571,0.015869
2025-08-14T09:16:58.187653,0.011719,0.097656,1.015625,-1,5.4919472265296445,0.6580551516728054,0.01709
2025-08-14T09:16:58.674652,0.003906,0.089844,1.019531,-1,5.036022696165984,0.218661616199015,0.01709
2025-08-14T09:16:59.170651,0.003906,0.09375,1.015625,-1,5.273857174599009,0.2194203761007803,0.015869
2025-08-14T09:16:59.765651,0.007812,0.09375,1.015625,-1,5.273740831474121,0.4388343163968418,0.01709
2025-08-14T09:17:00.242652,0.003906,0.085938,1.011719,-1,4.855159325392881,0.2204101951887956,0.015869
2025-08-14T09:17:00.696652,0.007812,0.09375,1.015625,-1,5.273740831474121,0.4388343163968418,0.015869
2025-08-14T09:17:01.169652,0.007812,0.09375,1.003906,-1,5.334946471521609,0.4439127700322686,0.015869
2025-08-14T09:17:01.737653,0.003906,0.097656,1.011719,-1,5.513343811278554,0.2201805865438625,0.01709
2025-08-14T09:17:02.294651,0.003906,0.097656,1.007812,-1,5.53458470025606,0.2210262307191928,0.01709
2025-08-14T09:17:02.744651,0.007812,0.09375,1.019531,-1,5.253650672624266,0.4371672544577104,0.01709
2025-08-14T09:17:03.197651,0.007812,0.089844,1.015625,-1,5.0551787468593545,0.43898564371507,0.015869
2025-08-14T09:17:03.767652,0.007812,0.089844,1.015625,-1,5.0551787468593545,0.43898564371507,0.015869
2025-08-14T09:17:04.539651,0.007812,0.09375,1.011719,-1,5.293984787405834,0.4405140860682329,0.01709
2025-08-14T09:17:05.011651,0.011719,0.089844,1.011719,-1,5.074404545801972,0.6610408494201002,0.015869
2025-08-14T09:17:05.498653,0.011719,0.085938,1.019531,-1,4.8178521889353,0.656230429380315,0.01709
2025-08-14T09:17:06.229651,0.003906,0.09375,1.007812,-1,5.314508605002041,0.2211068645152699,0.01709
2025-08-14T09:17:06.799652,0.007812,0.09375,1.019531,-1,5.253650672624266,0.4371672544577104,0.01709
2025-08-14T09:17:07.268651,0.003906,0.09375,1.015625,-1,5.273857174599009,0.2194203761007803,0.01709
2025-08-14T09:17:07.736651,0.011719,0.085938,1.007812,-1,4.873599157765114,0.6638057377485203,0.015869
2025-08-14T09:17:08.195651,0.003906,0.09375,1.011719,-1,5.2941024755146735,0.2202602980309219,0.01709
2025-08-14T09:17:08.656652,0.003906,0.09375,1.011719,-1,5.2941024755146735,0.2202602980309219,0.01709
2025-08-14T09:17:09.121651,0.007812,0.089844,1.015625,-1,5.0551787468593545,0.43898564371507,0.01709
2025-08-14T09:17:09.586652,0.003906,0.089844,1.011719,-1,5.074705555245902,0.2203368375941571,0.01709
2025-08-14T09:17:10.173651,0.003906,0.097656,1.011719,-1,5.513343811278554,0.2201805865438625,0.015869
2025-08-14T09:17:10.765652,0.007812,0.097656,1.015625,-1,5.492149109753544,0.4386767165473251,0.015869
2025-08-14T09:17:11.351651,0.003906,0.089844,1.011719,-1,5.074705555245902,0.2203368375941571,0.01709
2025-08-14T09:17:11.821651,0.003906,0.089844,1.011719,-1,5.074705555245902,0.2203368375941571,0.015869
2025-08-14T09:17:12.281652,0.003906,0.089844,1.011719,-1,5.074705555245902,0.2203368375941571,0.01709
2025-08-14T09:17:12.750651,0.007812,0.09375,1.011719,-1,5.293984787405834,0.4405140860682329,0.015869
2025-08-14T09:17:13.212651,0.003906,0.089844,1.011719,-1,5.074705555245902,0.2203368375941571,0.015869
2025-08-14T09:17:13.679652,0.003906,0.09375,1.015625,-1,5.273857174599009,0.2194203761007803,0.01709
2025-08-14T09:17:14.241652,0.011719,0.09375,1.015625,-1,5.273546883809885,0.6582915542876178,0.01709
2025-08-14T09:17:14.709652,0.003906,0.089844,1.015625,-1,5.055290319574003,0.2194960430900527,0.01709
2025-08-14T09:17:15.181651,0.003906,0.089844,1.011719,-1,5.074705555245902,0.2203368375941571,0.015869
2025-08-14T09:17:15.666651,0.003906,0.09375,1.011719,-1,5.2941024755146735,0.2202602980309219,0.01709
2025-08-14T09:17:16.125652,0.003906,0.089844,1.011719,-1,5.074705555245902,0.2203368375941571,0.01709
2025-08-14T09:17:16.638652,0.007812,0.089844,1.019531,-1,5.035912394311636,0.4373168631268229,0.01709
2025-08-14T09:17:17.328652,0.007812,0.089844,1.011719,-1,5.074592692098445,0.4406671584058894,0.015869
2025-08-14T09:17:17.807651,0.003906,0.09375,1.015625,-1,5.273857174599009,0.2194203761007803,0.01709
2025-08-14T09:17:18.400651,0.003906,0.089844,1.015625,-1,5.055290319574003,0.2194960430900527,0.01709
2025-08-14T09:17:18.874653,0.003906,0.089844,1.011719,-1,5.074705555245902,0.2203368375941571,0.015869
2025-08-14T09:17:19.338651,0.003906,0.089844,1.007812,-1,5.094275129610872,0.2211842903210142,0.01709
2025-08-14T09:17:19.796651,0.003906,0.097656,1.015625,-1,5.492270213166848,0.219341572710269,0.01709
2025-08-14T09:17:20.258653,0.003906,0.089844,1.011719,-1,5.074705555245902,0.2203368375941571,0.01709
2025-08-14T09:17:20.813655,0.003906,0.089844,1.011719,-1,5.074705555245902,0.2203368375941571,0.01709
2025-08-14T09:17:21.473653,0.003906,0.09375,1.007812,-1,5.314508605002041,0.2211068645152699,0.01709
2025-08-14T09:17:21.932651,0.007812,0.09375,1.011719,-1,5.293984787405834,0.4405140860682329,0.01709
2025-08-14T09:17:22.395651,0.003906,0.089844,1.007812,-1,5.094275129610872,0.2211842903210142,0.01709
2025-08-14T09:17:22.881653,0.003906,0.09375,1.011719,-1,5.2941024755146735,0.2202602980309219,0.01709
2025-08-14T09:17:23.337651,0.007812,0.085938,1.011719,-1,4.855051297116398,0.4408138670841549,0.01709
2025-08-14T09:17:23.797652,0.007812,0.09375,1.011719,-1,5.293984787405834,0.4405140860682329,0.01709
2025-08-14T09:17:24.356651,0.003906,0.09375,1.007812,-1,5.314508605002041,0.2211068645152699,0.015869
2025-08-14T09:17:24.818651,0.007812,0.089844,1.019531,-1,5.035912394311636,0.4373168631268229,0.01709
2025-08-14T09:17:25.267652,0.007812,0.089844,1.019531,-1,5.035912394311636,0.4373168631268229,0.015869
2025-08-14T09:17:25.716652,0.007812,0.089844,1.015625,-1,5.0551787468593545,0.43898564371507,0.015869
2025-08-14T09:17:26.183653,0.003906,0.09375,1.015625,-1,5.273857174599009,0.2194203761007803,0.01709
2025-08-14T09:17:26.652652,0.003906,0.09375,1.007812,-1,5.314508605002041,0.2211068645152699,0.01709
2025-08-14T09:17:27.114651,0.003906,0.09375,1.007812,-1,5.314508605002041,0.2211068645152699,0.01709
2025-08-14T09:17:27.686652,0.003906,0.09375,1.007812,-1,5.314508605002041,0.2211068645152699,0.01709
2025-08-14T09:17:28.154652,0.007812,0.09375,1.011719,-1,5.293984787405834,0.4405140860682329,0.01709
2025-08-14T09:17:28.712652,0.007812,0.089844,1.011719,-1,5.074592692098445,0.4406671584058894,0.01709
2025-08-14T09:17:29.264652,0.003906,0.085938,1.015625,-1,4.8365758532668846,0.219568563822405,0.01709
2025-08-14T09:17:29.718681,0.003906,0.089844,1.011719,-1,5.074705555245902,0.2203368375941571,0.01709
2025-08-14T09:17:30.273655,0.003906,0.09375,1.011719,-1,5.2941024755146735,0.2202602980309219,0.01709
2025-08-14T09:17:30.755651,0.007812,0.089844,1.007812,-1,5.094160955742287,0.4423619883775861,0.015869
2025-08-14T09:17:31.244651,0.007812,0.09375,1.007812,-1,5.314389550775362,0.4422071436864255,0.01709
2025-08-14T09:17:31.806662,0.011719,0.09375,1.011719,-1,5.293788597744054,0.6608112382957926,0.01709
2025-08-14T09:17:32.268651,0.003906,0.089844,1.019531,-1,5.036022696165984,0.218661616199015,0.01709
2025-08-14T09:17:32.754651,0.007812,0.09375,1.011719,-1,5.293984787405834,0.4405140860682329,0.01709
2025-08-14T09:17:33.326651,0.007812,0.089844,1.015625,-1,5.0551787468593545,0.43898564371507,0.01709
2025-08-14T09:17:33.796651,0.003906,0.089844,1.011719,-1,5.074705555245902,0.2203368375941571,0.01709
2025-08-14T09:17:34.280652,0.007812,0.09375,1.019531,-1,5.253650672624266,0.4371672544577104,0.01709
2025-08-14T09:17:34.745651,0.003906,0.089844,1.015625,-1,5.055290319574003,0.2194960430900527,0.01709
2025-08-14T09:17:35.195652,0.003906,0.089844,1.015625,-1,5.055290319574003,0.2194960430900527,0.01709
2025-08-14T09:17:35.652651,0.003906,0.09375,1.015625,-1,5.273857174599009,0.2194203761007803,0.01709
2025-08-14T09:17:36.364653,0.007812,0.097656,1.011719,-1,5.513221308524798,0.4403546701592543,0.015869
2025-08-14T09:17:36.922651,0.003906,0.09375,1.011719,-1,5.2941024755146735,0.2202602980309219,0.015869
2025-08-14T09:17:37.498651,0.007812,0.097656,1.015625,-1,5.492149109753544,0.4386767165473251,0.015869
2025-08-14T09:17:38.069654,0.003906,0.09375,1.015625,-1,5.273857174599009,0.2194203761007803,0.015869
2025-08-14T09:17:38.534541,0.003906,0.089844,1.023438,-1,5.016896135374861,0.2178332739241818,0.01709
2025-08-14T09:17:38.992539,0.007812,0.085938,1.007812,-1,4.873781336396888,0.4425103968946299,0.01709
2025-08-14T09:17:39.446544,0.003906,0.09375,1.015625,-1,5.273857174599009,0.2194203761007803,0.015869
2025-08-14T09:17:39.903538,0.003906,0.089844,1.019531,-1,5.036022696165984,0.218661616199015,0.015869
2025-08-14T09:17:40.515538,0.003906,0.089844,1.015625,-1,5.055290319574003,0.2194960430900527,0.01709
2025-08-14T09:17:40.993538,0.003906,0.085938,1.003906,-1,4.892761801397561,0.2221131119522437,0.01709
2025-08-14T09:17:41.555539,0.007812,0.089844,1.011719,-1,5.074592692098445,0.4406671584058894,0.01709
2025-08-14T09:17:42.022537,0.007812,0.09375,1.011719,-1,5.293984787405834,0.4405140860682329,0.01709
2025-08-14T09:17:42.479541,0.003906,0.089844,1.011719,-1,5.074705555245902,0.2203368375941571,0.01709
2025-08-14T09:17:43.043542,0.007812,0.089844,1.015625,-1,5.0551787468593545,0.43898564371507,0.015869
2025-08-14T09:17:43.519538,0.003906,0.09375,1.011719,-1,5.2941024755146735,0.2202602980309219,0.01709
2025-08-14T09:17:43.982061,0.003906,0.09375,1.015625,-1,5.273857174599009,0.2194203761007803,0.015869
2025-08-14T09:17:44.456060,0.003906,0.089844,1.015625,-1,5.055290319574003,0.2194960430900527,0.015869
2025-08-14T09:17:45.037060,0.007812,0.089844,1.015625,-1,5.0551787468593545,0.43898564371507,0.01709
2025-08-14T09:17:45.526060,0.003906,0.089844,1.003906,-1,5.113990749744391,0.2220380414583726,0.01709
2025-08-14T09:17:46.029060,0.007812,0.089844,1.011719,-1,5.074592692098445,0.4406671584058894,0.01709
2025-08-14T09:17:46.483060,0.003906,0.09375,1.011719,-1,5.2941024755146735,0.2202602980309219,0.015869
2025-08-14T09:17:46.970061,0.003906,0.09375,1.015625,-1,5.273857174599009,0.2194203761007803,0.01709
2025-08-14T09:17:47.424064,0.003906,0.09375,1.015625,-1,5.273857174599009,0.2194203761007803,0.01709
2025-08-14T09:17:47.886060,0.007812,0.09375,1.015625,-1,5.273740831474121,0.4388343163968418,0.01709
2025-08-14T09:17:48.349061,0.007812,0.085938,1.023438,-1,4.799722405166162,0.4358020136098905,0.015869
2025-08-14T09:17:48.904061,0.003906,0.097656,1.015625,-1,5.492270213166848,0.219341572710269,0.01709
2025-08-14T09:17:49.396059,0.050781,0.089844,1.003906,-1,5.107533754183565,2.8842407691485232,0.01709
2025-08-14T09:17:49.856060,0.015625,0.09375,1.015625,-1,5.27327545655273,0.8776733154570716,0.01709
2025-08-14T09:17:50.323060,0.007812,0.089844,1.019531,-1,5.035912394311636,0.4373168631268229,0.015869
2025-08-14T09:17:50.907065,0.007812,0.097656,1.015625,-1,5.492149109753544,0.4386767165473251,0.01709
2025-08-14T09:17:51.586060,0.007812,0.097656,1.015625,-1,5.492149109753544,0.4386767165473251,0.01709
2025-08-14T09:17:52.921842,0.003906,0.085938,1.011719,-1,4.855159325392881,0.2204101951887956,0.01709
2025-08-14T09:17:55.035665,0.003906,0.09375,1.015625,-1,5.273857174599009,0.2194203761007803,0.01709
2025-08-14T09:17:55.537667,0.011719,0.085938,1.015625,-1,4.836291034091546,0.658736103188308,0.01709
2025-08-14T09:17:56.119677,0.007812,0.097656,1.015625,-1,5.492149109753544,0.4386767165473251,0.015869
2025-08-14T09:17:56.609678,-0.003906,0.09375,1.027344,-1,5.214032189762759,-0.2169382423791886,0.015869
2025-08-14T09:17:57.101677,0.007812,0.09375,1.011719,-1,5.293984787405834,0.4405140860682329,0.01709
2025-08-14T09:17:57.593490,0.007812,0.089844,1.019531,-1,5.035912394311636,0.4373168631268229,0.015869
2025-08-14T09:17:58.172030,0.007812,0.09375,1.015625,-1,5.273740831474121,0.4388343163968418,0.01709
2025-08-14T09:17:58.668042,0.003906,0.097656,1.011719,-1,5.513343811278554,0.2201805865438625,0.015869
2025-08-14T09:17:59.252389,0.003906,0.09375,1.011719,-1,5.2941024755146735,0.2202602980309219,0.01709
2025-08-14T09:17:59.991393,0.003906,0.09375,1.015625,-1,5.273857174599009,0.2194203761007803,0.01709
2025-08-14T09:18:00.498388,0.003906,0.085938,1.015625,-1,4.8365758532668846,0.219568563822405,0.01709
2025-08-14T09:18:00.962392,0.003906,0.089844,1.015625,-1,5.055290319574003,0.2194960430900527,0.015869
2025-08-14T09:18:01.583366,0.003906,0.09375,1.023438,-1,5.233821198234859,0.2177593129857423,0.01709
2025-08-14T09:18:02.036264,0.011719,0.085938,1.011719,-1,4.854871210703855,0.6612609149354195,0.015869
2025-08-14T09:18:02.532264,0.003906,0.09375,1.019531,-1,5.253765691153519,0.2185868085970974,0.015869
2025-08-14T09:18:03.081218,0.007812,0.09375,1.015625,-1,5.273740831474121,0.4388343163968418,0.015869
2025-08-14T09:18:03.762168,0.007812,0.09375,1.011719,-1,5.293984787405834,0.4405140860682329,0.015869
2025-08-14T09:18:04.229419,0.003906,0.089844,1.023438,-1,5.016896135374861,0.2178332739241818,0.01709
2025-08-14T09:18:04.695181,0.003906,0.097656,1.015625,-1,5.492270213166848,0.219341572710269,0.015869
2025-08-14T09:18:05.138623,0.007812,0.097656,1.019531,-1,5.471236885846391,0.4370114432478109,0.01709
2025-08-14T09:18:05.593227,0.003906,0.09375,1.015625,-1,5.273857174599009,0.2194203761007803,0.01709
2025-08-14T09:18:06.147200,0.003906,0.09375,1.011719,-1,5.2941024755146735,0.2202602980309219,0.01709
2025-08-14T09:18:06.623201,0.003906,0.09375,1.023438,-1,5.233821198234859,0.2177593129857423,0.015869
2025-08-14T09:18:07.167560,0.007812,0.089844,1.015625,-1,5.0551787468593545,0.43898564371507,0.015869
2025-08-14T09:18:07.628981,0.007812,0.089844,1.015625,-1,5.0551787468593545,0.43898564371507,0.01709
2025-08-14T09:18:08.070605,0.003906,0.09375,1.019531,-1,5.253765691153519,0.2185868085970974,0.01709
2025-08-14T09:18:08.522641,0.007812,0.089844,1.019531,-1,5.035912394311636,0.4373168631268229,0.01709
2025-08-14T09:18:08.972449,0.015625,0.085938,1.015625,-1,4.836041888197536,0.8782659737988096,0.01709
2025-08-14T09:18:09.518646,0.003906,0.09375,1.011719,-1,5.2941024755146735,0.2202602980309219,0.01709
2025-08-14T09:18:09.959677,0.003906,0.09375,1.007812,-1,5.314508605002041,0.2211068645152699,0.015869
2025-08-14T09:18:10.508186,0.007812,0.089844,1.015625,-1,5.0551787468593545,0.43898564371507,0.015869
2025-08-14T09:18:10.964958,0.007812,0.09375,1.007812,-1,5.314389550775362,0.4422071436864255,0.01709
2025-08-14T09:18:11.422123,0.007812,0.09375,1.015625,-1,5.273740831474121,0.4388343163968418,0.01709
2025-08-14T09:18:11.877487,0.007812,0.089844,1.015625,-1,5.0551787468593545,0.43898564371507,0.015869
2025-08-14T09:18:12.332486,0.003906,0.09375,1.015625,-1,5.273857174599009,0.2194203761007803,0.01709
2025-08-14T09:18:12.801486,0.007812,0.09375,1.011719,-1,5.293984787405834,0.4405140860682329,0.01709
2025-08-14T09:18:13.254829,0.011719,0.085938,1.007812,-1,4.873599157765114,0.6638057377485203,0.01709
2025-08-14T09:18:13.727829,-0.003906,0.109375,1.007812,-1,6.193861858268392,-0.2207651663095924,0.01709
2025-08-14T09:18:14.390203,0.003906,0.085938,1.011719,-1,4.855159325392881,0.2204101951887956,0.015869
2025-08-14T09:18:14.877203,0.003906,0.09375,1.019531,-1,5.253765691153519,0.2185868085970974,0.015869
2025-08-14T09:18:15.326290,0.003906,0.09375,1.011719,-1,5.2941024755146735,0.2202602980309219,0.01709
2025-08-14T09:18:15.800290,0.003906,0.085938,1.003906,-1,4.892761801397561,0.2221131119522437,0.015869
2025-08-14T09:18:16.265939,0.003906,0.09375,1.011719,-1,5.2941024755146735,0.2202602980309219,0.01709
2025-08-14T09:18:16.972939,0.003906,0.089844,1.015625,-1,5.055290319574003,0.2194960430900527,0.015869
2025-08-14T09:18:17.533935,0.003906,0.089844,1.015625,-1,5.055290319574003,0.2194960430900527,0.015869
2025-08-14T09:18:17.985504,0.003906,0.09375,1.007812,-1,5.314508605002041,0.2211068645152699,0.01709
2025-08-14T09:18:18.435028,0.003906,0.089844,1.015625,-1,5.055290319574003,0.2194960430900527,0.015869
2025-08-14T09:18:18.896948,0.003906,0.097656,1.023438,-1,5.450595901828535,0.2176822851351158,0.01709
2025-08-14T09:18:19.357948,0.003906,0.085938,1.023438,-1,4.799826781958027,0.2179041584603552,0.01709
2025-08-14T09:18:19.806971,0.003906,0.089844,1.011719,-1,5.074705555245902,0.2203368375941571,0.01709
2025-08-14T09:18:20.290590,0.003906,0.089844,1.019531,-1,5.036022696165984,0.218661616199015,0.01709
2025-08-14T09:18:20.741589,0.011719,0.089844,1.011719,-1,5.074404545801972,0.6610408494201002,0.01709
2025-08-14T09:18:21.213237,0.003906,0.085938,1.015625,-1,4.8365758532668846,0.219568563822405,0.01709
2025-08-14T09:18:21.770237,0.007812,0.097656,1.011719,-1,5.513221308524798,0.4403546701592543,0.01709
2025-08-14T09:18:22.236831,0.003906,0.09375,1.007812,-1,5.314508605002041,0.2211068645152699,0.01709
2025-08-14T09:18:22.802177,0.003906,0.089844,1.011719,-1,5.074705555245902,0.2203368375941571,0.01709
2025-08-14T09:18:23.249206,0.007812,0.09375,1.015625,-1,5.273740831474121,0.4388343163968418,0.015869
2025-08-14T09:18:23.718458,0.003906,0.089844,1.015625,-1,5.055290319574003,0.2194960430900527,0.01709
2025-08-14T09:18:24.173457,0.003906,0.09375,1.015625,-1,5.273857174599009,0.2194203761007803,0.015869
2025-08-14T09:18:24.727335,0.003906,0.089844,1.011719,-1,5.074705555245902,0.2203368375941571,0.01709
2025-08-14T09:18:25.190812,0.003906,0.09375,1.011719,-1,5.2941024755146735,0.2202602980309219,0.01709
2025-08-14T09:18:25.633561,0.003906,0.089844,1.011719,-1,5.074705555245902,0.2203368375941571,0.01709
2025-08-14T09:18:26.177679,0.003906,0.089844,1.011719,-1,5.074705555245902,0.2203368375941571,0.01709
2025-08-14T09:18:26.732314,0.003906,0.09375,1.023438,-1,5.233821198234859,0.2177593129857423,0.01709
2025-08-14T09:18:27.171228,0.007812,0.089844,1.023438,-1,5.016787085495527,0.4356602506868526,0.01709
2025-08-14T09:18:27.647577,0.007812,0.09375,1.015625,-1,5.273740831474121,0.4388343163968418,0.01709
2025-08-14T09:18:28.105639,0.003906,0.089844,1.007812,-1,5.094275129610872,0.2211842903210142,0.015869
2025-08-14T09:18:28.566638,0.007812,0.089844,1.011719,-1,5.074592692098445,0.4406671584058894,0.01709
2025-08-14T09:18:29.024224,0.003906,0.089844,1.015625,-1,5.055290319574003,0.2194960430900527,0.015869
2025-08-14T09:18:29.485224,0.003906,0.089844,1.007812,-1,5.094275129610872,0.2211842903210142,0.015869
2025-08-14T09:18:29.946214,0.003906,0.09375,1.011719,-1,5.2941024755146735,0.2202602980309219,0.01709
2025-08-14T09:18:30.396516,0.003906,0.09375,1.019531,-1,5.253765691153519,0.2185868085970974,0.01709
2025-08-14T09:18:30.852955,0.003906,0.089844,1.019531,-1,5.036022696165984,0.218661616199015,0.01709
2025-08-14T09:18:31.295841,0.003906,0.089844,1.015625,-1,5.055290319574003,0.2194960430900527,0.015869
2025-08-14T09:18:32.038842,0.003906,0.089844,1.015625,-1,5.055290319574003,0.2194960430900527,0.01709
2025-08-14T09:18:33.166425,0.003906,0.089844,1.007812,-1,5.094275129610872,0.2211842903210142,0.01709
2025-08-14T09:18:33.626913,0.003906,0.09375,1.011719,-1,5.2941024755146735,0.2202602980309219,0.01709
2025-08-14T09:18:34.084531,0.003906,0.089844,1.015625,-1,5.055290319574003,0.2194960430900527,0.01709
2025-08-14T09:18:34.554533,0.003906,0.09375,1.015625,-1,5.273857174599009,0.2194203761007803,0.01709
2025-08-14T09:18:35.007434,0.003906,0.089844,1.019531,-1,5.036022696165984,0.218661616199015,0.015869
2025-08-14T09:18:35.567434,0.011719,0.09375,1.011719,-1,5.293788597744054,0.6608112382957926,0.01709
2025-08-14T09:18:36.024485,-0.003906,0.085938,1.019531,-1,4.81813376260626,-0.2187333127266207,0.01709
2025-08-14T09:18:36.466248,0.003906,0.09375,1.007812,-1,5.314508605002041,0.2211068645152699,0.01709
2025-08-14T09:18:36.917244,0.003906,0.09375,1.015625,-1,5.273857174599009,0.2194203761007803,0.015869
2025-08-14T09:18:37.467767,0.007812,0.09375,1.023438,-1,5.233707484628725,0.4355123352218989,0.015869
2025-08-14T09:18:37.957581,0.003906,0.097656,1.011719,-1,5.513343811278554,0.2201805865438625,0.01709
2025-08-14T09:18:38.405637,0.007812,0.089844,1.007812,-1,5.094160955742287,0.4423619883775861,0.015869
2025-08-14T09:18:38.863014,0.007812,0.089844,1.011719,-1,5.074592692098445,0.4406671584058894,0.015869
2025-08-14T09:18:39.414014,0.003906,0.09375,1.015625,-1,5.273857174599009,0.2194203761007803,0.01709
2025-08-14T09:18:39.868923,0.003906,0.089844,1.015625,-1,5.055290319574003,0.2194960430900527,0.01709
2025-08-14T09:18:40.348923,0.003906,0.09375,1.007812,-1,5.314508605002041,0.2211068645152699,0.01709
2025-08-14T09:18:40.785226,0.003906,0.09375,1.023438,-1,5.233821198234859,0.2177593129857423,0.01709
2025-08-14T09:18:41.440385,0.003906,0.097656,1.007812,-1,5.53458470025606,0.2210262307191928,0.015869
2025-08-14T09:18:41.990509,0.003906,0.09375,1.015625,-1,5.273857174599009,0.2194203761007803,0.015869
2025-08-14T09:18:42.554509,0.003906,0.09375,1.015625,-1,5.273857174599009,0.2194203761007803,0.015869
2025-08-14T09:18:43.013509,0.007812,0.09375,1.003906,-1,5.334946471521609,0.4439127700322686,0.01709
2025-08-14T09:18:43.459995,0.007812,0.089844,1.011719,-1,5.074592692098445,0.4406671584058894,0.01709
2025-08-14T09:18:43.917996,0.007812,0.085938,1.015625,-1,4.836469060684925,0.4391306787920853,0.01709
2025-08-14T09:18:44.376336,0.003906,0.089844,1.015625,-1,5.055290319574003,0.2194960430900527,0.01709
2025-08-14T09:18:44.820338,0.003906,0.089844,1.023438,-1,5.016896135374861,0.2178332739241818,0.015869
2025-08-14T09:18:45.293336,0.003906,0.09375,1.015625,-1,5.273857174599009,0.2194203761007803,0.01709
2025-08-14T09:18:45.766273,0.011719,0.09375,1.015625,-1,5.273546883809885,0.6582915542876178,0.01709
2025-08-14T09:18:46.223708,0.007812,0.09375,1.015625,-1,5.273740831474121,0.4388343163968418,0.01709
2025-08-14T09:18:46.823849,0.011719,0.089844,1.011719,-1,5.074404545801972,0.6610408494201002,0.01709
2025-08-14T09:18:47.423885,0.003906,0.085938,1.007812,-1,4.873890619806268,0.2212584978981514,0.01709
2025-08-14T09:18:48.122528,0.007812,0.097656,1.019531,-1,5.471236885846391,0.4370114432478109,0.015869
2025-08-14T09:18:48.565529,0.003906,0.089844,1.007812,-1,5.094275129610872,0.2211842903210142,0.01709
2025-08-14T09:18:49.002552,0.003906,0.089844,1.011719,-1,5.074705555245902,0.2203368375941571,0.015869
2025-08-14T09:18:49.459555,0.007812,0.097656,1.019531,-1,5.471236885846391,0.4370114432478109,0.01709
2025-08-14T09:18:49.915541,0.003906,0.09375,1.007812,-1,5.314508605002041,0.2211068645152699,0.01709
2025-08-14T09:18:50.367854,0.007812,0.089844,1.011719,-1,5.074592692098445,0.4406671584058894,0.01709
2025-08-14T09:18:50.859851,0.007812,0.089844,1.011719,-1,5.074592692098445,0.4406671584058894,0.01709
2025-08-14T09:18:51.319736,0.003906,0.089844,1.015625,-1,5.055290319574003,0.2194960430900527,0.015869
2025-08-14T09:18:51.781736,0.003906,0.085938,1.019531,-1,4.81813376260626,0.2187333127266207,0.01709
2025-08-14T09:18:52.239764,0.007812,0.089844,1.015625,-1,5.0551787468593545,0.43898564371507,0.01709
2025-08-14T09:18:52.681294,0.007812,0.09375,1.007812,-1,5.314389550775362,0.4422071436864255,0.015869
2025-08-14T09:18:53.241486,0.011719,0.09375,1.011719,-1,5.293788597744054,0.6608112382957926,0.015869
2025-08-14T09:18:53.897602,0.007812,0.09375,1.011719,-1,5.293984787405834,0.4405140860682329,0.015869
2025-08-14T09:18:54.330602,0.007812,0.09375,1.015625,-1,5.273740831474121,0.4388343163968418,0.01709
2025-08-14T09:18:54.782415,0.003906,0.089844,1.007812,-1,5.094275129610872,0.2211842903210142,0.01709
2025-08-14T09:18:55.249416,0.003906,0.089844,1.015625,-1,5.055290319574003,0.2194960430900527,0.01709
2025-08-14T09:18:55.691436,0.007812,0.09375,1.019531,-1,5.253650672624266,0.4371672544577104,0.01709
2025-08-14T09:18:56.152436,0.003906,0.085938,1.015625,-1,4.8365758532668846,0.219568563822405,0.01709
2025-08-14T09:18:56.601295,0.007812,0.09375,1.011719,-1,5.293984787405834,0.4405140860682329,0.015869
2025-08-14T09:18:57.173075,0.007812,0.09375,1.019531,-1,5.253650672624266,0.4371672544577104,0.015869
2025-08-14T09:18:57.623072,0.003906,0.089844,1.015625,-1,5.055290319574003,0.2194960430900527,0.01709
2025-08-14T09:18:58.074514,0.007812,0.089844,1.011719,-1,5.074592692098445,0.4406671584058894,0.015869
2025-08-14T09:18:58.517513,0.003906,0.089844,1.007812,-1,5.094275129610872,0.2211842903210142,0.01709
2025-08-14T09:18:58.999796,0.003906,0.09375,1.019531,-1,5.253765691153519,0.2185868085970974,0.01709
2025-08-14T09:18:59.446795,0.003906,0.09375,1.015625,-1,5.273857174599009,0.2194203761007803,0.015869
2025-08-14T09:18:59.921053,0.003906,0.085938,1.015625,-1,4.8365758532668846,0.219568563822405,0.01709
2025-08-14T09:19:00.370972,0.007812,0.089844,1.015625,-1,5.0551787468593545,0.43898564371507,0.01709
2025-08-14T09:19:00.823974,0.007812,0.089844,1.011719,-1,5.074592692098445,0.4406671584058894,0.01709
2025-08-14T09:19:01.300778,0.007812,0.089844,1.011719,-1,5.074592692098445,0.4406671584058894,0.01709
2025-08-14T09:19:02.009816,0.003906,0.089844,1.011719,-1,5.074705555245902,0.2203368375941571,0.01709
2025-08-14T09:19:02.585379,0.003906,0.09375,1.011719,-1,5.2941024755146735,0.2202602980309219,0.015869
2025-08-14T09:19:03.034381,0.011719,0.09375,1.011719,-1,5.293788597744054,0.6608112382957926,0.01709
2025-08-14T09:19:03.490405,-0.003906,0.09375,1.007812,-1,5.314508605002041,-0.2211068645152699,0.015869
2025-08-14T09:19:03.941051,0.003906,0.097656,1.015625,-1,5.492270213166848,0.219341572710269,0.01709
2025-08-14T09:19:04.398059,0.003906,0.089844,1.011719,-1,5.074705555245902,0.2203368375941571,0.01709
2025-08-14T09:19:04.860846,0.011719,0.089844,1.019531,-1,5.035728517520141,0.6560153465157633,0.01709
2025-08-14T09:19:05.410900,0.007812,0.089844,1.011719,-1,5.074592692098445,0.4406671584058894,0.01709
2025-08-14T09:19:05.894911,0.007812,0.089844,1.015625,-1,5.0551787468593545,0.43898564371507,0.01709
2025-08-14T09:19:06.360968,0.003906,0.089844,1.019531,-1,5.036022696165984,0.218661616199015,0.01709
2025-08-14T09:19:06.849967,0.003906,0.09375,1.011719,-1,5.2941024755146735,0.2202602980309219,0.01709
2025-08-14T09:19:07.298679,0.007812,0.09375,1.015625,-1,5.273740831474121,0.4388343163968418,0.01709
2025-08-14T09:19:07.783678,0.003906,0.09375,1.007812,-1,5.314508605002041,0.2211068645152699,0.01709
2025-08-14T09:19:08.239679,0.003906,0.089844,1.007812,-1,5.094275129610872,0.2211842903210142,0.015869
2025-08-14T09:19:08.698112,0.003906,0.09375,1.015625,-1,5.273857174599009,0.2194203761007803,0.015869
2025-08-14T09:19:09.248111,0.003906,0.089844,1.007812,-1,5.094275129610872,0.2211842903210142,0.01709
2025-08-14T09:19:09.703277,0.007812,0.097656,1.015625,-1,5.492149109753544,0.4386767165473251,0.01709
2025-08-14T09:19:10.177757,0.003906,0.089844,1.015625,-1,5.055290319574003,0.2194960430900527,0.01709
2025-08-14T09:19:10.645756,0.003906,0.09375,1.007812,-1,5.314508605002041,0.2211068645152699,0.015869
2025-08-14T09:19:11.208200,0.003906,0.089844,1.015625,-1,5.055290319574003,0.2194960430900527,0.01709
2025-08-14T09:19:11.675203,0.007812,0.089844,1.011719,-1,5.074592692098445,0.4406671584058894,0.01709
2025-08-14T09:19:12.123913,0.011719,0.089844,1.011719,-1,5.074404545801972,0.6610408494201002,0.015869
2025-08-14T09:19:12.587914,0.007812,0.09375,1.015625,-1,5.273740831474121,0.4388343163968418,0.01709
2025-08-14T09:19:13.027094,0.007812,0.089844,1.011719,-1,5.074592692098445,0.4406671584058894,0.015869
2025-08-14T09:19:13.474222,0.003906,0.09375,1.015625,-1,5.273857174599009,0.2194203761007803,0.01709
2025-08-14T09:19:13.931226,0.003906,0.089844,1.019531,-1,5.036022696165984,0.218661616199015,0.015869
2025-08-14T09:19:14.384804,0.003906,0.089844,1.015625,-1,5.055290319574003,0.2194960430900527,0.015869
2025-08-14T09:19:14.848817,0.007812,0.089844,1.011719,-1,5.074592692098445,0.4406671584058894,0.01709
2025-08-14T09:19:15.328830,0.007812,0.089844,1.011719,-1,5.074592692098445,0.4406671584058894,0.01709
2025-08-14T09:19:15.779524,0.007812,0.09375,1.015625,-1,5.273740831474121,0.4388343163968418,0.01709
2025-08-14T09:19:16.237525,0.007812,0.089844,1.019531,-1,5.035912394311636,0.4373168631268229,0.01709
2025-08-14T09:19:16.780639,0.011719,0.085938,1.015625,-1,4.836291034091546,0.658736103188308,0.01709
2025-08-14T09:19:17.381635,0.003906,0.09375,1.015625,-1,5.273857174599009,0.2194203761007803,0.015869
2025-08-14T09:19:17.839583,0.007812,0.089844,1.007812,-1,5.094160955742287,0.4423619883775861,0.01709
2025-08-14T09:19:18.300583,0.007812,0.09375,1.023438,-1,5.233707484628725,0.4355123352218989,0.01709
2025-08-14T09:19:18.759585,0.007812,0.089844,1.007812,-1,5.094160955742287,0.4423619883775861,0.01709
2025-08-14T09:19:19.473589,0.007812,0.09375,1.011719,-1,5.293984787405834,0.4405140860682329,0.01709
2025-08-14T09:19:19.937584,0.007812,0.089844,1.011719,-1,5.074592692098445,0.4406671584058894,0.01709
2025-08-14T09:19:20.391057,0.007812,0.089844,1.011719,-1,5.074592692098445,0.4406671584058894,0.01709
2025-08-14T09:19:20.840079,0.003906,0.097656,1.019531,-1,5.471356611118988,0.2185088995917032,0.015869
2025-08-14T09:19:21.430079,0.003906,0.089844,1.007812,-1,5.094275129610872,0.2211842903210142,0.01709
2025-08-14T09:19:21.878322,0.007812,0.089844,1.007812,-1,5.094160955742287,0.4423619883775861,0.01709
2025-08-14T09:19:22.435660,0.003906,0.089844,1.019531,-1,5.036022696165984,0.218661616199015,0.015869
2025-08-14T09:19:22.883163,0.007812,0.09375,1.011719,-1,5.293984787405834,0.4405140860682329,0.01709
2025-08-14T09:19:23.449604,0.011719,0.09375,1.011719,-1,5.293788597744054,0.6608112382957926,0.01709
2025-08-14T09:19:23.903958,0.007812,0.09375,1.011719,-1,5.293984787405834,0.4405140860682329,0.01709
2025-08-14T09:19:24.364944,0.003906,0.089844,1.011719,-1,5.074705555245902,0.2203368375941571,0.015869
2025-08-14T09:19:24.825945,0.003906,0.089844,1.011719,-1,5.074705555245902,0.2203368375941571,0.01709
2025-08-14T09:19:25.390944,0.003906,0.097656,1.011719,-1,5.513343811278554,0.2201805865438625,0.015869
2025-08-14T09:19:25.829944,0.003906,0.089844,1.019531,-1,5.036022696165984,0.218661616199015,0.01709
2025-08-14T09:19:26.283944,0.003906,0.085938,1.011719,-1,4.855159325392881,0.2204101951887956,0.015869
2025-08-14T09:19:26.730457,0.003906,0.09375,1.015625,-1,5.273857174599009,0.2194203761007803,0.01709
2025-08-14T09:19:27.184457,0.007812,0.089844,1.007812,-1,5.094160955742287,0.4423619883775861,0.01709
2025-08-14T09:19:27.637122,0.003906,0.09375,1.023438,-1,5.233821198234859,0.2177593129857423,0.015869
2025-08-14T09:19:28.098417,0.007812,0.089844,1.015625,-1,5.0551787468593545,0.43898564371507,0.015869
2025-08-14T09:19:28.557569,0.011719,0.09375,1.011719,-1,5.293788597744054,0.6608112382957926,0.01709
2025-08-14T09:19:29.218573,0.007812,0.089844,1.007812,-1,5.094160955742287,0.4423619883775861,0.015869
2025-08-14T09:19:29.677222,0.003906,0.085938,1.027344,-1,4.781662702940929,0.2170814545103112,0.01709
2025-08-14T09:19:30.127024,0.003906,0.09375,1.011719,-1,5.2941024755146735,0.2202602980309219,0.015869
2025-08-14T09:19:30.575024,0.003906,0.09375,1.011719,-1,5.2941024755146735,0.2202602980309219,0.01709
2025-08-14T09:19:31.036519,0.003906,0.089844,1.023438,-1,5.016896135374861,0.2178332739241818,0.015869
2025-08-14T09:19:31.795576,0.003906,0.085938,1.015625,-1,4.8365758532668846,0.219568563822405,0.01709
2025-08-14T09:19:32.396574,0.007812,0.089844,1.011719,-1,5.074592692098445,0.4406671584058894,0.015869
2025-08-14T09:19:32.946864,0.003906,0.089844,1.015625,-1,5.055290319574003,0.2194960430900527,0.01709
2025-08-14T09:19:33.422864,0.007812,0.09375,1.015625,-1,5.273740831474121,0.4388343163968418,0.015869
2025-08-14T09:19:33.867234,0.003906,0.089844,1.011719,-1,5.074705555245902,0.2203368375941571,0.015869
2025-08-14T09:19:34.440197,0.003906,0.089844,1.019531,-1,5.036022696165984,0.218661616199015,0.01709
2025-08-14T09:19:34.883214,0.007812,0.089844,1.019531,-1,5.035912394311636,0.4373168631268229,0.01709
2025-08-14T09:19:35.441135,0.007812,0.085938,1.011719,-1,4.855051297116398,0.4408138670841549,0.015869
2025-08-14T09:19:35.910736,0.003906,0.09375,1.015625,-1,5.273857174599009,0.2194203761007803,0.015869
2025-08-14T09:19:36.377231,0.003906,0.089844,1.011719,-1,5.074705555245902,0.2203368375941571,0.015869
2025-08-14T09:19:36.936229,0.007812,0.089844,1.015625,-1,5.0551787468593545,0.43898564371507,0.015869
2025-08-14T09:19:37.501501,0.003906,0.09375,1.007812,-1,5.314508605002041,0.2211068645152699,0.015869
2025-08-14T09:19:37.945501,0.003906,0.09375,1.007812,-1,5.314508605002041,0.2211068645152699,0.01709
2025-08-14T09:19:38.393435,0.003906,0.09375,1.011719,-1,5.2941024755146735,0.2202602980309219,0.015869
2025-08-14T09:19:38.856729,0.007812,0.097656,1.015625,-1,5.492149109753544,0.4386767165473251,0.01709
2025-08-14T09:19:39.387237,0.007812,0.09375,1.011719,-1,5.293984787405834,0.4405140860682329,0.015869
2025-08-14T09:19:39.856483,0.003906,0.09375,1.015625,-1,5.273857174599009,0.2194203761007803,0.015869
2025-08-14T09:19:40.516231,0.007812,0.09375,1.015625,-1,5.273740831474121,0.4388343163968418,0.01709
2025-08-14T09:19:40.966512,0.003906,0.09375,1.011719,-1,5.2941024755146735,0.2202602980309219,0.01709
2025-08-14T09:19:41.514650,0.003906,0.097656,1.011719,-1,5.513343811278554,0.2201805865438625,0.01709
2025-08-14T09:19:41.972422,0.003906,0.09375,1.007812,-1,5.314508605002041,0.2211068645152699,0.01709
2025-08-14T09:19:42.523419,0.003906,0.097656,1.007812,-1,5.53458470025606,0.2210262307191928,0.01709
2025-08-14T09:19:42.980854,0.003906,0.09375,1.015625,-1,5.273857174599009,0.2194203761007803,0.01709
2025-08-14T09:19:43.438396,0.003906,0.09375,1.007812,-1,5.314508605002041,0.2211068645152699,0.015869
2025-08-14T09:19:43.878752,0.003906,0.085938,1.019531,-1,4.81813376260626,0.2187333127266207,0.015869
2025-08-14T09:19:44.445751,0.003906,0.089844,1.015625,-1,5.055290319574003,0.2194960430900527,0.015869
2025-08-14T09:19:44.885779,0.007812,0.089844,1.007812,-1,5.094160955742287,0.4423619883775861,0.015869
2025-08-14T09:19:45.335223,0.003906,0.09375,1.015625,-1,5.273857174599009,0.2194203761007803,0.015869
2025-08-14T09:19:45.795225,0.003906,0.09375,1.015625,-1,5.273857174599009,0.2194203761007803,0.015869
2025-08-14T09:19:46.244655,0.003906,0.09375,1.019531,-1,5.253765691153519,0.2185868085970974,0.015869
2025-08-14T09:19:46.746682,0.007812,0.09375,1.007812,-1,5.314389550775362,0.4422071436864255,0.01709
2025-08-14T09:19:47.457656,0.011719,0.09375,1.011719,-1,5.293788597744054,0.6608112382957926,0.015869
2025-08-14T09:19:47.928971,0.003906,0.097656,1.011719,-1,5.513343811278554,0.2201805865438625,0.01709
2025-08-14T09:19:48.395225,0.007812,0.089844,1.011719,-1,5.074592692098445,0.4406671584058894,0.01709
2025-08-14T09:19:48.873225,0.003906,0.089844,1.011719,-1,5.074705555245902,0.2203368375941571,0.015869
2025-08-14T09:19:49.323996,0.007812,0.09375,1.015625,-1,5.273740831474121,0.4388343163968418,0.01709
2025-08-14T09:19:49.894045,0.007812,0.089844,1.019531,-1,5.035912394311636,0.4373168631268229,0.01709
2025-08-14T09:19:50.357853,0.003906,0.089844,1.019531,-1,5.036022696165984,0.218661616199015,0.015869
2025-08-14T09:19:50.855851,0.007812,0.09375,1.007812,-1,5.314389550775362,0.4422071436864255,0.015869
2025-08-14T09:19:51.337852,0.007812,0.09375,1.019531,-1,5.253650672624266,0.4371672544577104,0.015869
2025-08-14T09:19:51.815929,0.003906,0.085938,1.011719,-1,4.855159325392881,0.2204101951887956,0.01709
2025-08-14T09:19:52.275926,0.003906,0.089844,1.003906,-1,5.113990749744391,0.2220380414583726,0.01709
2025-08-14T09:19:52.759926,0.003906,0.09375,1.011719,-1,5.2941024755146735,0.2202602980309219,0.01709
2025-08-14T09:19:53.317521,0.011719,0.09375,1.011719,-1,5.293788597744054,0.6608112382957926,0.01709
2025-08-14T09:19:53.783486,0.003906,0.09375,1.015625,-1,5.273857174599009,0.2194203761007803,0.015869
2025-08-14T09:19:54.233485,0.003906,0.09375,1.007812,-1,5.314508605002041,0.2211068645152699,0.015869
2025-08-14T09:19:54.703227,0.003906,0.089844,1.019531,-1,5.036022696165984,0.218661616199015,0.015869
2025-08-14T09:19:55.158456,0.007812,0.09375,1.015625,-1,5.273740831474121,0.4388343163968418,0.015869
2025-08-14T09:19:55.715460,0.007812,0.085938,1.011719,-1,4.855051297116398,0.4408138670841549,0.01709
2025-08-14T09:19:56.275682,0.007812,0.09375,1.007812,-1,5.314389550775362,0.4422071436864255,0.01709
2025-08-14T09:19:56.771680,0.007812,0.09375,1.015625,-1,5.273740831474121,0.4388343163968418,0.01709
2025-08-14T09:19:57.227175,0.003906,0.09375,1.015625,-1,5.273857174599009,0.2194203761007803,0.015869
2025-08-14T09:19:57.673947,0.003906,0.09375,1.011719,-1,5.2941024755146735,0.2202602980309219,0.01709
2025-08-14T09:19:58.225727,0.011719,0.097656,1.015625,-1,5.4919472265296445,0.6580551516728054,0.01709
2025-08-14T09:19:58.674780,0.007812,0.09375,1.011719,-1,5.293984787405834,0.4405140860682329,0.01709
2025-08-14T09:19:59.127162,0.007812,0.097656,1.019531,-1,5.471236885846391,0.4370114432478109,0.015869
2025-08-14T09:19:59.810210,0.003906,0.09375,1.011719,-1,5.2941024755146735,0.2202602980309219,0.015869
2025-08-14T09:20:00.266191,0.003906,0.085938,1.011719,-1,4.855159325392881,0.2204101951887956,0.015869
2025-08-14T09:20:00.705928,0.007812,0.09375,1.011719,-1,5.293984787405834,0.4405140860682329,0.015869
2025-08-14T09:20:01.157256,0.003906,0.09375,1.007812,-1,5.314508605002041,0.2211068645152699,0.01709
2025-08-14T09:20:01.615549,0.003906,0.089844,1.007812,-1,5.094275129610872,0.2211842903210142,0.015869
2025-08-14T09:20:02.371547,0.003906,0.09375,1.015625,-1,5.273857174599009,0.2194203761007803,0.015869
2025-08-14T09:20:02.834907,0.003906,0.085938,1.015625,-1,4.8365758532668846,0.219568563822405,0.01709
2025-08-14T09:20:03.395902,0.007812,0.089844,1.019531,-1,5.035912394311636,0.4373168631268229,0.015869
2025-08-14T09:20:03.961895,0.007812,0.097656,1.011719,-1,5.513221308524798,0.4403546701592543,0.01709
2025-08-14T09:20:04.428406,0.003906,0.085938,1.003906,-1,4.892761801397561,0.2221131119522437,0.01709
2025-08-14T09:20:04.879406,0.003906,0.085938,1.011719,-1,4.855159325392881,0.2204101951887956,0.01709
2025-08-14T09:20:05.452556,0.003906,0.09375,1.019531,-1,5.253765691153519,0.2185868085970974,0.015869
2025-08-14T09:20:05.913569,0.003906,0.089844,1.019531,-1,5.036022696165984,0.218661616199015,0.015869
2025-08-14T09:20:06.359087,0.003906,0.09375,1.011719,-1,5.2941024755146735,0.2202602980309219,0.015869
2025-08-14T09:20:06.930086,0.003906,0.09375,1.015625,-1,5.273857174599009,0.2194203761007803,0.01709
2025-08-14T09:20:07.374181,0.007812,0.09375,1.011719,-1,5.293984787405834,0.4405140860682329,0.01709
2025-08-14T09:20:07.821185,0.007812,0.09375,1.015625,-1,5.273740831474121,0.4388343163968418,0.015869
2025-08-14T09:20:08.290217,0.003906,0.089844,1.011719,-1,5.074705555245902,0.2203368375941571,0.01709
2025-08-14T09:20:08.854885,0.007812,0.097656,1.019531,-1,5.471236885846391,0.4370114432478109,0.015869
2025-08-14T09:20:09.308885,0.003906,0.09375,1.007812,-1,5.314508605002041,0.2211068645152699,0.01709
2025-08-14T09:20:09.787324,0.003906,0.09375,1.003906,-1,5.335066912703126,0.2219597159359737,0.01709
2025-08-14T09:20:10.358217,0.007812,0.097656,1.007812,-1,5.534460776186947,0.4420458832961798,0.01709
2025-08-14T09:20:10.909495,0.003906,0.089844,1.023438,-1,5.016896135374861,0.2178332739241818,0.01709
2025-08-14T09:20:11.395544,0.007812,0.089844,1.011719,-1,5.074592692098445,0.4406671584058894,0.01709
2025-08-14T09:20:11.853617,0.003906,0.089844,1.011719,-1,5.074705555245902,0.2203368375941571,0.01709
2025-08-14T09:20:12.315600,0.003906,0.09375,1.011719,-1,5.2941024755146735,0.2202602980309219,0.01709
2025-08-14T09:20:12.881074,0.003906,0.085938,1.015625,-1,4.8365758532668846,0.219568563822405,0.01709
2025-08-14T09:20:13.331085,0.011719,0.097656,1.011719,-1,5.513017092694571,0.6605721116934785,0.015869
2025-08-14T09:20:13.777085,0.007812,0.089844,1.019531,-1,5.035912394311636,0.4373168631268229,0.01709
2025-08-14T09:20:14.229303,0.007812,0.089844,1.011719,-1,5.074592692098445,0.4406671584058894,0.01709
2025-08-14T09:20:14.680271,0.003906,0.09375,1.015625,-1,5.273857174599009,0.2194203761007803,0.01709
2025-08-14T09:20:15.127433,0.003906,0.09375,1.011719,-1,5.2941024755146735,0.2202602980309219,0.01709
2025-08-14T09:20:15.689433,0.003906,0.09375,1.011719,-1,5.2941024755146735,0.2202602980309219,0.015869
2025-08-14T09:20:16.137257,0.003906,0.089844,1.003906,-1,5.113990749744391,0.2220380414583726,0.015869
2025-08-14T09:20:16.596960,0.003906,0.09375,1.019531,-1,5.253765691153519,0.2185868085970974,0.01709
2025-08-14T09:20:17.265960,0.003906,0.09375,1.011719,-1,5.2941024755146735,0.2202602980309219,0.01709
2025-08-14T09:20:17.734961,0.003906,0.085938,1.015625,-1,4.8365758532668846,0.219568563822405,0.015869
2025-08-14T09:20:18.353423,0.011719,0.089844,1.015625,-1,5.054992751627201,0.6585185479807234,0.01709
2025-08-14T09:20:18.806387,0.003906,0.09375,1.015625,-1,5.273857174599009,0.2194203761007803,0.01709
2025-08-14T09:20:19.257916,0.003906,0.09375,1.011719,-1,5.2941024755146735,0.2202602980309219,0.015869
2025-08-14T09:20:19.709060,0.003906,0.089844,1.003906,-1,5.113990749744391,0.2220380414583726,0.015869
2025-08-14T09:20:20.146822,0.003906,0.089844,1.015625,-1,5.055290319574003,0.2194960430900527,0.015869
2025-08-14T09:20:20.614822,0.003906,0.085938,1.007812,-1,4.873890619806268,0.2212584978981514,0.01709
2025-08-14T09:20:21.062822,0.007812,0.09375,1.011719,-1,5.293984787405834,0.4405140860682329,0.01709
2025-08-14T09:20:21.513911,0.003906,0.097656,1.023438,-1,5.450595901828535,0.2176822851351158,0.01709
2025-08-14T09:20:22.090306,-0.007812,0.066406,1.0625,-1,3.5762245350237483,-0.4204376117604492,0.01709
2025-08-14T09:20:22.674306,0.003906,0.089844,1.011719,-1,5.074705555245902,0.2203368375941571,0.015869
2025-08-14T09:20:23.158307,0.003906,0.089844,1.011719,-1,5.074705555245902,0.2203368375941571,0.015869
2025-08-14T09:20:23.721319,0.003906,0.089844,1.019531,-1,5.036022696165984,0.218661616199015,0.01709
2025-08-14T09:20:24.183996,0.003906,0.097656,1.007812,-1,5.53458470025606,0.2210262307191928,0.015869
2025-08-14T09:20:24.719998,0.011719,0.09375,1.015625,-1,5.273546883809885,0.6582915542876178,0.01709
2025-08-14T09:20:25.271098,0.003906,0.089844,1.015625,-1,5.055290319574003,0.2194960430900527,0.01709
2025-08-14T09:20:25.974461,0.007812,0.085938,1.003906,-1,4.892651243688762,0.4442195482435769,0.015869
2025-08-14T09:20:26.428461,0.003906,0.085938,1.015625,-1,4.8365758532668846,0.219568563822405,0.015869
2025-08-14T09:20:26.885461,0.003906,0.089844,1.015625,-1,5.055290319574003,0.2194960430900527,0.01709
2025-08-14T09:20:27.345999,0.003906,0.097656,1.015625,-1,5.492270213166848,0.219341572710269,0.01709
2025-08-14T09:20:27.850998,0.007812,0.09375,1.011719,-1,5.293984787405834,0.4405140860682329,0.015869
2025-08-14T09:20:28.307672,0.003906,0.09375,1.015625,-1,5.273857174599009,0.2194203761007803,0.01709
2025-08-14T09:20:28.763671,0.003906,0.09375,1.015625,-1,5.273857174599009,0.2194203761007803,0.015869
2025-08-14T09:20:29.206301,0.007812,0.097656,1.019531,-1,5.471236885846391,0.4370114432478109,0.01709
2025-08-14T09:20:29.768226,0.003906,0.09375,1.007812,-1,5.314508605002041,0.2211068645152699,0.015869
2025-08-14T09:20:30.222583,0.003906,0.089844,1.015625,-1,5.055290319574003,0.2194960430900527,0.015869
2025-08-14T09:20:30.677583,0.007812,0.09375,1.007812,-1,5.314389550775362,0.4422071436864255,0.015869
2025-08-14T09:20:31.161583,0.003906,0.09375,1.019531,-1,5.253765691153519,0.2185868085970974,0.015869
2025-08-14T09:20:31.627610,0.003906,0.089844,1.003906,-1,5.113990749744391,0.2220380414583726,0.01709
2025-08-14T09:20:32.380610,0.011719,0.089844,1.019531,-1,5.035728517520141,0.6560153465157633,0.01709
2025-08-14T09:20:32.841608,0.003906,0.089844,1.007812,-1,5.094275129610872,0.2211842903210142,0.01709
2025-08-14T09:20:33.289196,0.007812,0.085938,1.007812,-1,4.873781336396888,0.4425103968946299,0.015869
2025-08-14T09:20:33.939659,0.003906,0.089844,1.003906,-1,5.113990749744391,0.2220380414583726,0.01709
2025-08-14T09:20:34.392048,0.003906,0.085938,1.019531,-1,4.81813376260626,0.2187333127266207,0.015869
2025-08-14T09:20:34.965692,0.003906,0.09375,1.019531,-1,5.253765691153519,0.2185868085970974,0.015869
2025-08-14T09:20:35.453917,0.011719,0.089844,1.011719,-1,5.074404545801972,0.6610408494201002,0.015869
2025-08-14T09:20:36.104064,0.003906,0.09375,1.011719,-1,5.2941024755146735,0.2202602980309219,0.01709
2025-08-14T09:20:36.579846,0.011719,0.089844,1.011719,-1,5.074404545801972,0.6610408494201002,0.015869
2025-08-14T09:20:37.070325,0.007812,0.09375,1.015625,-1,5.273740831474121,0.4388343163968418,0.01709
2025-08-14T09:20:37.581398,0.007812,0.089844,1.003906,-1,5.113875245150716,0.4440694140221948,0.01709
2025-08-14T09:20:38.050423,0.011719,0.089844,1.023438,-1,5.016605295666482,0.653530396119924,0.015869
2025-08-14T09:20:38.515423,0.007812,0.09375,1.011719,-1,5.293984787405834,0.4405140860682329,0.01709
2025-08-14T09:20:39.059078,0.011719,0.09375,1.015625,-1,5.273546883809885,0.6582915542876178,0.01709
2025-08-14T09:20:39.552088,0.007812,0.09375,1.019531,-1,5.253650672624266,0.4371672544577104,0.015869
2025-08-14T09:20:40.086972,0.007812,0.089844,1.007812,-1,5.094160955742287,0.4423619883775861,0.01709
2025-08-14T09:20:40.576852,0.007812,0.09375,1.027344,-1,5.213919761114999,0.433870264898074,0.015869
2025-08-14T09:20:41.046225,0.003906,0.089844,1.011719,-1,5.074705555245902,0.2203368375941571,0.01709
2025-08-14T09:20:41.600703,0.011719,0.089844,1.019531,-1,5.035728517520141,0.6560153465157633,0.015869
2025-08-14T09:20:42.172769,0.003906,0.09375,1.011719,-1,5.2941024755146735,0.2202602980309219,0.01709
2025-08-14T09:20:42.648493,0.003906,0.085938,1.015625,-1,4.8365758532668846,0.219568563822405,0.01709
2025-08-14T09:20:43.110488,0.003906,0.089844,1.007812,-1,5.094275129610872,0.2211842903210142,0.01709
2025-08-14T09:20:43.567916,0.003906,0.089844,1.015625,-1,5.055290319574003,0.2194960430900527,0.015869
2025-08-14T09:20:44.181610,0.007812,0.09375,1.011719,-1,5.293984787405834,0.4405140860682329,0.01709
2025-08-14T09:20:44.708840,0.007812,0.085938,1.015625,-1,4.836469060684925,0.4391306787920853,0.01709
2025-08-14T09:20:45.206223,0.007812,0.09375,1.011719,-1,5.293984787405834,0.4405140860682329,0.015869
2025-08-14T09:20:45.704634,0.003906,0.089844,1.019531,-1,5.036022696165984,0.218661616199015,0.015869
2025-08-14T09:20:46.229633,0.003906,0.09375,1.015625,-1,5.273857174599009,0.2194203761007803,0.015869
2025-08-14T09:20:47.148009,0.003906,0.097656,1.011719,-1,5.513343811278554,0.2201805865438625,0.01709
2025-08-14T09:20:48.086025,0.003906,0.085938,1.007812,-1,4.873890619806268,0.2212584978981514,0.01709
2025-08-14T09:20:48.593563,0.003906,0.089844,1.011719,-1,5.074705555245902,0.2203368375941571,0.01709
2025-08-14T09:20:49.107186,0.003906,0.089844,1.003906,-1,5.113990749744391,0.2220380414583726,0.015869
2025-08-14T09:20:49.755382,0.003906,0.09375,1.011719,-1,5.2941024755146735,0.2202602980309219,0.015869
2025-08-14T09:20:50.259609,0.003906,0.09375,1.007812,-1,5.314508605002041,0.2211068645152699,0.015869
2025-08-14T09:20:50.732566,0.003906,0.09375,1.011719,-1,5.2941024755146735,0.2202602980309219,0.015869
2025-08-14T09:20:51.243937,0.003906,0.089844,1.015625,-1,5.055290319574003,0.2194960430900527,0.015869
2025-08-14T09:20:51.810238,0.003906,0.09375,1.015625,-1,5.273857174599009,0.2194203761007803,0.015869
2025-08-14T09:20:52.256278,0.003906,0.09375,1.015625,-1,5.273857174599009,0.2194203761007803,0.015869
2025-08-14T09:20:52.715849,0.003906,0.09375,1.015625,-1,5.273857174599009,0.2194203761007803,0.01709
2025-08-14T09:20:53.195924,0.003906,0.089844,1.015625,-1,5.055290319574003,0.2194960430900527,0.01709
2025-08-14T09:20:53.710924,0.003906,0.09375,1.007812,-1,5.314508605002041,0.2211068645152699,0.01709
2025-08-14T09:20:54.218924,0.003906,0.089844,1.007812,-1,5.094275129610872,0.2211842903210142,0.01709
2025-08-14T09:20:54.712924,0.007812,0.089844,1.011719,-1,5.074592692098445,0.4406671584058894,0.015869
2025-08-14T09:20:55.188924,0.003906,0.089844,1.015625,-1,5.055290319574003,0.2194960430900527,0.015869
2025-08-14T09:20:55.710956,0.003906,0.089844,1.011719,-1,5.074705555245902,0.2203368375941571,0.01709
2025-08-14T09:20:56.237956,0.007812,0.089844,1.011719,-1,5.074592692098445,0.4406671584058894,0.015869
2025-08-14T09:20:56.749956,0.003906,0.089844,1.011719,-1,5.074705555245902,0.2203368375941571,0.015869
2025-08-14T09:20:57.199956,0.003906,0.09375,1.019531,-1,5.253765691153519,0.2185868085970974,0.01709
2025-08-14T09:20:57.699897,0.003906,0.097656,1.011719,-1,5.513343811278554,0.2201805865438625,0.01709
2025-08-14T09:20:58.217602,0.003906,0.09375,1.015625,-1,5.273857174599009,0.2194203761007803,0.015869
2025-08-14T09:20:58.671097,0.007812,0.089844,1.015625,-1,5.0551787468593545,0.43898564371507,0.015869
2025-08-14T09:20:59.194479,0.007812,0.09375,1.019531,-1,5.253650672624266,0.4371672544577104,0.015869
2025-08-14T09:20:59.703395,0.007812,0.097656,1.015625,-1,5.492149109753544,0.4386767165473251,0.01709
2025-08-14T09:21:00.320070,0.011719,0.089844,1.019531,-1,5.035728517520141,0.6560153465157633,0.01709
2025-08-14T09:21:00.819363,0.007812,0.09375,1.011719,-1,5.293984787405834,0.4405140860682329,0.015869
2025-08-14T09:21:01.425769,0.011719,0.09375,1.007812,-1,5.314191083889861,0.663350853020479,0.01709
2025-08-14T09:21:02.170539,0.003906,0.089844,1.015625,-1,5.055290319574003,0.2194960430900527,0.01709
2025-08-14T09:21:02.739888,0.003906,0.09375,1.011719,-1,5.2941024755146735,0.2202602980309219,0.015869
2025-08-14T09:21:03.258313,0.003906,0.09375,1.019531,-1,5.253765691153519,0.2185868085970974,0.01709
2025-08-14T09:21:03.715519,0.007812,0.089844,1.011719,-1,5.074592692098445,0.4406671584058894,0.01709
2025-08-14T09:21:04.311519,0.003906,0.089844,1.011719,-1,5.074705555245902,0.2203368375941571,0.015869
2025-08-14T09:21:04.821216,0.003906,0.085938,1.011719,-1,4.855159325392881,0.2204101951887956,0.01709
2025-08-14T09:21:05.273217,0.003906,0.085938,1.015625,-1,4.8365758532668846,0.219568563822405,0.01709
2025-08-14T09:21:06.004687,0.007812,0.089844,1.015625,-1,5.0551787468593545,0.43898564371507,0.01709
2025-08-14T09:21:06.464686,0.007812,0.089844,1.015625,-1,5.0551787468593545,0.43898564371507,0.015869
2025-08-14T09:21:07.195054,0.007812,0.09375,1.011719,-1,5.293984787405834,0.4405140860682329,0.015869
2025-08-14T09:21:07.709170,0.003906,0.09375,1.011719,-1,5.2941024755146735,0.2202602980309219,0.01709
2025-08-14T09:21:08.200783,-0.003906,0.09375,1.011719,-1,5.2941024755146735,-0.2202602980309219,0.01709
2025-08-14T09:21:08.749783,-0.003906,0.085938,1.023438,-1,4.799826781958027,-0.2179041584603552,0.01709
2025-08-14T09:21:09.468956,0.003906,0.09375,1.011719,-1,5.2941024755146735,0.2202602980309219,0.015869
2025-08-14T09:21:09.968558,0.007812,0.089844,1.007812,-1,5.094160955742287,0.4423619883775861,0.015869
2025-08-14T09:21:10.518554,0.007812,0.089844,1.019531,-1,5.035912394311636,0.4373168631268229,0.015869
2025-08-14T09:21:10.995555,0.007812,0.09375,1.019531,-1,5.253650672624266,0.4371672544577104,0.015869
2025-08-14T09:21:11.520555,0.007812,0.085938,1.011719,-1,4.855051297116398,0.4408138670841549,0.015869
2025-08-14T09:21:12.033555,0.003906,0.09375,1.011719,-1,5.2941024755146735,0.2202602980309219,0.01709
2025-08-14T09:21:12.551557,0.007812,0.089844,1.015625,-1,5.0551787468593545,0.43898564371507,0.01709
2025-08-14T09:21:13.091764,0.003906,0.085938,1.019531,-1,4.81813376260626,0.2187333127266207,0.01709
2025-08-14T09:21:13.576769,0.007812,0.097656,1.015625,-1,5.492149109753544,0.4386767165473251,0.01709
2025-08-14T09:21:14.100768,0.003906,0.089844,1.011719,-1,5.074705555245902,0.2203368375941571,0.015869
2025-08-14T09:21:14.657767,0.007812,0.089844,1.019531,-1,5.035912394311636,0.4373168631268229,0.01709
2025-08-14T09:21:15.219767,0.011719,0.09375,1.011719,-1,5.293788597744054,0.6608112382957926,0.015869
2025-08-14T09:21:15.828510,0.003906,0.089844,1.023438,-1,5.016896135374861,0.2178332739241818,0.01709
2025-08-14T09:21:16.383536,0.003906,0.089844,1.015625,-1,5.055290319574003,0.2194960430900527,0.015869
2025-08-14T09:21:17.398537,0.007812,0.097656,1.019531,-1,5.471236885846391,0.4370114432478109,0.01709
2025-08-14T09:21:18.150536,0.007812,0.089844,1.015625,-1,5.0551787468593545,0.43898564371507,0.01709
2025-08-14T09:21:18.662536,0.003906,0.085938,1.003906,-1,4.892761801397561,0.2221131119522437,0.01709
2025-08-14T09:21:19.169535,0.011719,0.09375,1.015625,-1,5.273546883809885,0.6582915542876178,0.015869
2025-08-14T09:21:19.684536,0.007812,0.09375,1.015625,-1,5.273740831474121,0.4388343163968418,0.015869
2025-08-14T09:21:20.198535,0.007812,0.089844,1.007812,-1,5.094160955742287,0.4423619883775861,0.01709
2025-08-14T09:21:20.697540,0.003906,0.089844,1.015625,-1,5.055290319574003,0.2194960430900527,0.01709
2025-08-14T09:21:21.226537,0.007812,0.09375,1.011719,-1,5.293984787405834,0.4405140860682329,0.01709
2025-08-14T09:21:21.823936,0.003906,0.09375,1.007812,-1,5.314508605002041,0.2211068645152699,0.015869
2025-08-14T09:21:22.401938,0.011719,0.085938,1.011719,-1,4.854871210703855,0.6612609149354195,0.015869
2025-08-14T09:21:22.992936,0.003906,0.089844,1.015625,-1,5.055290319574003,0.2194960430900527,0.015869
2025-08-14T09:21:23.575043,0.007812,0.089844,1.007812,-1,5.094160955742287,0.4423619883775861,0.01709
2025-08-14T09:21:24.106048,0.007812,0.09375,1.019531,-1,5.253650672624266,0.4371672544577104,0.015869
2025-08-14T09:21:24.702043,0.007812,0.089844,1.007812,-1,5.094160955742287,0.4423619883775861,0.015869
2025-08-14T09:21:25.210045,0.003906,0.09375,1.015625,-1,5.273857174599009,0.2194203761007803,0.01709
2025-08-14T09:21:25.712043,0.007812,0.089844,1.015625,-1,5.0551787468593545,0.43898564371507,0.015869
2025-08-14T09:21:26.242043,0.007812,0.097656,1.015625,-1,5.492149109753544,0.4386767165473251,0.015869
2025-08-14T09:21:26.757043,0.007812,0.089844,1.015625,-1,5.0551787468593545,0.43898564371507,0.01709
2025-08-14T09:21:27.579211,0.007812,0.09375,1.011719,-1,5.293984787405834,0.4405140860682329,0.015869
2025-08-14T09:21:28.136211,0.007812,0.089844,1.019531,-1,5.035912394311636,0.4373168631268229,0.01709
2025-08-14T09:21:28.633213,0.003906,0.09375,1.011719,-1,5.2941024755146735,0.2202602980309219,0.015869
2025-08-14T09:21:29.155212,0.003906,0.089844,1.011719,-1,5.074705555245902,0.2203368375941571,0.015869
2025-08-14T09:21:29.843211,0.007812,0.09375,1.011719,-1,5.293984787405834,0.4405140860682329,0.01709
2025-08-14T09:21:30.318211,0.011719,0.09375,1.011719,-1,5.293788597744054,0.6608112382957926,0.015869
2025-08-14T09:21:30.871998,0.003906,0.089844,1.011719,-1,5.074705555245902,0.2203368375941571,0.01709
2025-08-14T09:21:31.388070,0.007812,0.089844,1.007812,-1,5.094160955742287,0.4423619883775861,0.015869
2025-08-14T09:21:32.121070,0.007812,0.09375,1.011719,-1,5.293984787405834,0.4405140860682329,0.015869
2025-08-14T09:21:32.607070,0.007812,0.089844,1.011719,-1,5.074592692098445,0.4406671584058894,0.01709
2025-08-14T09:21:33.066454,0.003906,0.089844,1.011719,-1,5.074705555245902,0.2203368375941571,0.015869
2025-08-14T09:21:33.525451,0.007812,0.089844,1.011719,-1,5.074592692098445,0.4406671584058894,0.015869
2025-08-14T09:21:34.042558,0.007812,0.089844,1.011719,-1,5.074592692098445,0.4406671584058894,0.01709
2025-08-14T09:21:34.648158,-0.003906,0.085938,1.015625,-1,4.8365758532668846,-0.219568563822405,0.015869
2025-08-14T09:21:35.160479,0.007812,0.097656,1.011719,-1,5.513221308524798,0.4403546701592543,0.01709
2025-08-14T09:21:35.633220,0.003906,0.09375,1.019531,-1,5.253765691153519,0.2185868085970974,0.015869
2025-08-14T09:21:36.210211,0.007812,0.085938,1.003906,-1,4.892651243688762,0.4442195482435769,0.01709
2025-08-14T09:21:36.735725,0.007812,0.09375,1.011719,-1,5.293984787405834,0.4405140860682329,0.015869
2025-08-14T09:21:37.182725,0.003906,0.089844,1.015625,-1,5.055290319574003,0.2194960430900527,0.01709
2025-08-14T09:21:37.741549,0.003906,0.089844,1.019531,-1,5.036022696165984,0.218661616199015,0.015869
2025-08-14T09:21:38.201549,0.007812,0.09375,1.019531,-1,5.253650672624266,0.4371672544577104,0.01709
2025-08-14T09:21:38.767091,0.003906,0.089844,1.007812,-1,5.094275129610872,0.2211842903210142,0.01709
2025-08-14T09:21:39.256848,0.007812,0.097656,1.007812,-1,5.534460776186947,0.4420458832961798,0.015869
2025-08-14T09:21:39.814197,0.011719,0.089844,1.007812,-1,5.093970624564722,0.6635831225730597,0.015869
2025-08-14T09:21:40.314386,0.003906,0.089844,1.023438,-1,5.016896135374861,0.2178332739241818,0.01709
2025-08-14T09:21:40.824084,0.007812,0.085938,1.019531,-1,4.818028186966343,0.437460249914878,0.015869
2025-08-14T09:21:41.414612,0.003906,0.089844,1.023438,-1,5.016896135374861,0.2178332739241818,0.015869
2025-08-14T09:21:41.912745,0.003906,0.097656,1.011719,-1,5.513343811278554,0.2201805865438625,0.015869
2025-08-14T09:21:42.489694,0.003906,0.089844,1.011719,-1,5.074705555245902,0.2203368375941571,0.01709
2025-08-14T09:21:42.972604,0.003906,0.09375,1.015625,-1,5.273857174599009,0.2194203761007803,0.015869
2025-08-14T09:21:43.500242,0.007812,0.089844,1.019531,-1,5.035912394311636,0.4373168631268229,0.01709
2025-08-14T09:21:43.976242,0.007812,0.097656,1.015625,-1,5.492149109753544,0.4386767165473251,0.015869
2025-08-14T09:21:44.463244,0.003906,0.089844,1.011719,-1,5.074705555245902,0.2203368375941571,0.015869
2025-08-14T09:21:44.954259,0.007812,0.09375,1.015625,-1,5.273740831474121,0.4388343163968418,0.01709
2025-08-14T09:21:45.561261,0.003906,0.09375,1.007812,-1,5.314508605002041,0.2211068645152699,0.01709
2025-08-14T09:21:46.127986,0.003906,0.09375,1.019531,-1,5.253765691153519,0.2185868085970974,0.01709
2025-08-14T09:21:46.680124,0.007812,0.089844,1.007812,-1,5.094160955742287,0.4423619883775861,0.015869
2025-08-14T09:21:47.465124,0.007812,0.09375,1.011719,-1,5.293984787405834,0.4405140860682329,0.015869
2025-08-14T09:21:47.984123,0.003906,0.09375,1.015625,-1,5.273857174599009,0.2194203761007803,0.015869
2025-08-14T09:21:48.510275,0.003906,0.09375,1.011719,-1,5.2941024755146735,0.2202602980309219,0.01709
2025-08-14T09:21:48.953270,0.003906,0.089844,1.011719,-1,5.074705555245902,0.2203368375941571,0.015869
2025-08-14T09:21:49.455088,0.011719,0.09375,1.015625,-1,5.273546883809885,0.6582915542876178,0.01709
2025-08-14T09:21:49.999088,0.003906,0.089844,1.011719,-1,5.074705555245902,0.2203368375941571,0.01709
2025-08-14T09:21:50.468478,0.003906,0.089844,1.011719,-1,5.074705555245902,0.2203368375941571,0.01709
2025-08-14T09:21:50.921561,0.007812,0.089844,1.011719,-1,5.074592692098445,0.4406671584058894,0.01709
2025-08-14T09:21:51.413373,0.007812,0.089844,1.015625,-1,5.0551787468593545,0.43898564371507,0.015869
2025-08-14T09:21:51.949261,0.011719,0.09375,1.015625,-1,5.273546883809885,0.6582915542876178,0.015869
2025-08-14T09:21:52.434965,0.011719,0.097656,1.015625,-1,5.4919472265296445,0.6580551516728054,0.01709
2025-08-14T09:21:52.944079,0.011719,0.101562,1.007812,-1,5.754153629276597,0.6628574748408065,0.01709
2025-08-14T09:21:53.461749,0.003906,0.09375,1.011719,-1,5.2941024755146735,0.2202602980309219,0.015869
2025-08-14T09:21:53.962018,0.003906,0.097656,1.007812,-1,5.53458470025606,0.2210262307191928,0.01709
2025-08-14T09:21:54.618627,0.011719,0.09375,1.019531,-1,5.253458932974111,0.6557909307022759,0.01709
2025-08-14T09:21:55.132626,0.003906,0.09375,1.015625,-1,5.273857174599009,0.2194203761007803,0.015869
2025-08-14T09:21:55.822202,0.007812,0.089844,1.007812,-1,5.094160955742287,0.4423619883775861,0.01709
2025-08-14T09:21:56.368202,0.003906,0.085938,1.015625,-1,4.8365758532668846,0.219568563822405,0.01709
2025-08-14T09:21:56.859770,0.003906,0.089844,1.011719,-1,5.074705555245902,0.2203368375941571,0.01709
2025-08-14T09:21:57.365490,0.003906,0.089844,1.015625,-1,5.055290319574003,0.2194960430900527,0.015869
2025-08-14T09:21:57.849117,0.007812,0.09375,1.015625,-1,5.273740831474121,0.4388343163968418,0.015869
2025-08-14T09:21:58.376195,0.003906,0.09375,1.015625,-1,5.273857174599009,0.2194203761007803,0.01709
2025-08-14T09:21:58.902372,0.003906,0.089844,1.015625,-1,5.055290319574003,0.2194960430900527,0.015869
2025-08-14T09:21:59.468028,0.003906,0.089844,1.015625,-1,5.055290319574003,0.2194960430900527,0.015869
2025-08-14T09:22:00.257897,0.003906,0.089844,1.019531,-1,5.036022696165984,0.218661616199015,0.015869
2025-08-14T09:22:00.743897,0.003906,0.089844,1.011719,-1,5.074705555245902,0.2203368375941571,0.01709
2025-08-14T09:22:01.224980,0.007812,0.09375,1.019531,-1,5.253650672624266,0.4371672544577104,0.015869
2025-08-14T09:22:01.693468,0.007812,0.097656,1.007812,-1,5.534460776186947,0.4420458832961798,0.01709
2025-08-14T09:22:02.335468,0.003906,0.089844,1.015625,-1,5.055290319574003,0.2194960430900527,0.01709
2025-08-14T09:22:02.813208,0.003906,0.085938,1.015625,-1,4.8365758532668846,0.219568563822405,0.01709
2025-08-14T09:22:03.362968,0.003906,0.09375,1.015625,-1,5.273857174599009,0.2194203761007803,0.01709
2025-08-14T09:22:03.827967,0.015625,0.089844,1.011719,-1,5.074141237768563,0.8813385862633992,0.015869
2025-08-14T09:22:04.640948,0.007812,0.09375,1.019531,-1,5.253650672624266,0.4371672544577104,0.015869
2025-08-14T09:22:05.184947,0.007812,0.09375,1.011719,-1,5.293984787405834,0.4405140860682329,0.01709
2025-08-14T09:22:05.732455,0.007812,0.09375,1.015625,-1,5.273740831474121,0.4388343163968418,0.015869
2025-08-14T09:22:06.492459,0.007812,0.089844,1.027344,-1,4.997810963087944,0.4340165129863259,0.01709
2025-08-14T09:22:07.095844,0.003906,0.09375,1.011719,-1,5.2941024755146735,0.2202602980309219,0.015869
2025-08-14T09:22:07.571844,-0.003906,0.09375,1.019531,-1,5.253765691153519,-0.2185868085970974,0.01709
2025-08-14T09:22:08.048618,0.003906,0.089844,1.007812,-1,5.094275129610872,0.2211842903210142,0.015869
2025-08-14T09:22:08.565620,0.003906,0.09375,1.015625,-1,5.273857174599009,0.2194203761007803,0.015869
2025-08-14T09:22:09.025251,0.007812,0.089844,1.011719,-1,5.074592692098445,0.4406671584058894,0.01709
2025-08-14T09:22:09.483250,0.003906,0.097656,1.015625,-1,5.492270213166848,0.219341572710269,0.015869
2025-08-14T09:22:09.990342,0.003906,0.09375,1.007812,-1,5.314508605002041,0.2211068645152699,0.01709
2025-08-14T09:22:10.482107,0.003906,0.09375,1.015625,-1,5.273857174599009,0.2194203761007803,0.015869
2025-08-14T09:22:11.179218,0.003906,0.097656,1.007812,-1,5.53458470025606,0.2210262307191928,0.015869
2025-08-14T09:22:11.792218,0.003906,0.089844,1.011719,-1,5.074705555245902,0.2203368375941571,0.01709
2025-08-14T09:22:12.260753,0.003906,0.09375,1.015625,-1,5.273857174599009,0.2194203761007803,0.015869
2025-08-14T09:28:10.773100,0.003906,0.089844,1.007812,-1,5.094275129610872,0.2211842903210142,0.01709
2025-08-14T09:28:11.230101,0.011719,0.09375,1.019531,-1,5.253458932974111,0.6557909307022759,0.015869
2025-08-14T09:28:11.697125,0.003906,0.089844,1.011719,-1,5.074705555245902,0.2203368375941571,0.01709
2025-08-14T09:28:12.181125,0.007812,0.09375,1.015625,-1,5.273740831474121,0.4388343163968418,0.015869
2025-08-14T09:28:12.643129,0.007812,0.09375,1.011719,-1,5.293984787405834,0.4405140860682329,0.01709
2025-08-14T09:28:13.095124,0.003906,0.09375,1.007812,-1,5.314508605002041,0.2211068645152699,0.015869
2025-08-14T09:28:13.667128,0.007812,0.089844,1.003906,-1,5.113875245150716,0.4440694140221948,0.01709
2025-08-14T09:28:14.153126,0.007812,0.089844,1.011719,-1,5.074592692098445,0.4406671584058894,0.01709
2025-08-14T09:28:14.660125,0.003906,0.09375,1.023438,-1,5.233821198234859,0.2177593129857423,0.01709
2025-08-14T09:28:15.261125,0.007812,0.09375,1.011719,-1,5.293984787405834,0.4405140860682329,0.015869
2025-08-14T09:28:15.755128,0.003906,0.09375,1.019531,-1,5.253765691153519,0.2185868085970974,0.01709
2025-08-14T09:28:16.336126,0.003906,0.089844,1.019531,-1,5.036022696165984,0.218661616199015,0.015869
2025-08-14T09:28:16.801694,0.007812,0.09375,1.015625,-1,5.273740831474121,0.4388343163968418,0.015869
2025-08-14T09:28:17.355939,0.003906,0.089844,1.019531,-1,5.036022696165984,0.218661616199015,0.01709
2025-08-14T09:28:17.816207,0.007812,0.085938,1.023438,-1,4.799722405166162,0.4358020136098905,0.015869
2025-08-14T09:28:18.363823,0.007812,0.09375,1.011719,-1,5.293984787405834,0.4405140860682329,0.015869
2025-08-14T09:28:18.812896,0.007812,0.09375,1.015625,-1,5.273740831474121,0.4388343163968418,0.015869
2025-08-14T09:28:19.263485,-0.003906,0.09375,1.015625,-1,5.273857174599009,-0.2194203761007803,0.015869
2025-08-14T09:28:19.710440,0.003906,0.085938,1.023438,-1,4.799826781958027,0.2179041584603552,0.015869
2025-08-14T09:28:20.167443,0.003906,0.09375,1.007812,-1,5.314508605002041,0.2211068645152699,0.015869
2025-08-14T09:28:20.637441,0.003906,0.089844,1.015625,-1,5.055290319574003,0.2194960430900527,0.015869
2025-08-14T09:28:21.106440,0.003906,0.089844,1.015625,-1,5.055290319574003,0.2194960430900527,0.015869
2025-08-14T09:28:21.662476,0.003906,0.09375,1.015625,-1,5.273857174599009,0.2194203761007803,0.01709
2025-08-14T09:28:22.112476,0.003906,0.089844,1.007812,-1,5.094275129610872,0.2211842903210142,0.015869
2025-08-14T09:28:22.562594,0.007812,0.09375,1.011719,-1,5.293984787405834,0.4405140860682329,0.015869
2025-08-14T09:28:23.013617,0.007812,0.089844,1.023438,-1,5.016787085495527,0.4356602506868526,0.015869
2025-08-14T09:28:23.465638,0.003906,0.089844,1.011719,-1,5.074705555245902,0.2203368375941571,0.015869
2025-08-14T09:28:24.149177,0.003906,0.085938,1.015625,-1,4.8365758532668846,0.219568563822405,0.015869
2025-08-14T09:28:24.838459,0.007812,0.089844,1.011719,-1,5.074592692098445,0.4406671584058894,0.015869
2025-08-14T09:28:25.329458,0.003906,0.09375,1.027344,-1,5.214032189762759,0.2169382423791886,0.015869
2025-08-14T09:28:25.783533,0.007812,0.09375,1.019531,-1,5.253650672624266,0.4371672544577104,0.015869
2025-08-14T09:28:26.236532,0.007812,0.09375,1.015625,-1,5.273740831474121,0.4388343163968418,0.015869
2025-08-14T09:28:26.679533,0.003906,0.101562,1.011719,-1,5.732423314736888,0.2200977135741828,0.015869
2025-08-14T09:28:27.242197,0.003906,0.089844,1.019531,-1,5.036022696165984,0.218661616199015,0.015869
2025-08-14T09:28:27.694199,0.003906,0.09375,1.015625,-1,5.273857174599009,0.2194203761007803,0.015869
2025-08-14T09:28:28.136254,0.003906,0.09375,1.023438,-1,5.233821198234859,0.2177593129857423,0.015869
2025-08-14T09:28:28.590261,0.003906,0.09375,1.011719,-1,5.2941024755146735,0.2202602980309219,0.015869
2025-08-14T09:28:29.139227,0.003906,0.089844,1.015625,-1,5.055290319574003,0.2194960430900527,0.015869
2025-08-14T09:28:29.599227,0.011719,0.089844,1.015625,-1,5.054992751627201,0.6585185479807234,0.01709
2025-08-14T09:28:30.217086,0.007812,0.089844,1.015625,-1,5.0551787468593545,0.43898564371507,0.015869
2025-08-14T09:28:46.729953,0.007812,0.089844,1.015625,-1,5.0551787468593545,0.43898564371507,0.015869
2025-08-14T09:28:47.172965,0.007812,0.089844,1.019531,-1,5.035912394311636,0.4373168631268229,0.015869
2025-08-14T09:28:47.616495,0.003906,0.089844,1.015625,-1,5.055290319574003,0.2194960430900527,0.01709
2025-08-14T09:28:48.167016,0.011719,0.089844,1.015625,-1,5.054992751627201,0.6585185479807234,0.015869
2025-08-14T09:28:48.711998,0.011719,0.09375,1.019531,-1,5.253458932974111,0.6557909307022759,0.015869
2025-08-14T09:28:49.176267,-0.007812,0.089844,1.011719,-1,5.074592692098445,-0.4406671584058894,0.015869
2025-08-14T09:28:49.632266,0.015625,0.09375,1.007812,-1,5.3139133326096974,0.8844182054550733,0.015869
2025-08-14T09:28:50.179246,0.007812,0.097656,1.011719,-1,5.513221308524798,0.4403546701592543,0.01709
2025-08-14T09:30:48.919819,0.003906,0.085938,1.015625,-1,4.8365758532668846,0.219568563822405,0.015869
2025-08-14T09:30:49.375821,0.007812,0.089844,1.011719,-1,5.074592692098445,0.4406671584058894,0.015869
2025-08-14T09:30:49.838822,0.003906,0.089844,1.015625,-1,5.055290319574003,0.2194960430900527,0.015869
2025-08-14T09:30:50.302822,0.003906,0.09375,1.019531,-1,5.253765691153519,0.2185868085970974,0.015869
2025-08-14T09:30:50.878819,0.003906,0.09375,1.007812,-1,5.314508605002041,0.2211068645152699,0.015869
2025-08-14T09:30:51.350820,0.003906,0.089844,1.019531,-1,5.036022696165984,0.218661616199015,0.015869
2025-08-14T09:30:51.806825,0.003906,0.09375,1.019531,-1,5.253765691153519,0.2185868085970974,0.015869
2025-08-14T09:30:52.259872,0.007812,0.09375,1.019531,-1,5.253650672624266,0.4371672544577104,0.015869
2025-08-14T09:30:52.815871,0.003906,0.089844,1.011719,-1,5.074705555245902,0.2203368375941571,0.01709
2025-08-14T09:30:53.263198,0.011719,0.089844,1.015625,-1,5.054992751627201,0.6585185479807234,0.015869
2025-08-14T09:30:53.849239,0.007812,0.097656,1.015625,-1,5.492149109753544,0.4386767165473251,0.015869
2025-08-14T09:30:54.551981,0.007812,0.089844,1.015625,-1,5.0551787468593545,0.43898564371507,0.015869
2025-08-14T09:30:54.999766,-0.003906,0.089844,1.007812,-1,5.094275129610872,-0.2211842903210142,0.015869
2025-08-14T09:30:55.448914,0.007812,0.09375,1.003906,-1,5.334946471521609,0.4439127700322686,0.015869
2025-08-14T09:30:58.112197,0.003906,0.09375,1.015625,-1,5.273857174599009,0.2194203761007803,0.01709
2025-08-14T09:30:58.678945,0.003906,0.089844,1.011719,-1,5.074705555245902,0.2203368375941571,0.015869
2025-08-14T09:30:59.124284,0.003906,0.089844,1.015625,-1,5.055290319574003,0.2194960430900527,0.015869
2025-08-14T09:30:59.590804,0.003906,0.089844,1.011719,-1,5.074705555245902,0.2203368375941571,0.015869
2025-08-14T09:31:00.143903,0.007812,0.089844,1.011719,-1,5.074592692098445,0.4406671584058894,0.015869
2025-08-14T09:31:00.589359,0.007812,0.089844,1.015625,-1,5.0551787468593545,0.43898564371507,0.015869
2025-08-14T09:31:01.056358,0.007812,0.089844,1.019531,-1,5.035912394311636,0.4373168631268229,0.015869
2025-08-14T09:31:01.622177,0.003906,0.089844,1.011719,-1,5.074705555245902,0.2203368375941571,0.015869
2025-08-14T09:31:02.075178,0.007812,0.097656,1.015625,-1,5.492149109753544,0.4386767165473251,0.015869
2025-08-14T09:31:02.511851,0.003906,0.089844,1.011719,-1,5.074705555245902,0.2203368375941571,0.015869
2025-08-14T09:31:03.167851,0.003906,0.089844,1.019531,-1,5.036022696165984,0.218661616199015,0.01709
2025-08-14T09:31:03.622851,0.003906,0.09375,1.011719,-1,5.2941024755146735,0.2202602980309219,0.015869
2025-08-14T09:31:04.178382,0.011719,0.089844,1.011719,-1,5.074404545801972,0.6610408494201002,0.015869
2025-08-14T09:31:04.637383,0.007812,0.09375,1.011719,-1,5.293984787405834,0.4405140860682329,0.015869
2025-08-14T09:31:05.078586,0.003906,0.085938,1.007812,-1,4.873890619806268,0.2212584978981514,0.01709
2025-08-14T09:31:05.533313,0.003906,0.09375,1.011719,-1,5.2941024755146735,0.2202602980309219,0.015869
2025-08-14T09:31:06.005314,0.007812,0.09375,1.011719,-1,5.293984787405834,0.4405140860682329,0.015869
2025-08-14T09:31:06.777307,0.003906,0.085938,1.011719,-1,4.855159325392881,0.2204101951887956,0.01709
2025-08-14T09:31:07.226965,0.003906,0.09375,1.019531,-1,5.253765691153519,0.2185868085970974,0.015869
2025-08-14T09:31:07.802026,0.007812,0.089844,1.015625,-1,5.0551787468593545,0.43898564371507,0.015869
2025-08-14T09:31:08.277026,0.003906,0.09375,1.011719,-1,5.2941024755146735,0.2202602980309219,0.015869
2025-08-14T09:31:08.852561,0.007812,0.089844,1.011719,-1,5.074592692098445,0.4406671584058894,0.01709
2025-08-14T09:31:09.324562,0.003906,0.089844,1.015625,-1,5.055290319574003,0.2194960430900527,0.015869
2025-08-14T09:31:09.772740,0.003906,0.09375,1.019531,-1,5.253765691153519,0.2185868085970974,0.015869
2025-08-14T09:31:10.231741,0.003906,0.097656,1.019531,-1,5.471356611118988,0.2185088995917032,0.015869
2025-08-14T09:31:11.198750,0.003906,0.09375,1.015625,-1,5.273857174599009,0.2194203761007803,0.01709
2025-08-14T09:31:11.647750,0.003906,0.09375,1.019531,-1,5.253765691153519,0.2185868085970974,0.015869
2025-08-14T09:31:12.097395,0.003906,0.097656,1.011719,-1,5.513343811278554,0.2201805865438625,0.015869
2025-08-14T09:31:12.888393,0.007812,0.089844,1.015625,-1,5.0551787468593545,0.43898564371507,0.015869
2025-08-14T09:31:13.342393,0.011719,0.09375,1.011719,-1,5.293788597744054,0.6608112382957926,0.015869
2025-08-14T09:31:13.792863,0.003906,0.089844,1.011719,-1,5.074705555245902,0.2203368375941571,0.015869
2025-08-14T09:31:14.247197,0.007812,0.09375,1.019531,-1,5.253650672624266,0.4371672544577104,0.015869
2025-08-14T09:31:14.707195,0.003906,0.085938,1.007812,-1,4.873890619806268,0.2212584978981514,0.015869
2025-08-14T09:31:15.263232,0.003906,0.089844,1.0,-1,5.133859156303346,0.2228983822023334,0.015869
2025-08-14T09:31:15.727231,0.007812,0.09375,1.011719,-1,5.293984787405834,0.4405140860682329,0.015869
2025-08-14T09:31:16.202851,0.003906,0.097656,1.019531,-1,5.471356611118988,0.2185088995917032,0.015869
2025-08-14T09:31:16.657851,0.007812,0.09375,1.011719,-1,5.293984787405834,0.4405140860682329,0.015869
2025-08-14T09:31:17.107862,0.007812,0.089844,1.011719,-1,5.074592692098445,0.4406671584058894,0.015869
2025-08-14T09:31:17.662863,0.003906,0.09375,1.011719,-1,5.2941024755146735,0.2202602980309219,0.015869
2025-08-14T09:31:18.127862,0.003906,0.089844,1.023438,-1,5.016896135374861,0.2178332739241818,0.015869
2025-08-14T09:31:18.600863,0.003906,0.089844,1.007812,-1,5.094275129610872,0.2211842903210142,0.01709
2025-08-14T09:31:19.070863,0.003906,0.089844,1.015625,-1,5.055290319574003,0.2194960430900527,0.015869
2025-08-14T09:31:19.563864,0.003906,0.089844,1.011719,-1,5.074705555245902,0.2203368375941571,0.01709
2025-08-14T09:31:20.022887,0.011719,0.089844,1.015625,-1,5.054992751627201,0.6585185479807234,0.01709
2025-08-14T09:31:20.471897,0.007812,0.09375,1.019531,-1,5.253650672624266,0.4371672544577104,0.015869
2025-08-14T09:31:21.019895,0.003906,0.09375,1.007812,-1,5.314508605002041,0.2211068645152699,0.015869
2025-08-14T09:31:21.483034,0.007812,0.089844,1.011719,-1,5.074592692098445,0.4406671584058894,0.015869
2025-08-14T09:31:22.146143,0.003906,0.09375,1.015625,-1,5.273857174599009,0.2194203761007803,0.015869
2025-08-14T09:31:22.618463,0.011719,0.09375,1.007812,-1,5.314191083889861,0.663350853020479,0.015869
2025-08-14T09:31:23.089463,0.007812,0.09375,1.019531,-1,5.253650672624266,0.4371672544577104,0.01709
2025-08-14T09:31:23.758465,0.007812,0.089844,1.019531,-1,5.035912394311636,0.4373168631268229,0.01709
2025-08-14T09:31:24.316813,0.007812,0.089844,1.007812,-1,5.094160955742287,0.4423619883775861,0.01709
2025-08-14T09:31:24.774813,0.007812,0.089844,1.007812,-1,5.094160955742287,0.4423619883775861,0.015869
2025-08-14T09:31:25.232834,0.003906,0.089844,1.011719,-1,5.074705555245902,0.2203368375941571,0.015869
2025-08-14T09:31:25.690844,0.003906,0.09375,1.019531,-1,5.253765691153519,0.2185868085970974,0.015869
2025-08-14T09:31:26.177844,0.007812,0.09375,1.003906,-1,5.334946471521609,0.4439127700322686,0.01709
2025-08-14T09:31:26.628851,0.003906,0.097656,1.019531,-1,5.471356611118988,0.2185088995917032,0.015869
2025-08-14T09:31:27.091712,0.003906,0.089844,1.007812,-1,5.094275129610872,0.2211842903210142,0.01709
2025-08-14T09:31:27.554713,0.007812,0.097656,1.011719,-1,5.513221308524798,0.4403546701592543,0.015869
2025-08-14T09:31:28.014722,0.003906,0.089844,1.007812,-1,5.094275129610872,0.2211842903210142,0.01709
2025-08-14T09:31:28.476735,0.003906,0.09375,1.015625,-1,5.273857174599009,0.2194203761007803,0.015869
2025-08-14T09:31:29.037460,0.007812,0.097656,1.003906,-1,5.55585850565658,0.4437496371446486,0.01709
2025-08-14T09:31:29.502460,0.007812,0.085938,1.011719,-1,4.855051297116398,0.4408138670841549,0.015869
2025-08-14T09:31:29.956460,0.003906,0.089844,1.023438,-1,5.016896135374861,0.2178332739241818,0.01709
2025-08-14T09:31:30.402821,0.003906,0.089844,1.015625,-1,5.055290319574003,0.2194960430900527,0.01709
2025-08-14T09:31:30.892822,0.003906,0.097656,1.011719,-1,5.513343811278554,0.2201805865438625,0.015869
2025-08-14T09:31:31.633378,0.007812,0.085938,1.019531,-1,4.818028186966343,0.437460249914878,0.015869
2025-08-14T09:31:32.098776,0.003906,0.09375,1.015625,-1,5.273857174599009,0.2194203761007803,0.01709
2025-08-14T09:31:32.653852,0.007812,0.09375,1.023438,-1,5.233707484628725,0.4355123352218989,0.015869
2025-08-14T09:31:33.232639,0.003906,0.09375,1.007812,-1,5.314508605002041,0.2211068645152699,0.015869
2025-08-14T09:31:33.799638,0.003906,0.09375,1.015625,-1,5.273857174599009,0.2194203761007803,0.015869
2025-08-14T09:31:34.469580,0.007812,0.09375,1.011719,-1,5.293984787405834,0.4405140860682329,0.015869
2025-08-14T09:31:34.933581,0.003906,0.097656,1.015625,-1,5.492270213166848,0.219341572710269,0.015869
2025-08-14T09:31:35.388203,0.007812,0.09375,1.011719,-1,5.293984787405834,0.4405140860682329,0.015869
2025-08-14T09:31:35.855204,0.003906,0.09375,1.019531,-1,5.253765691153519,0.2185868085970974,0.015869
2025-08-14T09:31:36.329235,0.003906,0.09375,1.011719,-1,5.2941024755146735,0.2202602980309219,0.01709
2025-08-14T09:31:36.895246,0.003906,0.09375,1.011719,-1,5.2941024755146735,0.2202602980309219,0.015869
2025-08-14T09:31:37.348262,0.003906,0.089844,1.015625,-1,5.055290319574003,0.2194960430900527,0.015869
2025-08-14T09:31:37.808972,0.003906,0.097656,1.011719,-1,5.513343811278554,0.2201805865438625,0.01709
2025-08-14T09:31:38.275972,0.007812,0.09375,1.019531,-1,5.253650672624266,0.4371672544577104,0.015869
2025-08-14T09:31:38.859495,0.011719,0.09375,1.007812,-1,5.314191083889861,0.663350853020479,0.015869
2025-08-14T09:31:39.514500,0.003906,0.089844,1.015625,-1,5.055290319574003,0.2194960430900527,0.015869
2025-08-14T09:31:40.035497,0.003906,0.09375,1.011719,-1,5.2941024755146735,0.2202602980309219,0.015869
2025-08-14T09:31:40.621495,0.007812,0.09375,1.007812,-1,5.314389550775362,0.4422071436864255,0.015869
2025-08-14T09:31:41.180495,0.007812,0.09375,1.019531,-1,5.253650672624266,0.4371672544577104,0.015869
2025-08-14T09:31:41.646493,0.003906,0.09375,1.007812,-1,5.314508605002041,0.2211068645152699,0.015869
2025-08-14T09:31:42.112498,0.003906,0.09375,1.007812,-1,5.314508605002041,0.2211068645152699,0.015869
2025-08-14T09:31:42.571450,0.003906,0.09375,1.023438,-1,5.233821198234859,0.2177593129857423,0.015869
2025-08-14T09:31:43.044273,0.011719,0.089844,1.011719,-1,5.074404545801972,0.6610408494201002,0.015869
2025-08-14T09:31:43.494877,0.003906,0.09375,1.003906,-1,5.335066912703126,0.2219597159359737,0.015869
2025-08-14T09:31:44.066877,0.003906,0.089844,1.015625,-1,5.055290319574003,0.2194960430900527,0.01709
2025-08-14T09:31:44.576876,0.003906,0.089844,1.015625,-1,5.055290319574003,0.2194960430900527,0.015869
2025-08-14T09:31:45.221877,0.003906,0.09375,1.015625,-1,5.273857174599009,0.2194203761007803,0.015869
2025-08-14T09:31:45.685238,0.003906,0.09375,1.011719,-1,5.2941024755146735,0.2202602980309219,0.015869
2025-08-14T09:31:46.152238,0.003906,0.09375,1.011719,-1,5.2941024755146735,0.2202602980309219,0.015869
2025-08-14T09:31:46.700130,0.003906,0.09375,1.019531,-1,5.253765691153519,0.2185868085970974,0.015869
2025-08-14T09:31:48.217131,0.003906,0.09375,1.011719,-1,5.2941024755146735,0.2202602980309219,0.015869
2025-08-14T09:31:48.681133,0.003906,0.09375,1.019531,-1,5.253765691153519,0.2185868085970974,0.015869
2025-08-14T09:31:49.169133,-0.003906,0.089844,1.023438,-1,5.016896135374861,-0.2178332739241818,0.01709
2025-08-14T09:31:49.644131,0.003906,0.101562,1.019531,-1,5.688789345726357,0.2184278992357927,0.015869
2025-08-14T09:31:50.201132,0.003906,0.085938,1.007812,-1,4.873890619806268,0.2212584978981514,0.015869
2025-08-14T09:31:50.655130,0.007812,0.089844,1.015625,-1,5.0551787468593545,0.43898564371507,0.015869
2025-08-14T09:31:51.111896,0.003906,0.09375,1.019531,-1,5.253765691153519,0.2185868085970974,0.01709
2025-08-14T09:31:51.592914,0.003906,0.089844,1.011719,-1,5.074705555245902,0.2203368375941571,0.015869
2025-08-14T09:31:52.070914,0.007812,0.09375,1.007812,-1,5.314389550775362,0.4422071436864255,0.015869
2025-08-14T09:31:52.520191,0.007812,0.089844,1.003906,-1,5.113875245150716,0.4440694140221948,0.01709
2025-08-14T09:31:52.975191,0.007812,0.085938,1.019531,-1,4.818028186966343,0.437460249914878,0.015869
2025-08-14T09:31:53.430191,0.003906,0.09375,1.015625,-1,5.273857174599009,0.2194203761007803,0.01709
2025-08-14T09:31:53.879250,0.003906,0.089844,1.003906,-1,5.113990749744391,0.2220380414583726,0.015869
2025-08-14T09:31:54.347895,0.007812,0.097656,1.007812,-1,5.534460776186947,0.4420458832961798,0.015869
2025-08-14T09:31:54.807897,0.007812,0.09375,1.011719,-1,5.293984787405834,0.4405140860682329,0.01709
2025-08-14T09:31:55.270896,0.003906,0.09375,1.019531,-1,5.253765691153519,0.2185868085970974,0.01709
2025-08-14T09:31:55.726895,0.003906,0.097656,1.015625,-1,5.492270213166848,0.219341572710269,0.015869
2025-08-14T09:31:56.179212,0.003906,0.09375,1.015625,-1,5.273857174599009,0.2194203761007803,0.015869
2025-08-14T09:31:56.621213,0.007812,0.09375,1.015625,-1,5.273740831474121,0.4388343163968418,0.015869
2025-08-14T09:31:57.184068,0.007812,0.09375,1.007812,-1,5.314389550775362,0.4422071436864255,0.015869
2025-08-14T09:31:57.631068,0.003906,0.09375,1.023438,-1,5.233821198234859,0.2177593129857423,0.015869
2025-08-14T09:31:58.084095,0.003906,0.089844,1.011719,-1,5.074705555245902,0.2203368375941571,0.015869
2025-08-14T09:31:58.535786,0.003906,0.097656,1.015625,-1,5.492270213166848,0.219341572710269,0.015869
2025-08-14T09:31:58.987786,0.003906,0.089844,1.015625,-1,5.055290319574003,0.2194960430900527,0.015869
2025-08-14T09:31:59.441905,0.003906,0.089844,1.015625,-1,5.055290319574003,0.2194960430900527,0.015869
2025-08-14T09:31:59.886906,0.003906,0.089844,1.015625,-1,5.055290319574003,0.2194960430900527,0.01709
2025-08-14T09:32:00.342288,0.007812,0.085938,1.015625,-1,4.836469060684925,0.4391306787920853,0.015869
2025-08-14T09:32:00.808463,0.003906,0.09375,1.023438,-1,5.233821198234859,0.2177593129857423,0.015869
2025-08-14T09:32:01.378461,0.003906,0.09375,1.015625,-1,5.273857174599009,0.2194203761007803,0.015869
2025-08-14T09:32:01.820461,0.003906,0.09375,1.011719,-1,5.2941024755146735,0.2202602980309219,0.015869
2025-08-14T09:32:02.278106,0.003906,0.089844,1.011719,-1,5.074705555245902,0.2203368375941571,0.01709
2025-08-14T09:32:02.991102,0.003906,0.09375,1.007812,-1,5.314508605002041,0.2211068645152699,0.015869
2025-08-14T09:32:03.453102,0.003906,0.089844,1.023438,-1,5.016896135374861,0.2178332739241818,0.015869
2025-08-14T09:32:03.908787,0.003906,0.097656,1.011719,-1,5.513343811278554,0.2201805865438625,0.015869
2025-08-14T09:32:04.375528,0.003906,0.089844,1.019531,-1,5.036022696165984,0.218661616199015,0.015869
2025-08-14T09:32:04.929528,0.003906,0.097656,1.007812,-1,5.53458470025606,0.2210262307191928,0.015869
2025-08-14T09:32:05.393537,0.007812,0.097656,1.015625,-1,5.492149109753544,0.4386767165473251,0.015869
2025-08-14T09:32:06.067537,0.003906,0.09375,1.015625,-1,5.273857174599009,0.2194203761007803,0.015869
2025-08-14T09:32:06.532689,0.003906,0.089844,1.015625,-1,5.055290319574003,0.2194960430900527,0.015869
2025-08-14T09:32:07.005689,0.007812,0.09375,1.011719,-1,5.293984787405834,0.4405140860682329,0.01709
2025-08-14T09:32:07.455026,0.003906,0.089844,1.015625,-1,5.055290319574003,0.2194960430900527,0.015869
2025-08-14T09:32:07.897810,0.011719,0.09375,1.011719,-1,5.293788597744054,0.6608112382957926,0.01709
2025-08-14T09:32:08.364811,0.007812,0.089844,1.011719,-1,5.074592692098445,0.4406671584058894,0.015869
2025-08-14T09:32:08.808827,0.003906,0.089844,1.015625,-1,5.055290319574003,0.2194960430900527,0.015869
2025-08-14T09:32:09.384830,0.003906,0.097656,1.015625,-1,5.492270213166848,0.219341572710269,0.015869
2025-08-14T09:32:09.830429,0.003906,0.085938,1.019531,-1,4.81813376260626,0.2187333127266207,0.015869
2025-08-14T09:32:10.284429,0.003906,0.089844,1.011719,-1,5.074705555245902,0.2203368375941571,0.01709
2025-08-14T09:32:10.735519,0.003906,0.09375,1.019531,-1,5.253765691153519,0.2185868085970974,0.01709
2025-08-14T09:32:11.189730,0.003906,0.089844,1.015625,-1,5.055290319574003,0.2194960430900527,0.015869
2025-08-14T09:32:11.754427,0.003906,0.097656,1.007812,-1,5.53458470025606,0.2210262307191928,0.015869
2025-08-14T09:32:12.206532,0.007812,0.089844,1.03125,-1,4.978977490731777,0.43238508510832,0.015869
2025-08-14T09:32:12.755532,0.003906,0.09375,1.011719,-1,5.2941024755146735,0.2202602980309219,0.015869
2025-08-14T09:32:13.229152,0.003906,0.089844,1.015625,-1,5.055290319574003,0.2194960430900527,0.015869
2025-08-14T09:32:13.684191,0.003906,0.097656,1.007812,-1,5.53458470025606,0.2210262307191928,0.015869
2025-08-14T09:32:14.243220,0.003906,0.089844,1.015625,-1,5.055290319574003,0.2194960430900527,0.01709
2025-08-14T09:32:14.790732,0.007812,0.09375,1.015625,-1,5.273740831474121,0.4388343163968418,0.01709
2025-08-14T09:32:15.251310,0.007812,0.09375,1.015625,-1,5.273740831474121,0.4388343163968418,0.01709
2025-08-14T09:32:15.705929,0.011719,0.09375,1.011719,-1,5.293788597744054,0.6608112382957926,0.015869
2025-08-14T09:32:16.254769,0.011719,0.09375,1.007812,-1,5.314191083889861,0.663350853020479,0.015869
2025-08-14T09:32:16.700375,0.003906,0.09375,1.011719,-1,5.2941024755146735,0.2202602980309219,0.015869
2025-08-14T09:32:17.254678,0.003906,0.089844,1.015625,-1,5.055290319574003,0.2194960430900527,0.015869
2025-08-14T09:32:17.703479,0.003906,0.089844,1.019531,-1,5.036022696165984,0.218661616199015,0.01709
2025-08-14T09:32:18.157098,0.007812,0.089844,1.023438,-1,5.016787085495527,0.4356602506868526,0.015869
2025-08-14T09:32:18.601915,0.007812,0.089844,1.019531,-1,5.035912394311636,0.4373168631268229,0.015869
2025-08-14T09:32:19.067915,0.003906,0.097656,1.011719,-1,5.513343811278554,0.2201805865438625,0.015869
2025-08-14T09:32:19.555920,0.011719,0.09375,1.015625,-1,5.273546883809885,0.6582915542876178,0.015869
2025-08-14T09:32:21.094975,0.007812,0.089844,1.015625,-1,5.0551787468593545,0.43898564371507,0.015869
2025-08-14T09:32:21.568976,0.003906,0.089844,1.011719,-1,5.074705555245902,0.2203368375941571,0.01709
2025-08-14T09:32:22.024975,0.003906,0.097656,1.011719,-1,5.513343811278554,0.2201805865438625,0.015869
2025-08-14T09:32:22.583160,0.003906,0.09375,1.011719,-1,5.2941024755146735,0.2202602980309219,0.01709
2025-08-14T09:32:23.033158,0.007812,0.09375,1.007812,-1,5.314389550775362,0.4422071436864255,0.015869
2025-08-14T09:32:23.708768,0.007812,0.09375,1.023438,-1,5.233707484628725,0.4355123352218989,0.015869
2025-08-14T09:32:24.593447,0.007812,0.089844,1.011719,-1,5.074592692098445,0.4406671584058894,0.015869
2025-08-14T09:32:25.048446,0.007812,0.09375,1.015625,-1,5.273740831474121,0.4388343163968418,0.015869
2025-08-14T09:32:25.505245,0.003906,0.089844,1.011719,-1,5.074705555245902,0.2203368375941571,0.015869
2025-08-14T09:32:25.967257,0.003906,0.09375,1.015625,-1,5.273857174599009,0.2194203761007803,0.015869
2025-08-14T09:32:26.661377,0.003906,0.09375,1.011719,-1,5.2941024755146735,0.2202602980309219,0.015869
2025-08-14T09:32:27.324890,0.007812,0.09375,1.015625,-1,5.273740831474121,0.4388343163968418,0.015869
2025-08-14T09:32:27.779616,0.003906,0.089844,1.007812,-1,5.094275129610872,0.2211842903210142,0.015869
2025-08-14T09:32:28.339450,0.003906,0.089844,1.019531,-1,5.036022696165984,0.218661616199015,0.01709
2025-08-14T09:32:28.804450,0.003906,0.09375,1.011719,-1,5.2941024755146735,0.2202602980309219,0.01709
2025-08-14T09:32:29.482451,0.003906,0.09375,1.007812,-1,5.314508605002041,0.2211068645152699,0.01709
2025-08-14T09:32:30.078450,0.007812,0.089844,1.019531,-1,5.035912394311636,0.4373168631268229,0.015869
2025-08-14T09:32:30.551450,0.003906,0.089844,1.011719,-1,5.074705555245902,0.2203368375941571,0.015869
2025-08-14T09:32:31.021450,0.003906,0.09375,1.011719,-1,5.2941024755146735,0.2202602980309219,0.015869
2025-08-14T09:32:31.501450,0.003906,0.09375,1.015625,-1,5.273857174599009,0.2194203761007803,0.015869
2025-08-14T09:32:31.968471,0.007812,0.089844,1.019531,-1,5.035912394311636,0.4373168631268229,0.01709
2025-08-14T09:32:32.425293,0.007812,0.09375,1.011719,-1,5.293984787405834,0.4405140860682329,0.015869
2025-08-14T09:32:32.889292,0.003906,0.089844,1.023438,-1,5.016896135374861,0.2178332739241818,0.015869
2025-08-14T09:32:33.455199,0.003906,0.089844,1.011719,-1,5.074705555245902,0.2203368375941571,0.015869
2025-08-14T09:32:33.907743,0.003906,0.089844,1.019531,-1,5.036022696165984,0.218661616199015,0.015869
2025-08-14T09:32:34.393742,0.011719,0.085938,1.003906,-1,4.8924669408909445,0.6663694916068756,0.01709
2025-08-14T09:32:34.852742,0.003906,0.089844,1.019531,-1,5.036022696165984,0.218661616199015,0.015869
2025-08-14T09:32:35.315742,0.003906,0.09375,1.019531,-1,5.253765691153519,0.2185868085970974,0.015869
2025-08-14T09:32:35.772513,0.003906,0.09375,1.015625,-1,5.273857174599009,0.2194203761007803,0.015869
2025-08-14T09:32:36.288515,0.003906,0.09375,1.019531,-1,5.253765691153519,0.2185868085970974,0.015869
2025-08-14T09:32:36.852515,0.007812,0.09375,1.019531,-1,5.253650672624266,0.4371672544577104,0.01709
2025-08-14T09:32:37.406515,0.007812,0.089844,1.011719,-1,5.074592692098445,0.4406671584058894,0.015869
2025-08-14T09:32:37.943513,0.003906,0.097656,1.015625,-1,5.492270213166848,0.219341572710269,0.015869
2025-08-14T09:32:38.483515,0.003906,0.089844,1.019531,-1,5.036022696165984,0.218661616199015,0.015869
2025-08-14T09:32:39.185421,0.003906,0.09375,1.015625,-1,5.273857174599009,0.2194203761007803,0.015869
2025-08-14T09:32:39.697418,0.003906,0.09375,1.011719,-1,5.2941024755146735,0.2202602980309219,0.015869
2025-08-14T09:32:40.163417,0.007812,0.089844,1.023438,-1,5.016787085495527,0.4356602506868526,0.01709
2025-08-14T09:32:40.624417,0.003906,0.089844,1.015625,-1,5.055290319574003,0.2194960430900527,0.015869
2025-08-14T09:32:41.081356,0.007812,0.09375,1.015625,-1,5.273740831474121,0.4388343163968418,0.015869
2025-08-14T09:32:41.539714,0.003906,0.097656,1.003906,-1,5.55598387270651,0.221878145821251,0.015869
2025-08-14T09:32:42.091661,0.003906,0.09375,1.019531,-1,5.253765691153519,0.2185868085970974,0.015869
2025-08-14T09:32:42.558662,0.003906,0.09375,1.007812,-1,5.314508605002041,0.2211068645152699,0.01709
2025-08-14T09:32:43.026663,0.007812,0.097656,1.015625,-1,5.492149109753544,0.4386767165473251,0.015869
2025-08-14T09:32:43.510078,0.003906,0.09375,1.015625,-1,5.273857174599009,0.2194203761007803,0.015869
2025-08-14T09:32:46.163569,0.003906,0.089844,1.015625,-1,5.055290319574003,0.2194960430900527,0.01709
2025-08-14T09:32:46.730112,0.003906,0.089844,1.019531,-1,5.036022696165984,0.218661616199015,0.015869
2025-08-14T09:32:47.401124,0.003906,0.085938,1.011719,-1,4.855159325392881,0.2204101951887956,0.015869
2025-08-14T09:32:47.865722,0.011719,0.089844,1.011719,-1,5.074404545801972,0.6610408494201002,0.015869
2025-08-14T09:32:48.551393,0.003906,0.09375,1.003906,-1,5.335066912703126,0.2219597159359737,0.015869
2025-08-14T09:32:49.032256,0.003906,0.09375,1.015625,-1,5.273857174599009,0.2194203761007803,0.015869
2025-08-14T09:32:49.532252,0.007812,0.085938,1.015625,-1,4.836469060684925,0.4391306787920853,0.01709
2025-08-14T09:32:50.010253,0.003906,0.089844,1.015625,-1,5.055290319574003,0.2194960430900527,0.015869
2025-08-14T09:32:50.588252,0.003906,0.082031,1.023438,-1,4.5825636054722265,0.2179719744445644,0.015869
2025-08-14T09:32:51.074815,0.003906,0.089844,1.007812,-1,5.094275129610872,0.2211842903210142,0.01709
2025-08-14T09:32:51.545201,0.003906,0.097656,1.015625,-1,5.492270213166848,0.219341572710269,0.01709
2025-08-14T09:32:52.002243,0.011719,0.097656,1.011719,-1,5.513017092694571,0.6605721116934785,0.01709
2025-08-14T09:32:52.462245,0.003906,0.089844,1.003906,-1,5.113990749744391,0.2220380414583726,0.015869
2025-08-14T09:32:53.142241,0.003906,0.097656,1.007812,-1,5.53458470025606,0.2210262307191928,0.015869
2025-08-14T09:32:53.608257,0.003906,0.097656,1.011719,-1,5.513343811278554,0.2201805865438625,0.015869
2025-08-14T09:32:54.071591,0.003906,0.09375,1.015625,-1,5.273857174599009,0.2194203761007803,0.015869
2025-08-14T09:32:54.530960,0.003906,0.089844,1.019531,-1,5.036022696165984,0.218661616199015,0.015869
2025-08-14T09:32:54.992170,0.015625,0.089844,1.007812,-1,5.093704259096336,0.8847278592955397,0.015869
2025-08-14T09:32:55.563169,0.003906,0.09375,1.023438,-1,5.233821198234859,0.2177593129857423,0.01709
2025-08-14T09:32:56.026162,0.003906,0.089844,1.015625,-1,5.055290319574003,0.2194960430900527,0.015869
2025-08-14T09:32:56.687544,0.007812,0.089844,1.011719,-1,5.074592692098445,0.4406671584058894,0.015869
2025-08-14T09:32:57.251221,0.007812,0.09375,1.011719,-1,5.293984787405834,0.4405140860682329,0.015869
2025-08-14T09:32:57.722221,0.007812,0.089844,1.015625,-1,5.0551787468593545,0.43898564371507,0.015869
2025-08-14T09:32:58.282538,0.003906,0.089844,1.007812,-1,5.094275129610872,0.2211842903210142,0.015869
2025-08-14T09:32:58.728487,0.003906,0.09375,1.011719,-1,5.2941024755146735,0.2202602980309219,0.015869
2025-08-14T09:32:59.178212,-0.003906,0.097656,1.007812,-1,5.53458470025606,-0.2210262307191928,0.015869
2025-08-14T09:32:59.635213,0.003906,0.085938,1.011719,-1,4.855159325392881,0.2204101951887956,0.015869
2025-08-14T09:33:00.106213,0.007812,0.09375,1.011719,-1,5.293984787405834,0.4405140860682329,0.015869
2025-08-14T09:33:00.560232,0.003906,0.089844,1.011719,-1,5.074705555245902,0.2203368375941571,0.015869
2025-08-14T09:33:01.129232,0.011719,0.089844,1.007812,-1,5.093970624564722,0.6635831225730597,0.015869
2025-08-14T09:33:01.702467,0.003906,0.082031,1.015625,-1,4.61766395819183,0.2196379461886179,0.01709
2025-08-14T09:33:02.190467,0.003906,0.09375,1.023438,-1,5.233821198234859,0.2177593129857423,0.015869
2025-08-14T09:33:02.860580,0.011719,0.09375,1.019531,-1,5.253458932974111,0.6557909307022759,0.01709
2025-08-14T09:33:03.325636,0.003906,0.097656,1.011719,-1,5.513343811278554,0.2201805865438625,0.015869
2025-08-14T09:33:03.891223,0.007812,0.09375,1.011719,-1,5.293984787405834,0.4405140860682329,0.015869
2025-08-14T09:33:04.356248,0.003906,0.09375,1.015625,-1,5.273857174599009,0.2194203761007803,0.015869
2025-08-14T09:33:04.818467,0.011719,0.089844,1.011719,-1,5.074404545801972,0.6610408494201002,0.01709
2025-08-14T09:33:05.262662,0.003906,0.089844,1.019531,-1,5.036022696165984,0.218661616199015,0.015869
2025-08-14T09:33:05.722661,0.007812,0.09375,1.019531,-1,5.253650672624266,0.4371672544577104,0.015869
2025-08-14T09:33:06.176679,0.003906,0.09375,1.015625,-1,5.273857174599009,0.2194203761007803,0.015869
2025-08-14T09:33:06.661680,0.003906,0.09375,1.011719,-1,5.2941024755146735,0.2202602980309219,0.015869
2025-08-14T09:33:07.221251,0.011719,0.085938,1.023438,-1,4.799548405538185,0.6537430432737678,0.015869
2025-08-14T09:33:07.671797,0.007812,0.09375,1.007812,-1,5.314389550775362,0.4422071436864255,0.015869
2025-08-14T09:33:08.233796,0.003906,0.09375,1.007812,-1,5.314508605002041,0.2211068645152699,0.015869
2025-08-14T09:33:08.688594,0.007812,0.097656,1.007812,-1,5.534460776186947,0.4420458832961798,0.015869
2025-08-14T09:33:09.148096,0.011719,0.09375,1.007812,-1,5.314191083889861,0.663350853020479,0.015869
2025-08-14T09:33:09.609114,0.007812,0.09375,1.015625,-1,5.273740831474121,0.4388343163968418,0.01709
2025-08-14T09:33:10.054747,0.003906,0.089844,1.011719,-1,5.074705555245902,0.2203368375941571,0.015869
2025-08-14T09:33:10.517749,0.003906,0.089844,1.007812,-1,5.094275129610872,0.2211842903210142,0.015869
2025-08-14T09:33:10.969402,0.003906,0.097656,1.007812,-1,5.53458470025606,0.2210262307191928,0.015869
2025-08-14T09:33:11.426510,0.003906,0.089844,1.015625,-1,5.055290319574003,0.2194960430900527,0.015869
2025-08-14T09:33:11.881513,0.003906,0.085938,1.011719,-1,4.855159325392881,0.2204101951887956,0.015869
2025-08-14T09:33:12.329216,0.007812,0.089844,1.015625,-1,5.0551787468593545,0.43898564371507,0.015869
2025-08-14T09:33:12.791216,0.003906,0.089844,1.015625,-1,5.055290319574003,0.2194960430900527,0.015869
2025-08-14T09:33:13.446489,0.003906,0.09375,1.011719,-1,5.2941024755146735,0.2202602980309219,0.015869
2025-08-14T09:33:13.898477,0.007812,0.09375,1.015625,-1,5.273740831474121,0.4388343163968418,0.015869
2025-08-14T09:33:14.352319,0.003906,0.09375,1.011719,-1,5.2941024755146735,0.2202602980309219,0.01709
2025-08-14T09:33:14.805910,0.003906,0.09375,1.015625,-1,5.273857174599009,0.2194203761007803,0.015869
2025-08-14T09:33:15.254899,0.003906,0.089844,1.011719,-1,5.074705555245902,0.2203368375941571,0.015869
2025-08-14T09:33:15.919972,0.003906,0.09375,1.015625,-1,5.273857174599009,0.2194203761007803,0.015869
2025-08-14T09:33:16.378427,0.007812,0.089844,1.015625,-1,5.0551787468593545,0.43898564371507,0.015869
2025-08-14T09:33:16.842183,0.003906,0.085938,1.015625,-1,4.8365758532668846,0.219568563822405,0.015869
2025-08-14T09:33:17.303182,0.003906,0.09375,1.015625,-1,5.273857174599009,0.2194203761007803,0.015869
2025-08-14T09:33:17.767185,0.003906,0.089844,1.015625,-1,5.055290319574003,0.2194960430900527,0.015869
2025-08-14T09:33:18.252182,0.007812,0.089844,1.011719,-1,5.074592692098445,0.4406671584058894,0.015869
2025-08-14T09:33:18.820441,0.003906,0.089844,1.007812,-1,5.094275129610872,0.2211842903210142,0.015869
2025-08-14T09:33:19.383759,-0.007812,0.105469,1.011719,-1,5.951258688401019,-0.4400168470862756,0.015869
2025-08-14T09:33:19.850712,0.011719,0.085938,1.003906,-1,4.8924669408909445,0.6663694916068756,0.015869
2025-08-14T09:33:20.303868,0.003906,0.09375,1.015625,-1,5.273857174599009,0.2194203761007803,0.015869
2025-08-14T09:33:20.774868,0.015625,0.09375,1.0,-1,5.355175175757826,0.8912662159505129,0.015869
2025-08-14T09:33:21.233212,0.003906,0.09375,1.015625,-1,5.273857174599009,0.2194203761007803,0.01709
2025-08-14T09:33:21.794834,0.003906,0.097656,1.015625,-1,5.492270213166848,0.219341572710269,0.015869
2025-08-14T09:33:22.242837,0.007812,0.089844,1.007812,-1,5.094160955742287,0.4423619883775861,0.01709
2025-08-14T09:33:22.701460,0.011719,0.085938,1.007812,-1,4.873599157765114,0.6638057377485203,0.015869
2025-08-14T09:33:23.264459,0.003906,0.09375,1.015625,-1,5.273857174599009,0.2194203761007803,0.015869
2025-08-14T09:33:23.830489,0.007812,0.09375,1.007812,-1,5.314389550775362,0.4422071436864255,0.015869
2025-08-14T09:33:24.339682,0.003906,0.089844,1.015625,-1,5.055290319574003,0.2194960430900527,0.015869
2025-08-14T09:33:24.813236,0.003906,0.089844,1.011719,-1,5.074705555245902,0.2203368375941571,0.015869
2025-08-14T09:33:25.304495,0.003906,0.09375,1.019531,-1,5.253765691153519,0.2185868085970974,0.015869
2025-08-14T09:33:25.788495,0.007812,0.09375,1.011719,-1,5.293984787405834,0.4405140860682329,0.015869
2025-08-14T09:33:26.249029,0.007812,0.09375,1.011719,-1,5.293984787405834,0.4405140860682329,0.015869
2025-08-14T09:33:26.841213,0.003906,0.09375,1.019531,-1,5.253765691153519,0.2185868085970974,0.015869
2025-08-14T09:33:27.306521,-0.003906,0.09375,1.015625,-1,5.273857174599009,-0.2194203761007803,0.015869
2025-08-14T09:33:27.779195,0.003906,0.09375,1.011719,-1,5.2941024755146735,0.2202602980309219,0.015869
2025-08-14T09:33:28.245453,0.003906,0.09375,1.011719,-1,5.2941024755146735,0.2202602980309219,0.015869
2025-08-14T09:33:28.727804,0.007812,0.09375,1.015625,-1,5.273740831474121,0.4388343163968418,0.01709
2025-08-14T09:33:29.304802,0.003906,0.089844,1.011719,-1,5.074705555245902,0.2203368375941571,0.015869
2025-08-14T09:33:29.876426,0.007812,0.085938,1.015625,-1,4.836469060684925,0.4391306787920853,0.015869
2025-08-14T09:33:30.341414,0.007812,0.089844,1.011719,-1,5.074592692098445,0.4406671584058894,0.015869
2025-08-14T09:33:30.806771,0.003906,0.089844,1.011719,-1,5.074705555245902,0.2203368375941571,0.015869
2025-08-14T09:33:31.289785,0.011719,0.089844,1.015625,-1,5.054992751627201,0.6585185479807234,0.015869
2025-08-14T09:33:31.776482,0.003906,0.089844,1.019531,-1,5.036022696165984,0.218661616199015,0.015869
2025-08-14T09:33:32.578662,0.007812,0.085938,1.003906,-1,4.892651243688762,0.4442195482435769,0.015869
2025-08-14T09:33:33.038757,0.011719,0.089844,1.011719,-1,5.074404545801972,0.6610408494201002,0.015869
2025-08-14T09:33:33.552354,0.003906,0.09375,1.011719,-1,5.2941024755146735,0.2202602980309219,0.015869
2025-08-14T09:33:34.011065,0.003906,0.09375,1.007812,-1,5.314508605002041,0.2211068645152699,0.015869
2025-08-14T09:33:34.488066,0.007812,0.089844,1.007812,-1,5.094160955742287,0.4423619883775861,0.015869
2025-08-14T09:33:35.055809,0.007812,0.09375,1.011719,-1,5.293984787405834,0.4405140860682329,0.015869
2025-08-14T09:33:35.541255,0.003906,0.085938,1.011719,-1,4.855159325392881,0.2204101951887956,0.015869
2025-08-14T09:33:36.123832,0.003906,0.101562,1.011719,-1,5.732423314736888,0.2200977135741828,0.015869
2025-08-14T09:33:36.597977,0.003906,0.089844,1.003906,-1,5.113990749744391,0.2220380414583726,0.01709
2025-08-14T09:33:37.159928,-0.003906,0.101562,1.015625,-1,5.710523256713693,-0.2192596431633997,0.01709
2025-08-14T09:33:37.652770,0.003906,0.09375,1.023438,-1,5.233821198234859,0.2177593129857423,0.015869
2025-08-14T09:33:38.115771,0.003906,0.089844,0.988281,-1,5.194404241241587,0.2255199370198357,0.015869
2025-08-14T09:33:38.577094,0.003906,0.085938,1.023438,-1,4.799826781958027,0.2179041584603552,0.015869
2025-08-14T09:33:39.054641,0.003906,0.09375,1.03125,-1,5.194391851831989,0.2161233147546444,0.015869
2025-08-14T09:33:39.529001,0.003906,0.085938,1.015625,-1,4.8365758532668846,0.219568563822405,0.015869
2025-08-14T09:33:40.101383,0.007812,0.089844,1.011719,-1,5.074592692098445,0.4406671584058894,0.015869
2025-08-14T09:33:40.581315,0.007812,0.09375,1.023438,-1,5.233707484628725,0.4355123352218989,0.015869
2025-08-14T09:33:41.045880,0.003906,0.09375,1.027344,-1,5.214032189762759,0.2169382423791886,0.015869
2025-08-14T09:33:41.512895,0.003906,0.089844,1.019531,-1,5.036022696165984,0.218661616199015,0.015869
2025-08-14T09:33:41.987895,0.003906,0.09375,1.027344,-1,5.214032189762759,0.2169382423791886,0.015869
2025-08-14T09:33:42.455226,0.007812,0.097656,1.0,-1,5.577421806122822,0.4454665120552004,0.015869
2025-08-14T09:33:42.934318,0.007812,0.09375,1.011719,-1,5.293984787405834,0.4405140860682329,0.015869
2025-08-14T09:33:43.497882,0.007812,0.085938,1.011719,-1,4.855051297116398,0.4408138670841549,0.015869
2025-08-14T09:33:44.070425,0.007812,0.09375,1.003906,-1,5.334946471521609,0.4439127700322686,0.015869
2025-08-14T09:33:44.753471,0.007812,0.09375,1.011719,-1,5.293984787405834,0.4405140860682329,0.015869
2025-08-14T09:33:45.220778,0.011719,0.085938,1.019531,-1,4.8178521889353,0.656230429380315,0.015869
2025-08-14T09:33:45.687822,0.003906,0.089844,1.011719,-1,5.074705555245902,0.2203368375941571,0.015869
2025-08-14T09:33:46.157481,0.003906,0.097656,1.019531,-1,5.471356611118988,0.2185088995917032,0.015869
2025-08-14T09:33:46.734698,0.003906,0.09375,1.019531,-1,5.253765691153519,0.2185868085970974,0.015869
2025-08-14T09:33:47.350701,0.003906,0.089844,1.019531,-1,5.036022696165984,0.218661616199015,0.015869
2025-08-14T09:33:47.836964,0.003906,0.085938,1.019531,-1,4.81813376260626,0.2187333127266207,0.015869
2025-08-14T09:33:48.331107,0.003906,0.09375,1.011719,-1,5.2941024755146735,0.2202602980309219,0.015869
2025-08-14T09:33:48.818136,0.003906,0.089844,1.023438,-1,5.016896135374861,0.2178332739241818,0.015869
2025-08-14T09:33:49.297099,0.003906,0.089844,1.023438,-1,5.016896135374861,0.2178332739241818,0.015869
2025-08-14T09:33:49.795097,0.007812,0.089844,1.015625,-1,5.0551787468593545,0.43898564371507,0.015869
2025-08-14T09:33:50.370255,0.007812,0.089844,1.019531,-1,5.035912394311636,0.4373168631268229,0.015869
2025-08-14T09:33:50.962254,0.003906,0.09375,1.015625,-1,5.273857174599009,0.2194203761007803,0.015869
2025-08-14T09:33:51.444900,0.003906,0.097656,1.015625,-1,5.492270213166848,0.219341572710269,0.015869
2025-08-14T09:33:52.040901,0.007812,0.089844,1.003906,-1,5.113875245150716,0.4440694140221948,0.015869
2025-08-14T09:33:52.534932,0.007812,0.089844,1.019531,-1,5.035912394311636,0.4373168631268229,0.015869
2025-08-14T09:33:53.065963,0.007812,0.09375,1.011719,-1,5.293984787405834,0.4405140860682329,0.015869
2025-08-14T09:33:53.550031,0.007812,0.089844,1.007812,-1,5.094160955742287,0.4423619883775861,0.015869
2025-08-14T09:33:54.057030,0.007812,0.097656,1.003906,-1,5.55585850565658,0.4437496371446486,0.015869
2025-08-14T09:33:54.536332,0.007812,0.089844,1.011719,-1,5.074592692098445,0.4406671584058894,0.015869
2025-08-14T09:33:55.010331,0.003906,0.089844,1.023438,-1,5.016896135374861,0.2178332739241818,0.015869
2025-08-14T09:33:55.696305,0.007812,0.09375,1.015625,-1,5.273740831474121,0.4388343163968418,0.015869
2025-08-14T09:33:56.162328,0.003906,0.085938,1.007812,-1,4.873890619806268,0.2212584978981514,0.015869
2025-08-14T09:33:56.649333,0.007812,0.089844,1.015625,-1,5.0551787468593545,0.43898564371507,0.015869
2025-08-14T09:33:57.109010,0.003906,0.09375,1.023438,-1,5.233821198234859,0.2177593129857423,0.015869
2025-08-14T09:33:57.578078,0.007812,0.09375,1.007812,-1,5.314389550775362,0.4422071436864255,0.015869
2025-08-14T09:33:58.162468,0.007812,0.09375,1.007812,-1,5.314389550775362,0.4422071436864255,0.015869
2025-08-14T09:33:58.649468,0.003906,0.09375,1.011719,-1,5.2941024755146735,0.2202602980309219,0.015869
2025-08-14T09:33:59.210132,0.003906,0.089844,1.011719,-1,5.074705555245902,0.2203368375941571,0.015869
2025-08-14T09:33:59.716131,0.003906,0.089844,1.015625,-1,5.055290319574003,0.2194960430900527,0.015869
2025-08-14T09:34:00.290090,0.007812,0.089844,1.007812,-1,5.094160955742287,0.4423619883775861,0.015869
2025-08-14T09:34:00.774092,0.003906,0.09375,1.011719,-1,5.2941024755146735,0.2202602980309219,0.015869
2025-08-14T09:34:01.349197,0.003906,0.089844,1.0,-1,5.133859156303346,0.2228983822023334,0.015869
2025-08-14T09:34:01.812197,0.003906,0.097656,1.011719,-1,5.513343811278554,0.2201805865438625,0.015869
2025-08-14T09:34:02.293197,0.007812,0.089844,1.011719,-1,5.074592692098445,0.4406671584058894,0.015869
2025-08-14T09:34:02.786197,0.007812,0.09375,1.011719,-1,5.293984787405834,0.4405140860682329,0.015869
2025-08-14T09:34:03.254424,0.003906,0.089844,1.011719,-1,5.074705555245902,0.2203368375941571,0.015869
2025-08-14T09:34:03.732450,0.007812,0.09375,1.011719,-1,5.293984787405834,0.4405140860682329,0.015869
2025-08-14T09:34:04.218451,0.007812,0.09375,1.011719,-1,5.293984787405834,0.4405140860682329,0.015869
2025-08-14T09:34:04.694466,0.003906,0.089844,1.011719,-1,5.074705555245902,0.2203368375941571,0.015869
2025-08-14T09:34:05.154466,0.003906,0.089844,1.019531,-1,5.036022696165984,0.218661616199015,0.015869
2025-08-14T09:34:05.729899,0.011719,0.089844,1.011719,-1,5.074404545801972,0.6610408494201002,0.015869
2025-08-14T09:34:06.204900,0.011719,0.085938,1.015625,-1,4.836291034091546,0.658736103188308,0.015869
2025-08-14T09:34:06.787748,0.003906,0.089844,1.011719,-1,5.074705555245902,0.2203368375941571,0.015869
2025-08-14T09:34:07.264792,0.011719,0.082031,1.019531,-1,4.599780274673001,0.6564362029104601,0.015869
2025-08-14T09:34:07.777583,0.003906,0.097656,1.007812,-1,5.53458470025606,0.2210262307191928,0.015869
2025-08-14T09:34:08.247733,0.003906,0.097656,1.019531,-1,5.471356611118988,0.2185088995917032,0.015869
2025-08-14T09:34:08.724962,0.003906,0.085938,1.015625,-1,4.8365758532668846,0.219568563822405,0.015869
2025-08-14T09:34:09.207196,0.007812,0.085938,1.011719,-1,4.855051297116398,0.4408138670841549,0.015869
2025-08-14T09:34:09.680196,0.003906,0.09375,1.015625,-1,5.273857174599009,0.2194203761007803,0.015869
2025-08-14T09:34:10.162533,0.011719,0.089844,1.011719,-1,5.074404545801972,0.6610408494201002,0.015869
2025-08-14T09:34:10.680540,0.003906,0.09375,1.011719,-1,5.2941024755146735,0.2202602980309219,0.015869
2025-08-14T09:34:11.199535,0.003906,0.09375,1.007812,-1,5.314508605002041,0.2211068645152699,0.015869
2025-08-14T09:34:11.680533,0.007812,0.089844,1.007812,-1,5.094160955742287,0.4423619883775861,0.015869
2025-08-14T09:34:12.143937,0.011719,0.09375,1.015625,-1,5.273546883809885,0.6582915542876178,0.015869
2025-08-14T09:34:12.624957,0.003906,0.089844,1.011719,-1,5.074705555245902,0.2203368375941571,0.015869
2025-08-14T09:34:13.087527,0.003906,0.089844,1.015625,-1,5.055290319574003,0.2194960430900527,0.015869
2025-08-14T09:34:13.568274,0.003906,0.089844,1.011719,-1,5.074705555245902,0.2203368375941571,0.015869
2025-08-14T09:34:14.246261,0.003906,0.09375,1.011719,-1,5.2941024755146735,0.2202602980309219,0.015869
2025-08-14T09:34:14.720261,0.007812,0.089844,1.015625,-1,5.0551787468593545,0.43898564371507,0.015869
2025-08-14T09:34:15.307829,0.003906,0.089844,1.007812,-1,5.094275129610872,0.2211842903210142,0.015869
2025-08-14T09:34:15.846829,0.003906,0.085938,1.007812,-1,4.873890619806268,0.2212584978981514,0.015869
2025-08-14T09:34:16.304458,0.007812,0.09375,1.011719,-1,5.293984787405834,0.4405140860682329,0.015869
2025-08-14T09:34:16.874462,0.007812,0.085938,1.027344,-1,4.781559506635492,0.434156676834269,0.015869
2025-08-14T09:34:17.325475,0.003906,0.09375,1.019531,-1,5.253765691153519,0.2185868085970974,0.015869
2025-08-14T09:34:17.814475,0.003906,0.09375,1.015625,-1,5.273857174599009,0.2194203761007803,0.015869
2025-08-14T09:34:18.279475,0.003906,0.09375,1.011719,-1,5.2941024755146735,0.2202602980309219,0.015869
2025-08-14T09:34:18.750144,0.003906,0.09375,1.019531,-1,5.253765691153519,0.2185868085970974,0.015869
2025-08-14T09:34:19.226146,0.003906,0.089844,1.015625,-1,5.055290319574003,0.2194960430900527,0.015869
2025-08-14T09:34:19.680276,0.003906,0.089844,1.011719,-1,5.074705555245902,0.2203368375941571,0.015869
2025-08-14T09:34:20.163276,0.003906,0.09375,1.011719,-1,5.2941024755146735,0.2202602980309219,0.015869
2025-08-14T09:34:20.636279,0.003906,0.09375,1.015625,-1,5.273857174599009,0.2194203761007803,0.015869
2025-08-14T09:34:21.104333,0.003906,0.089844,1.015625,-1,5.055290319574003,0.2194960430900527,0.015869
2025-08-14T09:34:21.572333,0.003906,0.089844,1.015625,-1,5.055290319574003,0.2194960430900527,0.015869
2025-08-14T09:34:22.135918,-0.003906,0.097656,1.011719,-1,5.513343811278554,-0.2201805865438625,0.015869
2025-08-14T09:34:22.711918,0.003906,0.089844,1.011719,-1,5.074705555245902,0.2203368375941571,0.015869
2025-08-14T09:34:23.172956,0.003906,0.089844,1.023438,-1,5.016896135374861,0.2178332739241818,0.015869
2025-08-14T09:34:23.637067,0.003906,0.09375,1.011719,-1,5.2941024755146735,0.2202602980309219,0.015869
2025-08-14T09:34:24.113067,0.003906,0.085938,1.007812,-1,4.873890619806268,0.2212584978981514,0.01709
2025-08-14T09:34:24.687233,0.007812,0.097656,1.007812,-1,5.534460776186947,0.4420458832961798,0.015869
2025-08-14T09:34:25.158232,0.003906,0.085938,1.015625,-1,4.8365758532668846,0.219568563822405,0.015869
2025-08-14T09:34:25.619010,0.003906,0.09375,1.007812,-1,5.314508605002041,0.2211068645152699,0.015869
2025-08-14T09:34:26.121423,0.003906,0.09375,1.015625,-1,5.273857174599009,0.2194203761007803,0.015869
2025-08-14T09:34:26.592422,0.007812,0.089844,1.019531,-1,5.035912394311636,0.4373168631268229,0.015869
2025-08-14T09:34:27.049449,0.007812,0.089844,1.011719,-1,5.074592692098445,0.4406671584058894,0.015869
2025-08-14T09:34:27.508496,0.003906,0.097656,1.011719,-1,5.513343811278554,0.2201805865438625,0.015869
2025-08-14T09:34:27.976545,0.003906,0.097656,1.015625,-1,5.492270213166848,0.219341572710269,0.015869
2025-08-14T09:34:28.440544,0.003906,0.09375,1.011719,-1,5.2941024755146735,0.2202602980309219,0.015869
2025-08-14T09:34:28.906587,0.011719,0.097656,1.015625,-1,5.4919472265296445,0.6580551516728054,0.015869
2025-08-14T09:34:29.361214,0.003906,0.09375,1.015625,-1,5.273857174599009,0.2194203761007803,0.015869
2025-08-14T09:34:29.830213,0.003906,0.09375,1.015625,-1,5.273857174599009,0.2194203761007803,0.015869
2025-08-14T09:34:30.293569,0.003906,0.09375,1.019531,-1,5.253765691153519,0.2185868085970974,0.015869
2025-08-14T09:34:30.835608,0.003906,0.089844,1.023438,-1,5.016896135374861,0.2178332739241818,0.015869
2025-08-14T09:34:31.347601,0.003906,0.09375,1.007812,-1,5.314508605002041,0.2211068645152699,0.015869
2025-08-14T09:34:31.852603,0.003906,0.09375,1.015625,-1,5.273857174599009,0.2194203761007803,0.015869
2025-08-14T09:34:32.369603,0.003906,0.09375,1.011719,-1,5.2941024755146735,0.2202602980309219,0.015869
2025-08-14T09:34:32.863602,0.003906,0.089844,1.011719,-1,5.074705555245902,0.2203368375941571,0.015869
2025-08-14T09:34:33.378602,0.003906,0.097656,1.015625,-1,5.492270213166848,0.219341572710269,0.015869
2025-08-14T09:34:33.964603,0.003906,0.09375,1.011719,-1,5.2941024755146735,0.2202602980309219,0.015869
2025-08-14T09:34:34.433602,0.003906,0.09375,1.015625,-1,5.273857174599009,0.2194203761007803,0.015869
2025-08-14T09:34:34.910602,0.007812,0.09375,1.023438,-1,5.233707484628725,0.4355123352218989,0.015869
2025-08-14T09:34:35.382602,0.003906,0.09375,1.015625,-1,5.273857174599009,0.2194203761007803,0.01709
2025-08-14T09:34:35.968603,0.003906,0.09375,1.015625,-1,5.273857174599009,0.2194203761007803,0.015869
2025-08-14T09:34:36.454602,0.007812,0.097656,1.015625,-1,5.492149109753544,0.4386767165473251,0.015869
2025-08-14T09:34:37.041111,0.003906,0.09375,1.011719,-1,5.2941024755146735,0.2202602980309219,0.015869
2025-08-14T09:34:37.985110,0.003906,0.089844,1.011719,-1,5.074705555245902,0.2203368375941571,0.015869
2025-08-14T09:34:38.559592,0.007812,0.09375,1.019531,-1,5.253650672624266,0.4371672544577104,0.015869
2025-08-14T09:34:39.036973,0.003906,0.09375,1.015625,-1,5.273857174599009,0.2194203761007803,0.015869
2025-08-14T09:34:39.611975,0.007812,0.097656,1.007812,-1,5.534460776186947,0.4420458832961798,0.015869
2025-08-14T09:34:40.083976,0.011719,0.09375,1.015625,-1,5.273546883809885,0.6582915542876178,0.015869
2025-08-14T09:34:40.556920,0.007812,0.089844,1.011719,-1,5.074592692098445,0.4406671584058894,0.015869
2025-08-14T09:34:41.057087,0.003906,0.09375,1.015625,-1,5.273857174599009,0.2194203761007803,0.015869
2025-08-14T09:34:41.531488,0.003906,0.09375,1.015625,-1,5.273857174599009,0.2194203761007803,0.015869
2025-08-14T09:34:42.006770,0.003906,0.089844,1.011719,-1,5.074705555245902,0.2203368375941571,0.015869
2025-08-14T09:34:42.483770,0.003906,0.09375,1.015625,-1,5.273857174599009,0.2194203761007803,0.015869
2025-08-14T09:34:43.056489,0.003906,0.09375,1.015625,-1,5.273857174599009,0.2194203761007803,0.015869
2025-08-14T09:34:43.539489,0.007812,0.09375,1.023438,-1,5.233707484628725,0.4355123352218989,0.015869
2025-08-14T09:34:44.014816,0.003906,0.089844,1.007812,-1,5.094275129610872,0.2211842903210142,0.015869
2025-08-14T09:34:44.495439,0.011719,0.085938,1.015625,-1,4.836291034091546,0.658736103188308,0.01709
2025-08-14T09:34:44.959934,0.003906,0.085938,1.007812,-1,4.873890619806268,0.2212584978981514,0.015869
2025-08-14T09:34:45.419891,0.003906,0.089844,1.019531,-1,5.036022696165984,0.218661616199015,0.015869
2025-08-14T09:34:45.899894,0.007812,0.09375,1.015625,-1,5.273740831474121,0.4388343163968418,0.015869
2025-08-14T09:34:46.566188,0.003906,0.089844,1.011719,-1,5.074705555245902,0.2203368375941571,0.015869
2025-08-14T09:34:47.041193,0.007812,0.089844,1.015625,-1,5.0551787468593545,0.43898564371507,0.015869
2025-08-14T09:34:47.504724,0.007812,0.09375,1.011719,-1,5.293984787405834,0.4405140860682329,0.01709
2025-08-14T09:34:47.978196,0.003906,0.09375,1.007812,-1,5.314508605002041,0.2211068645152699,0.015869
2025-08-14T09:34:48.496638,0.003906,0.09375,1.011719,-1,5.2941024755146735,0.2202602980309219,0.015869
2025-08-14T09:34:49.077340,0.003906,0.089844,1.015625,-1,5.055290319574003,0.2194960430900527,0.015869
2025-08-14T09:34:49.538043,0.003906,0.097656,1.015625,-1,5.492270213166848,0.219341572710269,0.01709
2025-08-14T09:34:50.009505,0.011719,0.089844,1.015625,-1,5.054992751627201,0.6585185479807234,0.015869
2025-08-14T09:34:50.470504,0.003906,0.09375,1.023438,-1,5.233821198234859,0.2177593129857423,0.015869
2025-08-14T09:34:50.934474,0.007812,0.09375,1.011719,-1,5.293984787405834,0.4405140860682329,0.015869
2025-08-14T09:34:51.398472,0.003906,0.09375,1.011719,-1,5.2941024755146735,0.2202602980309219,0.015869
2025-08-14T09:34:51.853772,0.003906,0.09375,1.007812,-1,5.314508605002041,0.2211068645152699,0.015869
2025-08-14T09:34:52.423952,0.003906,0.09375,1.015625,-1,5.273857174599009,0.2194203761007803,0.015869
2025-08-14T09:34:52.888951,0.003906,0.09375,1.007812,-1,5.314508605002041,0.2211068645152699,0.015869
2025-08-14T09:34:53.452883,0.003906,0.089844,1.011719,-1,5.074705555245902,0.2203368375941571,0.015869
2025-08-14T09:34:53.913883,0.007812,0.09375,1.015625,-1,5.273740831474121,0.4388343163968418,0.015869
2025-08-14T09:34:54.392917,0.007812,0.09375,1.007812,-1,5.314389550775362,0.4422071436864255,0.015869
2025-08-14T09:34:54.865897,0.007812,0.09375,1.015625,-1,5.273740831474121,0.4388343163968418,0.015869
2025-08-14T09:34:55.449180,0.007812,0.089844,1.007812,-1,5.094160955742287,0.4423619883775861,0.015869
2025-08-14T09:34:56.033982,0.011719,0.09375,1.003906,-1,5.334745692681223,0.6659093195822811,0.015869
2025-08-14T09:34:56.508206,0.011719,0.09375,1.019531,-1,5.253458932974111,0.6557909307022759,0.015869
2025-08-14T09:34:56.989204,0.007812,0.089844,1.011719,-1,5.074592692098445,0.4406671584058894,0.015869
2025-08-14T09:34:57.467204,0.011719,0.097656,1.011719,-1,5.513017092694571,0.6605721116934785,0.015869
2025-08-14T09:34:57.950204,0.003906,0.09375,1.011719,-1,5.2941024755146735,0.2202602980309219,0.015869
2025-08-14T09:34:58.417288,0.011719,0.09375,1.019531,-1,5.253458932974111,0.6557909307022759,0.015869
2025-08-14T09:34:58.907291,0.007812,0.097656,1.011719,-1,5.513221308524798,0.4403546701592543,0.015869
2025-08-14T09:34:59.392536,0.011719,0.09375,1.015625,-1,5.273546883809885,0.6582915542876178,0.015869
2025-08-14T09:34:59.861546,0.007812,0.089844,1.015625,-1,5.0551787468593545,0.43898564371507,0.015869
2025-08-14T09:35:00.332547,0.007812,0.09375,1.015625,-1,5.273740831474121,0.4388343163968418,0.015869
2025-08-14T09:35:00.803286,-0.003906,0.09375,1.019531,-1,5.253765691153519,-0.2185868085970974,0.015869
2025-08-14T09:35:01.269285,0.007812,0.09375,1.015625,-1,5.273740831474121,0.4388343163968418,0.015869
2025-08-14T09:35:01.849845,0.003906,0.09375,1.007812,-1,5.314508605002041,0.2211068645152699,0.015869
2025-08-14T09:35:02.323846,0.003906,0.089844,1.015625,-1,5.055290319574003,0.2194960430900527,0.015869
2025-08-14T09:35:02.895802,0.003906,0.085938,1.015625,-1,4.8365758532668846,0.219568563822405,0.015869
2025-08-14T09:35:03.489803,0.007812,0.089844,1.015625,-1,5.0551787468593545,0.43898564371507,0.015869
2025-08-14T09:35:03.969846,0.003906,0.09375,1.015625,-1,5.273857174599009,0.2194203761007803,0.015869
2025-08-14T09:35:04.482846,0.007812,0.09375,1.011719,-1,5.293984787405834,0.4405140860682329,0.015869
2025-08-14T09:35:04.966866,-0.003906,0.089844,1.011719,-1,5.074705555245902,-0.2203368375941571,0.015869
2025-08-14T09:35:05.490335,0.007812,0.089844,1.023438,-1,5.016787085495527,0.4356602506868526,0.015869
2025-08-14T09:35:06.099333,0.003906,0.089844,1.011719,-1,5.074705555245902,0.2203368375941571,0.015869
2025-08-14T09:35:06.595334,0.007812,0.089844,1.015625,-1,5.0551787468593545,0.43898564371507,0.015869
2025-08-14T09:35:07.083843,0.003906,0.089844,1.015625,-1,5.055290319574003,0.2194960430900527,0.015869
2025-08-14T09:35:07.566137,0.007812,0.09375,1.011719,-1,5.293984787405834,0.4405140860682329,0.015869
2025-08-14T09:35:08.043160,0.003906,0.089844,1.011719,-1,5.074705555245902,0.2203368375941571,0.015869
2025-08-14T09:35:08.519462,0.007812,0.09375,1.011719,-1,5.293984787405834,0.4405140860682329,0.015869
2025-08-14T09:35:09.013463,0.007812,0.085938,1.011719,-1,4.855051297116398,0.4408138670841549,0.015869
2025-08-14T09:35:09.903110,0.007812,0.09375,1.019531,-1,5.253650672624266,0.4371672544577104,0.015869
2025-08-14T09:35:10.376948,0.003906,0.085938,1.011719,-1,4.855159325392881,0.2204101951887956,0.015869
2025-08-14T09:35:11.070922,0.007812,0.09375,1.015625,-1,5.273740831474121,0.4388343163968418,0.015869
2025-08-14T09:35:11.549461,0.003906,0.097656,1.015625,-1,5.492270213166848,0.219341572710269,0.015869
2025-08-14T09:35:12.030481,0.011719,0.089844,1.011719,-1,5.074404545801972,0.6610408494201002,0.015869
2025-08-14T09:35:12.620481,0.003906,0.09375,1.015625,-1,5.273857174599009,0.2194203761007803,0.015869
2025-08-14T09:35:13.122480,0.003906,0.09375,1.007812,-1,5.314508605002041,0.2211068645152699,0.015869
2025-08-14T09:35:13.591479,0.003906,0.089844,1.011719,-1,5.074705555245902,0.2203368375941571,0.015869
2025-08-14T09:35:14.277497,0.007812,0.09375,1.007812,-1,5.314389550775362,0.4422071436864255,0.015869
2025-08-14T09:35:14.745498,0.003906,0.09375,1.011719,-1,5.2941024755146735,0.2202602980309219,0.015869
2025-08-14T09:35:15.229248,0.015625,0.089844,1.015625,-1,5.054732453712079,0.8779759361813543,0.015869
2025-08-14T09:35:15.702308,0.003906,0.089844,1.011719,-1,5.074705555245902,0.2203368375941571,0.015869
2025-08-14T09:35:16.186445,0.003906,0.09375,1.011719,-1,5.2941024755146735,0.2202602980309219,0.015869
2025-08-14T09:35:16.647967,0.007812,0.089844,1.019531,-1,5.035912394311636,0.4373168631268229,0.015869
2025-08-14T09:35:17.128154,0.007812,0.089844,1.015625,-1,5.0551787468593545,0.43898564371507,0.015869
2025-08-14T09:35:17.622157,0.003906,0.085938,1.007812,-1,4.873890619806268,0.2212584978981514,0.015869
2025-08-14T09:35:18.200166,0.003906,0.09375,1.003906,-1,5.335066912703126,0.2219597159359737,0.015869
2025-08-14T09:35:18.671166,0.003906,0.09375,1.007812,-1,5.314508605002041,0.2211068645152699,0.015869
2025-08-14T09:35:19.147235,0.007812,0.09375,1.015625,-1,5.273740831474121,0.4388343163968418,0.015869
2025-08-14T09:35:19.615236,0.007812,0.09375,1.019531,-1,5.253650672624266,0.4371672544577104,0.015869
2025-08-14T09:35:20.089663,0.015625,0.085938,1.015625,-1,4.836041888197536,0.8782659737988096,0.015869
2025-08-14T09:35:20.561662,0.003906,0.09375,1.019531,-1,5.253765691153519,0.2185868085970974,0.015869
2025-08-14T09:35:21.035664,0.007812,0.089844,1.015625,-1,5.0551787468593545,0.43898564371507,0.015869
2025-08-14T09:35:21.527663,0.007812,0.09375,1.019531,-1,5.253650672624266,0.4371672544577104,0.015869
2025-08-14T09:35:21.995663,0.003906,0.085938,1.011719,-1,4.855159325392881,0.2204101951887956,0.015869
2025-08-14T09:35:22.484890,0.007812,0.089844,1.007812,-1,5.094160955742287,0.4423619883775861,0.015869
2025-08-14T09:35:23.062933,0.007812,0.09375,1.015625,-1,5.273740831474121,0.4388343163968418,0.015869
2025-08-14T09:35:23.529615,0.003906,0.09375,1.011719,-1,5.2941024755146735,0.2202602980309219,0.015869
2025-08-14T09:35:24.074687,0.003906,0.097656,1.003906,-1,5.55598387270651,0.221878145821251,0.015869
2025-08-14T09:35:24.557688,0.007812,0.09375,1.011719,-1,5.293984787405834,0.4405140860682329,0.015869
2025-08-14T09:35:25.033687,0.003906,0.09375,1.007812,-1,5.314508605002041,0.2211068645152699,0.015869
2025-08-14T09:35:25.543686,0.003906,0.085938,1.011719,-1,4.855159325392881,0.2204101951887956,0.015869
2025-08-14T09:35:26.147204,0.007812,0.089844,1.011719,-1,5.074592692098445,0.4406671584058894,0.015869
2025-08-14T09:35:26.614204,0.007812,0.09375,1.015625,-1,5.273740831474121,0.4388343163968418,0.015869
2025-08-14T09:35:27.198643,0.003906,0.089844,1.011719,-1,5.074705555245902,0.2203368375941571,0.015869
2025-08-14T09:35:27.674708,0.003906,0.089844,1.007812,-1,5.094275129610872,0.2211842903210142,0.015869
2025-08-14T09:35:28.163708,0.007812,0.09375,1.011719,-1,5.293984787405834,0.4405140860682329,0.015869
2025-08-14T09:35:28.630482,0.003906,0.09375,1.023438,-1,5.233821198234859,0.2177593129857423,0.015869
2025-08-14T09:35:29.099482,0.007812,0.097656,1.011719,-1,5.513221308524798,0.4403546701592543,0.015869
2025-08-14T09:35:29.613482,0.003906,0.089844,1.011719,-1,5.074705555245902,0.2203368375941571,0.015869
2025-08-14T09:35:30.097482,0.003906,0.085938,1.011719,-1,4.855159325392881,0.2204101951887956,0.015869
2025-08-14T09:35:30.673417,0.003906,0.082031,1.007812,-1,4.6533049708356895,0.2213294951737329,0.015869
2025-08-14T09:35:31.185451,0.011719,0.089844,1.011719,-1,5.074404545801972,0.6610408494201002,0.015869
2025-08-14T09:35:31.679032,0.003906,0.085938,1.011719,-1,4.855159325392881,0.2204101951887956,0.015869
2025-08-14T09:35:32.171994,0.003906,0.089844,1.015625,-1,5.055290319574003,0.2194960430900527,0.015869
2025-08-14T09:35:32.659288,0.003906,0.089844,1.015625,-1,5.055290319574003,0.2194960430900527,0.015869
2025-08-14T09:35:33.142251,0.003906,0.089844,1.015625,-1,5.055290319574003,0.2194960430900527,0.015869
2025-08-14T09:35:33.638247,0.003906,0.09375,1.015625,-1,5.273857174599009,0.2194203761007803,0.015869
2025-08-14T09:35:34.111248,0.007812,0.089844,1.011719,-1,5.074592692098445,0.4406671584058894,0.015869
2025-08-14T09:35:34.614273,0.007812,0.09375,1.015625,-1,5.273740831474121,0.4388343163968418,0.015869
2025-08-14T09:35:35.154273,0.007812,0.089844,1.011719,-1,5.074592692098445,0.4406671584058894,0.015869
2025-08-14T09:35:35.634223,0.003906,0.09375,1.007812,-1,5.314508605002041,0.2211068645152699,0.015869
2025-08-14T09:35:36.106223,0.007812,0.09375,1.023438,-1,5.233707484628725,0.4355123352218989,0.015869
2025-08-14T09:35:36.679222,0.003906,0.097656,1.011719,-1,5.513343811278554,0.2201805865438625,0.015869
2025-08-14T09:35:37.182197,0.007812,0.089844,1.015625,-1,5.0551787468593545,0.43898564371507,0.015869
2025-08-14T09:35:37.662197,0.003906,0.09375,1.019531,-1,5.253765691153519,0.2185868085970974,0.015869
2025-08-14T09:35:38.146353,0.003906,0.097656,1.007812,-1,5.53458470025606,0.2210262307191928,0.015869
2025-08-14T09:35:38.629353,0.003906,0.09375,1.007812,-1,5.314508605002041,0.2211068645152699,0.015869
2025-08-14T09:35:39.098381,0.003906,0.089844,1.015625,-1,5.055290319574003,0.2194960430900527,0.015869
2025-08-14T09:35:39.735382,0.007812,0.09375,1.011719,-1,5.293984787405834,0.4405140860682329,0.015869
2025-08-14T09:35:40.259407,0.007812,0.089844,1.011719,-1,5.074592692098445,0.4406671584058894,0.015869
2025-08-14T09:35:40.738479,0.003906,0.101562,1.019531,-1,5.688789345726357,0.2184278992357927,0.015869
2025-08-14T09:35:41.538182,0.003906,0.089844,1.015625,-1,5.055290319574003,0.2194960430900527,0.015869
2025-08-14T09:35:42.025192,0.003906,0.09375,1.011719,-1,5.2941024755146735,0.2202602980309219,0.015869
2025-08-14T09:35:42.500176,0.003906,0.089844,1.019531,-1,5.036022696165984,0.218661616199015,0.015869
2025-08-14T09:35:42.967921,0.003906,0.09375,1.011719,-1,5.2941024755146735,0.2202602980309219,0.015869
2025-08-14T09:35:43.461924,0.007812,0.085938,1.011719,-1,4.855051297116398,0.4408138670841549,0.015869
2025-08-14T09:35:43.946974,0.007812,0.09375,1.011719,-1,5.293984787405834,0.4405140860682329,0.015869
2025-08-14T09:35:44.440974,0.003906,0.09375,1.011719,-1,5.2941024755146735,0.2202602980309219,0.015869
2025-08-14T09:35:44.940974,0.003906,0.09375,1.011719,-1,5.2941024755146735,0.2202602980309219,0.015869
2025-08-14T09:35:45.426973,0.003906,0.089844,1.011719,-1,5.074705555245902,0.2203368375941571,0.015869
2025-08-14T09:35:45.984978,0.007812,0.089844,1.007812,-1,5.094160955742287,0.4423619883775861,0.015869
2025-08-14T09:35:46.597974,0.007812,0.089844,1.015625,-1,5.0551787468593545,0.43898564371507,0.015869
2025-08-14T09:35:47.075981,0.003906,0.09375,1.007812,-1,5.314508605002041,0.2211068645152699,0.015869
2025-08-14T09:35:47.656002,-0.003906,0.085938,1.011719,-1,4.855159325392881,-0.2204101951887956,0.015869
2025-08-14T09:35:48.242003,0.003906,0.09375,1.007812,-1,5.314508605002041,0.2211068645152699,0.015869
2025-08-14T09:35:48.813893,0.003906,0.09375,1.011719,-1,5.2941024755146735,0.2202602980309219,0.015869
2025-08-14T09:35:49.301206,0.003906,0.097656,1.015625,-1,5.492270213166848,0.219341572710269,0.015869
2025-08-14T09:35:49.780205,0.003906,0.09375,1.023438,-1,5.233821198234859,0.2177593129857423,0.015869
2025-08-14T09:35:50.279248,0.03125,0.082031,1.015625,-1,4.615523058523818,1.7566739955538884,0.015869
2025-08-14T09:35:51.004250,0.011719,0.09375,1.003906,-1,5.334745692681223,0.6659093195822811,0.015869
2025-08-14T09:35:51.487422,0.007812,0.089844,1.011719,-1,5.074592692098445,0.4406671584058894,0.01709
2025-08-14T09:35:51.960482,0.003906,0.089844,1.011719,-1,5.074705555245902,0.2203368375941571,0.015869
2025-08-14T09:35:52.817483,0.007812,0.09375,1.007812,-1,5.314389550775362,0.4422071436864255,0.015869
2025-08-14T09:35:53.308481,0.011719,0.085938,1.019531,-1,4.8178521889353,0.656230429380315,0.015869
2025-08-14T09:35:53.878432,0.003906,0.089844,1.015625,-1,5.055290319574003,0.2194960430900527,0.015869
2025-08-14T09:35:54.364432,0.007812,0.089844,1.015625,-1,5.0551787468593545,0.43898564371507,0.015869
2025-08-14T09:35:55.032432,0.007812,0.089844,1.019531,-1,5.035912394311636,0.4373168631268229,0.015869
2025-08-14T09:35:55.521435,0.007812,0.089844,1.007812,-1,5.094160955742287,0.4423619883775861,0.01709
2025-08-14T09:35:56.179431,0.007812,0.089844,1.023438,-1,5.016787085495527,0.4356602506868526,0.015869
2025-08-14T09:35:56.673432,0.003906,0.089844,1.019531,-1,5.036022696165984,0.218661616199015,0.015869
2025-08-14T09:35:57.151555,0.007812,0.09375,1.023438,-1,5.233707484628725,0.4355123352218989,0.015869
2025-08-14T09:35:57.661566,0.007812,0.089844,1.015625,-1,5.0551787468593545,0.43898564371507,0.015869
2025-08-14T09:35:58.154559,0.007812,0.09375,1.015625,-1,5.273740831474121,0.4388343163968418,0.015869
2025-08-14T09:35:58.631371,0.003906,0.085938,1.011719,-1,4.855159325392881,0.2204101951887956,0.015869
2025-08-14T09:35:59.512748,0.003906,0.09375,1.019531,-1,5.253765691153519,0.2185868085970974,0.015869
2025-08-14T09:36:00.021748,0.003906,0.097656,1.011719,-1,5.513343811278554,0.2201805865438625,0.015869
2025-08-14T09:36:00.715752,0.003906,0.089844,1.015625,-1,5.055290319574003,0.2194960430900527,0.015869
2025-08-14T09:36:01.409750,0.007812,0.09375,1.015625,-1,5.273740831474121,0.4388343163968418,0.015869
2025-08-14T09:36:02.007217,0.007812,0.089844,1.015625,-1,5.0551787468593545,0.43898564371507,0.015869
2025-08-14T09:36:03.277217,0.003906,0.085938,1.011719,-1,4.855159325392881,0.2204101951887956,0.015869
2025-08-14T09:36:03.753217,0.003906,0.09375,1.015625,-1,5.273857174599009,0.2194203761007803,0.015869
2025-08-14T09:36:04.250218,0.003906,0.089844,1.011719,-1,5.074705555245902,0.2203368375941571,0.015869
2025-08-14T09:36:04.730217,0.003906,0.089844,1.011719,-1,5.074705555245902,0.2203368375941571,0.015869
2025-08-14T09:36:05.210898,0.003906,0.085938,1.007812,-1,4.873890619806268,0.2212584978981514,0.015869
2025-08-14T09:36:05.675897,0.003906,0.082031,1.007812,-1,4.6533049708356895,0.2213294951737329,0.015869
2025-08-14T09:36:06.241529,0.003906,0.097656,1.011719,-1,5.513343811278554,0.2201805865438625,0.015869
2025-08-14T09:36:06.805641,0.007812,0.09375,1.015625,-1,5.273740831474121,0.4388343163968418,0.015869
2025-08-14T09:36:07.272428,0.011719,0.09375,1.019531,-1,5.253458932974111,0.6557909307022759,0.015869
2025-08-14T09:36:07.751427,0.011719,0.089844,1.015625,-1,5.054992751627201,0.6585185479807234,0.015869
2025-08-14T09:36:08.319349,0.003906,0.097656,1.015625,-1,5.492270213166848,0.219341572710269,0.015869
2025-08-14T09:36:08.929350,0.003906,0.097656,1.027344,-1,5.429996929786256,0.2168620822534611,0.015869
2025-08-14T09:36:09.505356,0.003906,0.09375,1.011719,-1,5.2941024755146735,0.2202602980309219,0.015869
2025-08-14T09:36:10.093357,0.003906,0.097656,1.003906,-1,5.55598387270651,0.221878145821251,0.015869
2025-08-14T09:36:10.563357,0.003906,0.089844,1.019531,-1,5.036022696165984,0.218661616199015,0.015869
2025-08-14T09:36:11.027357,0.011719,0.089844,1.015625,-1,5.054992751627201,0.6585185479807234,0.015869
2025-08-14T09:36:11.481749,0.007812,0.097656,1.003906,-1,5.55585850565658,0.4437496371446486,0.015869
2025-08-14T09:36:12.055804,0.007812,0.089844,1.011719,-1,5.074592692098445,0.4406671584058894,0.015869
2025-08-14T09:36:12.506569,0.011719,0.09375,1.019531,-1,5.253458932974111,0.6557909307022759,0.015869
2025-08-14T09:36:12.986713,0.007812,0.089844,1.015625,-1,5.0551787468593545,0.43898564371507,0.015869
2025-08-14T09:36:13.455713,0.003906,0.089844,1.015625,-1,5.055290319574003,0.2194960430900527,0.015869
2025-08-14T09:36:13.910252,-0.003906,0.097656,1.003906,-1,5.55598387270651,-0.221878145821251,0.015869
2025-08-14T09:36:14.370372,0.003906,0.09375,1.019531,-1,5.253765691153519,0.2185868085970974,0.015869
2025-08-14T09:36:14.824570,0.007812,0.089844,1.015625,-1,5.0551787468593545,0.43898564371507,0.015869
2025-08-14T09:36:15.490253,0.007812,0.09375,1.011719,-1,5.293984787405834,0.4405140860682329,0.015869
2025-08-14T09:36:15.950508,0.003906,0.09375,1.011719,-1,5.2941024755146735,0.2202602980309219,0.015869
2025-08-14T09:36:16.405475,0.003906,0.09375,1.011719,-1,5.2941024755146735,0.2202602980309219,0.015869
2025-08-14T09:36:16.869481,0.003906,0.09375,1.023438,-1,5.233821198234859,0.2177593129857423,0.015869
2025-08-14T09:36:17.328254,0.003906,0.089844,1.007812,-1,5.094275129610872,0.2211842903210142,0.015869
2025-08-14T09:36:17.830252,0.003906,0.09375,1.011719,-1,5.2941024755146735,0.2202602980309219,0.015869
2025-08-14T09:36:18.307252,0.003906,0.09375,1.011719,-1,5.2941024755146735,0.2202602980309219,0.015869
2025-08-14T09:36:18.776251,0.007812,0.089844,1.011719,-1,5.074592692098445,0.4406671584058894,0.015869
2025-08-14T09:36:19.366253,0.003906,0.089844,1.015625,-1,5.055290319574003,0.2194960430900527,0.015869
2025-08-14T09:36:20.104737,0.007812,0.09375,1.015625,-1,5.273740831474121,0.4388343163968418,0.015869
2025-08-14T09:36:20.680929,0.003906,0.09375,1.011719,-1,5.2941024755146735,0.2202602980309219,0.015869
2025-08-14T09:36:21.157261,0.007812,0.09375,1.011719,-1,5.293984787405834,0.4405140860682329,0.01709
2025-08-14T09:36:21.621259,0.003906,0.085938,1.011719,-1,4.855159325392881,0.2204101951887956,0.015869
2025-08-14T09:36:22.188829,0.003906,0.089844,1.011719,-1,5.074705555245902,0.2203368375941571,0.015869
2025-08-14T09:36:22.656101,0.003906,0.097656,1.019531,-1,5.471356611118988,0.2185088995917032,0.015869
2025-08-14T09:36:23.329723,0.011719,0.09375,1.011719,-1,5.293788597744054,0.6608112382957926,0.015869
2025-08-14T09:36:23.899198,0.003906,0.089844,1.011719,-1,5.074705555245902,0.2203368375941571,0.015869
2025-08-14T09:36:24.463504,0.003906,0.089844,1.015625,-1,5.055290319574003,0.2194960430900527,0.015869
2025-08-14T09:36:24.924505,0.003906,0.089844,1.007812,-1,5.094275129610872,0.2211842903210142,0.015869
2025-08-14T09:36:25.392116,0.011719,0.09375,1.011719,-1,5.293788597744054,0.6608112382957926,0.015869
2025-08-14T09:36:25.856546,0.003906,0.09375,1.007812,-1,5.314508605002041,0.2211068645152699,0.015869
2025-08-14T09:36:26.318080,0.003906,0.09375,1.011719,-1,5.2941024755146735,0.2202602980309219,0.015869
2025-08-14T09:36:26.807080,0.007812,0.09375,1.015625,-1,5.273740831474121,0.4388343163968418,0.015869
2025-08-14T09:36:27.286079,0.003906,0.085938,1.011719,-1,4.855159325392881,0.2204101951887956,0.015869
2025-08-14T09:36:27.754082,0.007812,0.09375,1.019531,-1,5.253650672624266,0.4371672544577104,0.015869
2025-08-14T09:36:28.339082,0.003906,0.089844,1.015625,-1,5.055290319574003,0.2194960430900527,0.015869
2025-08-14T09:36:28.808081,0.007812,0.089844,1.019531,-1,5.035912394311636,0.4373168631268229,0.015869
2025-08-14T09:36:29.291081,0.007812,0.085938,1.015625,-1,4.836469060684925,0.4391306787920853,0.015869
2025-08-14T09:36:29.770533,0.003906,0.09375,1.019531,-1,5.253765691153519,0.2185868085970974,0.015869
2025-08-14T09:36:30.254537,0.007812,0.089844,1.007812,-1,5.094160955742287,0.4423619883775861,0.015869
2025-08-14T09:36:30.843345,0.007812,0.089844,1.023438,-1,5.016787085495527,0.4356602506868526,0.015869
2025-08-14T09:36:31.557348,0.003906,0.089844,1.023438,-1,5.016896135374861,0.2178332739241818,0.015869
2025-08-14T09:36:32.044345,0.003906,0.09375,1.007812,-1,5.314508605002041,0.2211068645152699,0.015869
2025-08-14T09:36:33.117345,0.007812,0.089844,1.015625,-1,5.0551787468593545,0.43898564371507,0.015869
2025-08-14T09:36:33.577910,0.007812,0.09375,1.011719,-1,5.293984787405834,0.4405140860682329,0.015869
2025-08-14T09:36:34.071910,0.003906,0.09375,1.019531,-1,5.253765691153519,0.2185868085970974,0.01709
2025-08-14T09:36:34.641295,0.003906,0.089844,1.019531,-1,5.036022696165984,0.218661616199015,0.015869
2025-08-14T09:36:35.121329,0.003906,0.097656,1.007812,-1,5.53458470025606,0.2210262307191928,0.015869
2025-08-14T09:36:35.585356,0.003906,0.09375,1.019531,-1,5.253765691153519,0.2185868085970974,0.015869
2025-08-14T09:36:36.164215,0.007812,0.09375,1.011719,-1,5.293984787405834,0.4405140860682329,0.015869
2025-08-14T09:36:36.726219,0.003906,0.09375,1.007812,-1,5.314508605002041,0.2211068645152699,0.015869
2025-08-14T09:36:37.299219,0.007812,0.089844,1.007812,-1,5.094160955742287,0.4423619883775861,0.015869
2025-08-14T09:36:37.982243,0.003906,0.09375,1.011719,-1,5.2941024755146735,0.2202602980309219,0.015869
2025-08-14T09:36:38.563245,0.003906,0.085938,1.015625,-1,4.8365758532668846,0.219568563822405,0.015869
2025-08-14T09:36:39.037243,0.007812,0.089844,1.011719,-1,5.074592692098445,0.4406671584058894,0.015869
2025-08-14T09:36:39.506243,0.007812,0.09375,1.007812,-1,5.314389550775362,0.4422071436864255,0.015869
2025-08-14T09:36:40.084252,0.011719,0.09375,1.011719,-1,5.293788597744054,0.6608112382957926,0.015869
2025-08-14T09:36:40.581269,0.007812,0.085938,1.007812,-1,4.873781336396888,0.4425103968946299,0.015869
2025-08-14T09:36:41.076286,0.003906,0.09375,1.019531,-1,5.253765691153519,0.2185868085970974,0.015869
2025-08-14T09:36:41.550413,0.011719,0.089844,1.011719,-1,5.074404545801972,0.6610408494201002,0.015869
2025-08-14T09:36:42.032414,0.011719,0.097656,1.007812,-1,5.534254191122398,0.6631089598021543,0.015869
2025-08-14T09:36:42.510415,0.011719,0.09375,1.015625,-1,5.273546883809885,0.6582915542876178,0.015869
2025-08-14T09:36:43.008435,0.007812,0.089844,1.007812,-1,5.094160955742287,0.4423619883775861,0.015869
2025-08-14T09:36:43.703435,0.003906,0.09375,1.011719,-1,5.2941024755146735,0.2202602980309219,0.015869
2025-08-14T09:36:44.174221,0.007812,0.089844,1.019531,-1,5.035912394311636,0.4373168631268229,0.015869
2025-08-14T09:36:44.651221,0.003906,0.085938,1.015625,-1,4.8365758532668846,0.219568563822405,0.015869
2025-08-14T09:36:45.240222,0.007812,0.09375,1.015625,-1,5.273740831474121,0.4388343163968418,0.015869
2025-08-14T09:36:45.700221,0.007812,0.09375,1.015625,-1,5.273740831474121,0.4388343163968418,0.015869
2025-08-14T09:36:46.264422,0.003906,0.089844,1.007812,-1,5.094275129610872,0.2211842903210142,0.015869
2025-08-14T09:36:47.040441,0.007812,0.085938,1.019531,-1,4.818028186966343,0.437460249914878,0.015869
2025-08-14T09:36:47.510439,0.003906,0.097656,1.011719,-1,5.513343811278554,0.2201805865438625,0.015869
2025-08-14T09:36:48.228440,0.003906,0.085938,1.015625,-1,4.8365758532668846,0.219568563822405,0.015869
2025-08-14T09:36:48.697439,0.003906,0.09375,1.011719,-1,5.2941024755146735,0.2202602980309219,0.015869
2025-08-14T09:36:49.172216,0.003906,0.09375,1.019531,-1,5.253765691153519,0.2185868085970974,0.015869
2025-08-14T09:36:49.744215,0.007812,0.089844,1.015625,-1,5.0551787468593545,0.43898564371507,0.015869
2025-08-14T09:36:50.231216,0.007812,0.09375,1.019531,-1,5.253650672624266,0.4371672544577104,0.015869
2025-08-14T09:36:50.698762,0.007812,0.089844,1.015625,-1,5.0551787468593545,0.43898564371507,0.015869
2025-08-14T09:36:51.275196,0.003906,0.085938,1.015625,-1,4.8365758532668846,0.219568563822405,0.015869
2025-08-14T09:36:51.743470,0.007812,0.097656,1.019531,-1,5.471236885846391,0.4370114432478109,0.015869
2025-08-14T09:36:52.210477,0.007812,0.09375,1.011719,-1,5.293984787405834,0.4405140860682329,0.015869
2025-08-14T09:36:52.679474,0.003906,0.089844,1.003906,-1,5.113990749744391,0.2220380414583726,0.015869
2025-08-14T09:36:53.152474,0.007812,0.097656,1.019531,-1,5.471236885846391,0.4370114432478109,0.015869
2025-08-14T09:36:53.739974,0.003906,0.085938,1.015625,-1,4.8365758532668846,0.219568563822405,0.015869
2025-08-14T09:36:54.212974,0.007812,0.09375,1.015625,-1,5.273740831474121,0.4388343163968418,0.015869
2025-08-14T09:36:54.671974,0.003906,0.089844,1.011719,-1,5.074705555245902,0.2203368375941571,0.015869
2025-08-14T09:36:55.161974,0.007812,0.089844,1.019531,-1,5.0359123943116355,0.4373168631268229,0.015869
